<?xml version="1.0" encoding="UTF-8"?>
<window>
	<defaultcontrol always="true">111</defaultcontrol>

	<!-- Skin Specific Stuff -->
    <include file="OzWeatherTweaks-estouchy.xml" />

    <!-- All Skins    -->
    <include file="OzWeatherSnippets.xml" />
    <include file="OzWeatherRadar.xml" />
    <include file="OzWeatherButtons.xml" />
    <include file="OzWeatherObservations.xml" />
    <include file="OzWeatherForecast.xml" />

	<controls>

		<include>CommonBackground</include>
		<!-- <include>Header</include> -->
		<include>CommonNowPlaying</include>
		<include>Footer</include>
		<control type="label">
			<description>Window label</description>
			<include>MediaWindowTitleCommons</include>
			<label>$LOCALIZE[8]</label>
		</control>

       <!-- GROUP OF TWO MAIN CONTENT PANELS, LEFT AND RIGHT -->
		<control type="group">
			<posx>MasterXOffset</posx>
			<posy>MasterYOffset</posy>

			<animation type="WindowOpen" reversible="false">
				<effect type="zoom" start="80" end="100" center="640,360" easing="out" tween="back" time="300" />
				<effect type="fade" start="0" end="100" time="300" />
			</animation>
			<animation type="WindowClose" reversible="false">
				<effect type="zoom" start="100" end="80" center="640,360" easing="in" tween="back" time="300" />
				<effect type="fade" start="100" end="0" time="300" />
			</animation>

			<!--  LEFT PANEL GROUP  -->
			<control type="group">
				<description>Left Panel - The Radar Loop, Buttons, and OzWeather Version Tag</description>
				<posx>3%</posx>
				<posy>5%</posy>

				<include content="OzWeatherHeader">
					<description>Radar Panel Header - ID and Time Range</description>
					<param name="posx">2%</param>
					<param name="posy">3%</param>
					<param name="label">Radar ($INFO[Window(weather).Property(Radar)]), [COLOR _colour_text_dim_]from [COLOR]$INFO[Window(weather).Property(RadarOldest)] [COLOR _colour_text_dim_]to [/COLOR]$INFO[Window(weather).Property(RadarNewest)]</param>
				</include>

				<include content="RadarBackgrounds" />
				<include content="RadarLoop" />
				<include content="OzWeatherButtons" />
				<include content="OzWeatherTag" />

			</control> <!--  END LEFT PANEL GROUP -->

			<!-- RIGHT PANEL GROUP  -->
			<control type="group">
                <description>Right Panel - Current Observations, Extended Forecast Text, Forecast Rows</description>
				<posx>46%</posx>
				<posy>5%</posy>

                <include content="OzWeatherHeader">
					<description>Location Panel Header - Name and Observed At Time</description>
					<param name="posx">3%</param>
					<param name="posy">3%</param>
					<param name="label">$INFO[Window(weather).Property(Location)], [COLOR _colour_text_dim_]observed at[/COLOR] $INFO[Window(weather).Property(ObservationsUpdated)]</param>
				</include>

				<include content="Observations" />
				<include content="ExtendedForecast" />
				<include content="ForecastRows" />

            </control> <!--  END RIGHT PANEL GROUP -->

        </control> <!--END GROUP for Left & Right Panels -->


		<control type="panel" id="9002">
			<include>VisibleFadeEffect</include>
			<include>BottomMenuLayout</include>
			<content>
				<item>
					<label>31200</label>
					<onclick>ParentDir</onclick>
					<icon>icon_button_back.png</icon>				
				</item>
			</content>
		</control>
	</controls>
</window>
