<?xml version="1.0" encoding="UTF-8"?>
<window id="1102" type="dialog">
	<defaultcontrol always="true">11100</defaultcontrol>
	<include>dialogeffect</include>
	<onunload>ClearProperty(optionsdialog_header,Home)</onunload>
	<onunload>ClearProperty(optionsdialog_content,Home)</onunload>
	<coordinates>
		<left>510</left>
		<top>213</top>
	</coordinates>
	<controls>
		<control type="group">
			<visible>![Window.IsActive(DialogSelect.xml) | Window.IsActive(DialogSettings.xml)]</visible>
			<control type="group">
				<visible>String.IsEqual(window(home).Property(optionsdialog_content),options)</visible>
				<centerleft>50%</centerleft>
				<centertop>50%</centertop>
				<animation effect="fade" time="150">VisibleChange</animation>
				<include content="DialogBackgroundCommons">
					<param name="DialogBackgroundWidth" value="900"/>
					<param name="DialogBackgroundHeight" value="540"/>
					<param name="DialogHeaderWidth" value="780"/>
					<param name="DialogHeaderLabel" value="$INFO[Window(home).Property(optionsdialog_header)]"/>
					<param name="DialogHeaderId" value="1"/>
					<param name="CloseButtonLeft" value="765"/>
					<param name="CloseButtonNav" value="10"/>
				</include>
				<control type="grouplist" id="11100">
					<animation effect="fade" time="150">VisibleChange</animation>
					<left>53</left>
					<top>105</top>
					<width>795</width>
					<height>402</height>
					<itemgap>6</itemgap>
					<onleft>11100</onleft>
					<onright>11100</onright>
					<onup>11100</onup>
					<ondown>11100</ondown>
					<orientation>vertical</orientation>
					<control type="button" id="10">
						<height>60</height>
						<width>795</width>
						<texturefocus border="5">button-focus2.png</texturefocus>
						<label>13396</label>
						<onclick>ActivateWindow(osdaudiosettings)</onclick>
					</control>
					<control type="button" id="11">
						<height>60</height>
						<width>795</width>
						<texturefocus border="5">button-focus2.png</texturefocus>
						<label>24133</label>
						<onclick>ActivateWindow(osdsubtitlesettings)</onclick>
					</control>
					<control type="button" id="12">
						<height>60</height>
						<width>795</width>
						<texturefocus border="5">button-focus2.png</texturefocus>
						<label>13395</label>
						<onclick>ActivateWindow(osdvideosettings)</onclick>
					</control>
					<control type="button" id="13">
						<height>60</height>
						<width>795</width>
						<texturefocus border="5">button-focus2.png</texturefocus>
						<label>31022</label>
						<label2>[B]$INFO[Player.PlaySpeed][/B]</label2>
						<onclick>Dialog.Close(all)</onclick>
						<onclick>ActivateWindow(1103)</onclick>
						<enable>Player.TempoEnabled</enable>
					</control>
					<control type="button" id="14">
						<height>60</height>
						<width>795</width>
						<label>10116</label>
						<texturefocus border="5">button-focus2.png</texturefocus>
						<onclick>Dialog.Close(all)</onclick>
						<onclick>ActivateWindow(playerprocessinfo)</onclick>
						<onclick>SetFocus(207)</onclick>
					</control>
					<control type="button" id="15">
						<height>60</height>
						<width>795</width>
						<label>36560</label>
						<texturefocus border="5">button-focus2.png</texturefocus>
						<onclick>Dialog.Close(1102)</onclick>
						<onclick>ActivateWindow(osdcmssettings)</onclick>
						<visible>System.HasCMS</visible>
					</control>
				</control>
			</control>
			<control type="group">
				<visible>String.IsEqual(window(home).Property(optionsdialog_content),3d)</visible>
				<centerleft>50%</centerleft>
				<centertop>50%</centertop>
				<animation effect="fade" time="150">VisibleChange</animation>
				<include content="DialogBackgroundCommons">
					<param name="DialogBackgroundWidth" value="900"/>
					<param name="DialogBackgroundHeight" value="330"/>
					<param name="DialogHeaderWidth" value="780"/>
					<param name="DialogHeaderLabel" value="$INFO[Window(home).Property(optionsdialog_header)]"/>
					<param name="DialogHeaderId" value="1"/>
					<param name="CloseButtonLeft" value="765"/>
					<param name="CloseButtonNav" value="10"/>
				</include>
				<control type="grouplist" id="11100">
					<animation effect="fade" time="150">VisibleChange</animation>
					<left>53</left>
					<top>105</top>
					<width>795</width>
					<height>192</height>
					<itemgap>6</itemgap>
					<onleft>11100</onleft>
					<onright>11100</onright>
					<onup>11100</onup>
					<ondown>11100</ondown>
					<orientation>vertical</orientation>
					<control type="radiobutton" id="16">
						<height>60</height>
						<width>795</width>
						<aligny>center</aligny>
						<label>305</label>
						<radioposx>740</radioposx>
						<texturefocus border="5">button-focus2.png</texturefocus>
						<onclick>ToggleStereoMode</onclick>
						<selected>Integer.IsGreater(System.StereoscopicMode,0)</selected>
					</control>
					<control type="button" id="17">
						<height>60</height>
						<width>795</width>
						<aligny>center</aligny>
						<texturefocus border="5">button-focus2.png</texturefocus>
						<label>31361</label>
						<label2>[B]$INFO[VideoPlayer.StereoscopicMode][/B]</label2>
						<onclick>StereoMode</onclick>
					</control>
					<control type="radiobutton" id="18">
						<height>60</height>
						<width>795</width>
						<aligny>center</aligny>
						<label>31360</label>
						<radioposx>740</radioposx>
						<texturefocus border="5">button-focus2.png</texturefocus>
						<onclick>StereoModeToMono</onclick>
						<selected>String.IsEqual(System.StereoscopicMode,9)</selected>
					</control>
				</control>
			</control>
			<control type="group">
				<visible>String.IsEqual(window(home).Property(optionsdialog_content),streamselection)</visible>
				<centerleft>50%</centerleft>
				<centertop>50%</centertop>
				<animation effect="fade" time="150">VisibleChange</animation>
				<include content="DialogBackgroundCommons">
					<param name="DialogBackgroundWidth" value="1000"/>
					<param name="DialogBackgroundHeight" value="330"/>
					<param name="DialogHeaderWidth" value="880"/>
					<param name="DialogHeaderLabel" value="$INFO[Window(home).Property(optionsdialog_header)]"/>
					<param name="DialogHeaderId" value="1"/>
					<param name="CloseButtonLeft" value="765"/>
					<param name="CloseButtonNav" value="10"/>
				</include>
				<control type="grouplist" id="11100">
					<animation effect="fade" time="150">VisibleChange</animation>
					<left>53</left>
					<top>105</top>
					<width>895</width>
					<height>192</height>
					<itemgap>6</itemgap>
					<onleft>11100</onleft>
					<onright>11100</onright>
					<onup>11100</onup>
					<ondown>11100</ondown>
					<orientation>vertical</orientation>
					<control type="button" id="19">
						<height>60</height>
						<width>895</width>
						<label>31052</label>
						<label2>[B]$VAR[ActiveVideoPlayerSubtitleLanguage][/B]</label2>
						<texturefocus border="5">button-focus2.png</texturefocus>
						<onclick>DialogSelectSubtitle</onclick>
						<enable>VideoPlayer.HasSubtitles</enable>
					</control>
					<control type="button" id="20">
						<height>60</height>
						<width>895</width>
						<label>31053</label>
						<label2>[B]$VAR[ActiveVideoPlayerAudioLanguage]$VAR[AudioCodecVar, | ]$VAR[AudioChannelsVar, ][/B]</label2>
						<texturefocus border="5">button-focus2.png</texturefocus>
						<onclick>DialogSelectAudio</onclick>
						<enable>Integer.IsGreater(VideoPlayer.AudioStreamCount,1)</enable>
					</control>
					<control type="button" id="21">
						<height>60</height>
						<width>895</width>
						<label>31054</label>
						<label2>[B]$VAR[VideoCodecVar]$VAR[VideoHDRTypeVar, | ]$VAR[VideoResolutionTypeVar, | ][/B]</label2>
						<texturefocus border="5">button-focus2.png</texturefocus>
						<onclick>DialogSelectVideo</onclick>
						<enable>Integer.IsGreater(VideoPlayer.VideoStreamCount,1)</enable>
					</control>
				</control>
			</control>
		</control>
	</controls>
</window>
