<?xml version="1.0" encoding="UTF-8"?>
<window>
	<!-- Bossanova808 Mod - get Amlogic info from CoreElec addon -->
	<onload condition="System.HasAddon(service.coreelec.settings)">RunScript(script.amlogic.displayinfo)</onload>
	<defaultcontrol always="true">10000</defaultcontrol>
	<include>dialogeffect</include>
	<depth>DepthOSD</depth>
	<onunload>ClearProperty(PlayerInfoDialogFocus,Home)</onunload>
	<coordinates>
		<left>0</left>
		<top>0</top>
	</coordinates>
	<controls>
		<control type="group">
			<depth>DepthOSD+</depth>
			<control type="image">
				<description>media info background image</description>
				<left>-30</left>
				<top>350r</top>
				<width>1980</width>
				<height>350</height>
				<texture>black-back.png</texture>
			</control>
			<control type="grouplist" id="10000">
				<top>403r</top>
				<include>HomeSubMenuCommonValues</include>
				<!-- Buttons for the grouplist -->
				<control type="image">
					<width>53</width>
					<height>53</height>
					<texture colordiffuse="B3FFFFFF" border="0,0,0,3" flipy="true" flipx="true">HomeSubEnd.png</texture>
				</control>
				<control type="button" id="10001">
					<height>53</height>
					<width>270</width>
					<textwidth>240</textwidth>
					<align>center</align>
					<aligny>center</aligny>
					<font>font12</font>
					<textcolor>grey2</textcolor>
					<focusedcolor>white</focusedcolor>
					<scroll>true</scroll>
					<texturefocus border="5">HomeSubFO.png</texturefocus>
					<texturenofocus colordiffuse="B3FFFFFF" border="5">HomeSubNF.png</texturenofocus>
					<pulseonselect>false</pulseonselect>
					<label>$LOCALIZE[31310]</label>
					<visible>VideoPlayer.Content(livetv)</visible>
					<onfocus>SetProperty(PlayerInfoDialogFocus,10001,Home)</onfocus>
				</control>
				<control type="button" id="10002">
					<height>53</height>
					<width>270</width>
					<textwidth>240</textwidth>
					<align>center</align>
					<aligny>center</aligny>
					<font>font12</font>
					<textcolor>grey2</textcolor>
					<focusedcolor>white</focusedcolor>
					<scroll>true</scroll>
					<texturefocus border="5">HomeSubFO.png</texturefocus>
					<texturenofocus colordiffuse="B3FFFFFF" border="5">HomeSubNF.png</texturenofocus>
					<pulseonselect>false</pulseonselect>
					<label>$LOCALIZE[14200]</label>
					<onfocus>SetProperty(PlayerInfoDialogFocus,10002,Home)</onfocus>
				</control>
				<control type="button" id="10003">
					<height>53</height>
					<width>270</width>
					<textwidth>240</textwidth>
					<align>center</align>
					<aligny>center</aligny>
					<font>font12</font>
					<textcolor>grey2</textcolor>
					<focusedcolor>white</focusedcolor>
					<scroll>true</scroll>
					<texturefocus border="5">HomeSubFO.png</texturefocus>
					<texturenofocus colordiffuse="B3FFFFFF" border="5">HomeSubNF.png</texturenofocus>
					<pulseonselect>false</pulseonselect>
					<label>$LOCALIZE[14211]</label>
					<onfocus>SetProperty(PlayerInfoDialogFocus,10003,Home)</onfocus>
				</control>
				<control type="button" id="10004">
					<height>53</height>
					<width>270</width>
					<textwidth>240</textwidth>
					<align>center</align>
					<aligny>center</aligny>
					<font>font12</font>
					<textcolor>grey2</textcolor>
					<focusedcolor>white</focusedcolor>
					<scroll>true</scroll>
					<texturefocus border="5">HomeSubFO.png</texturefocus>
					<texturenofocus colordiffuse="B3FFFFFF" border="5">HomeSubNF.png</texturenofocus>
					<pulseonselect>false</pulseonselect>
					<label>$LOCALIZE[857]</label>
					<onfocus>SetProperty(PlayerInfoDialogFocus,10004,Home)</onfocus>
				</control>
				<control type="image">
					<width>53</width>
					<height>53</height>
					<texture colordiffuse="B3FFFFFF" border="0,0,0,3" flipy="true">HomeSubEnd.png</texture>
				</control>
			</control>
			<control type="grouplist">
				<description>PVR - Left column</description>
				<left>50</left>
				<top>340r</top>
				<visible>String.IsEqual(Window(Home).Property(PlayerInfoDialogFocus),10001)</visible>
				<control type="label">
					<description>Header</description>
					<width>880</width>
					<height>38</height>
					<label>$LOCALIZE[19005]</label>
					<font>font13_title</font>
					<textcolor>blue</textcolor>
				</control>
				<control type="label">
					<width>880</width>
					<height>38</height>
					<label>[COLOR grey2]$LOCALIZE[19099]: [/COLOR]$INFO[PVR.ActStreamServiceName]</label>
					<font>font12</font>
					<shadowcolor>black</shadowcolor>
				</control>
				<control type="label">
					<width>880</width>
					<height>38</height>
					<label>[COLOR grey2]$LOCALIZE[19101]: [/COLOR]$INFO[PVR.ActStreamProviderName]</label>
					<font>font12</font>
					<shadowcolor>black</shadowcolor>
				</control>
				<control type="label">
					<width>880</width>
					<height>38</height>
					<label>[COLOR grey2]$LOCALIZE[19012]: [/COLOR]$INFO[PVR.ActStreamClient]</label>
					<font>font12</font>
					<shadowcolor>black</shadowcolor>
				</control>
				<control type="label">
					<width>880</width>
					<height>38</height>
					<label>[COLOR grey2]$LOCALIZE[19006]: [/COLOR]$INFO[PVR.ActStreamDevice]</label>
					<font>font12</font>
					<shadowcolor>black</shadowcolor>
				</control>
				<control type="label">
					<width>880</width>
					<height>38</height>
					<label>[COLOR grey2]$LOCALIZE[19007]: [/COLOR]$INFO[PVR.ActStreamStatus]</label>
					<font>font12</font>
					<shadowcolor>black</shadowcolor>
				</control>
				<control type="label">
					<width>880</width>
					<height>38</height>
					<label>[COLOR grey2]$LOCALIZE[19015]: [/COLOR]$INFO[PVR.ActStreamEncryptionName]</label>
					<font>font12</font>
					<shadowcolor>black</shadowcolor>
				</control>
			</control>
			<control type="grouplist">
				<description>PVR - Right column</description>
				<left>960</left>
				<top>340r</top>
				<visible>String.IsEqual(Window(Home).Property(PlayerInfoDialogFocus),10001)</visible>
				<usecontrolcoords>true</usecontrolcoords>
				<control type="label">
					<description>Header</description>
					<width>880</width>
					<height>38</height>
					<label>$LOCALIZE[31332]</label>
					<font>font13_title</font>
					<textcolor>blue</textcolor>
				</control>
				<control type="label">
					<width>880</width>
					<height>38</height>
					<label>[COLOR grey2]$LOCALIZE[19010]: [/COLOR]$INFO[PVR.ActStreamBER]</label>
					<font>font12</font>
					<shadowcolor>black</shadowcolor>
				</control>
				<control type="label">
					<width>880</width>
					<height>38</height>
					<label>[COLOR grey2]$LOCALIZE[19011]: [/COLOR]$INFO[PVR.ActStreamUNC]</label>
					<font>font12</font>
					<shadowcolor>black</shadowcolor>
				</control>
				<control type="label">
					<width>880</width>
					<height>38</height>
					<label>[COLOR grey2]$LOCALIZE[19100]: [/COLOR]$INFO[PVR.ActStreamMux]</label>
					<font>font12</font>
					<shadowcolor>black</shadowcolor>
				</control>
				<control type="label">
					<width>880</width>
					<height>38</height>
					<label>[COLOR grey2]$LOCALIZE[19008]: [/COLOR]$INFO[PVR.ActStreamSignal]</label>
					<font>font12</font>
					<shadowcolor>black</shadowcolor>
				</control>
				<control type="progress">
					<top>0</top>
					<left>0</left>
					<width>880</width>
					<height>18</height>
					<info>PVR.ActStreamProgrSignal</info>
				</control>
				<control type="label">
					<width>880</width>
					<height>38</height>
					<label>[COLOR grey2]$LOCALIZE[19009]: [/COLOR]$INFO[PVR.ActStreamSNR]</label>
					<font>font12</font>
					<shadowcolor>black</shadowcolor>
				</control>
				<control type="progress">
					<top>0</top>
					<left>0</left>
					<width>880</width>
					<height>21</height>
					<info>PVR.ActStreamProgrSNR</info>
				</control>
			</control>
			<control type="grouplist">
				<description>Player info - Left column</description>
				<left>50</left>
				<top>340r</top>
				<visible>String.IsEqual(Window(Home).Property(PlayerInfoDialogFocus),10002)</visible>
				<control type="label">
					<description>Header</description>
					<width>880</width>
					<height>38</height>
					<label>$LOCALIZE[31007]</label>
					<font>font13_title</font>
					<textcolor>blue</textcolor>
				</control>
				<control type="label">
					<description>Hardware decoding value</description>
					<width>880</width>
					<height>38</height>
					<label>[COLOR grey2]$LOCALIZE[31010]: [/COLOR]$LOCALIZE[19074]</label>
					<font>font12</font>
					<visible>Player.Process(videohwdecoder)</visible>
				</control>
				<control type="label">
					<description>Hardware decoding value</description>
					<width>880</width>
					<height>38</height>
					<scroll>true</scroll>
					<label>[COLOR grey2]$LOCALIZE[31010]: [/COLOR]$LOCALIZE[31011]</label>
					<font>font12</font>
					<visible>!Player.Process(videohwdecoder)</visible>
				</control>
				<control type="label">
					<width>880</width>
					<height>38</height>
					<label>[COLOR grey2]$LOCALIZE[31012]: [/COLOR]$INFO[Player.Process(videodecoder)]</label>
					<font>font12</font>
					<shadowcolor>black</shadowcolor>
					<visible>Player.HasVideo</visible>
				</control>
				<control type="label">
					<width>880</width>
					<height>38</height>
					<label>[COLOR grey2]$LOCALIZE[38031]: [/COLOR]$INFO[Player.Process(videowidth),,x]$INFO[Player.Process(videoheight)]$INFO[Player.Process(videoscantype)]$INFO[Player.Process(videodar),$COMMA , AR]$INFO[Player.Process(videofps),$COMMA , FPS]</label>
					<font>font12</font>
					<shadowcolor>black</shadowcolor>
					<visible>Player.HasVideo</visible>
				</control>
				<control type="label">
					<width>880</width>
					<height>38</height>
					<label>[COLOR grey2]$LOCALIZE[31341]: [/COLOR]$INFO[Player.Process(pixformat)]</label>
					<font>font12</font>
					<shadowcolor>black</shadowcolor>
					<visible>Player.HasVideo</visible>
				</control>
				<control type="label">
					<width>880</width>
					<height>38</height>
					<label>[COLOR grey2]$LOCALIZE[16038]: [/COLOR]$INFO[Player.Process(deintmethod)]</label>
					<font>font12</font>
					<shadowcolor>black</shadowcolor>
					<visible>Player.HasVideo</visible>
				</control>
				<control type="label">
					<width>880</width>
					<height>38</height>
					<label>[COLOR grey2]$LOCALIZE[31342]: [/COLOR]$INFO[Player.CacheLevel,,%]</label>
					<font>font12</font>
					<shadowcolor>black</shadowcolor>
					<visible>Player.HasVideo</visible>
				</control>
				<control type="progress">
					<top>0</top>
					<left>0</left>
					<width>880</width>
					<height>21</height>
					<info>Player.CacheLevel</info>
					<visible>Player.HasVideo</visible>
				</control>
			</control>
			<control type="grouplist">
<!-- BOSSANOVA808 Mod - Turn into 3 columns, for CE specific ino			-->
				<description>Player info - Middle column</description>
<!--				<left>990</left>-->
<!-- END  BOSSANOVA808 Mod -->
				<left>750</left>
				<top>340r</top>
				<visible>String.IsEqual(Window(Home).Property(PlayerInfoDialogFocus),10002)</visible>
				<control type="label">
					<description>Header</description>
					<width>880</width>
					<height>38</height>
					<label>$LOCALIZE[31013]</label>
					<font>font13_title</font>
					<textcolor>blue</textcolor>
				</control>
				<control type="label">
					<width>1600</width>
					<height>38</height>
					<label>[COLOR grey2]$LOCALIZE[460]: [/COLOR]$INFO[Player.Process(audiobitspersample),, bit]$INFO[Player.Process(audiosamplerate),$COMMA , Hz]</label>
					<font>font12</font>
					<shadowcolor>black</shadowcolor>
					<visible>Player.HasVideo</visible>
				</control>
				<control type="label">
					<width>1600</width>
					<height>38</height>
					<label>[COLOR grey2]$LOCALIZE[31012]: [/COLOR]$INFO[Player.Process(audiodecoder)]</label>
					<font>font12</font>
					<shadowcolor>black</shadowcolor>
					<visible>Player.HasVideo</visible>
				</control>
				<control type="label">
					<width>1600</width>
					<height>38</height>
					<label>[COLOR grey2]$LOCALIZE[19019]: [/COLOR]$INFO[Player.Process(audiochannels)]</label>
					<font>font12</font>
					<shadowcolor>black</shadowcolor>
					<visible>Player.HasVideo</visible>
				</control>
			</control>
<!-- BOSSANOVA808 Mod - Turn into 3 columns, for CE specific ino			-->
			<control type="grouplist">
				<visible>System.HasAddon(service.coreelec.settings)</visible>
				<description>Player info - Left column</description>
				<left>1300</left>
				<top>340r</top>
				<visible>String.IsEqual(Window(Home).Property(PlayerInfoDialogFocus),10002)</visible>
				<control type="label">
					<description>Header</description>
					<width>880</width>
					<height>38</height>
					<label>CoreELEC</label>
					<font>font13_title</font>
					<textcolor>blue</textcolor>
				</control>
				<control type="label">
					<width>1600</width>
					<height>38</height>
					<label>[COLOR grey2]Amlogic Display mode:[/COLOR] $INFO[Player.Process(amlogic.displaymode)]</label>
					<font>font12</font>
					<shadowcolor>black</shadowcolor>
					<visible>Player.HasVideo</visible>
				</control>
				<control type="label">
					<width>1600</width>
					<height>38</height>
					<label>[COLOR grey2]Amlogic Pixel Format:[/COLOR] $INFO[Player.Process(amlogic.pixformat)]</label>
					<font>font12</font>
					<shadowcolor>black</shadowcolor>
					<visible>Player.HasVideo</visible>
				</control>
				<control type="label">
					<width>1600</width>
					<height>38</height>
					<label>[COLOR grey2]Amlogic Gamut:[/COLOR] $INFO[Player.Process(amlogic.eoft_gamut)]</label>
					<font>font12</font>
					<shadowcolor>black</shadowcolor>
					<visible>Player.HasVideo</visible>
				</control>
			</control>
			
			<control type="grouplist">
				<description>Media info - Left column</description>
				<left>50</left>
				<top>340r</top>
				<visible>String.IsEqual(Window(Home).Property(PlayerInfoDialogFocus),10003)</visible>
				<control type="label">
					<description>Header</description>
					<width>880</width>
					<height>38</height>
					<label>$LOCALIZE[20159]</label>
					<font>font13_title</font>
					<textcolor>blue</textcolor>
				</control>
				<control type="label">
					<width>830</width>
					<height>38</height>
					<label>[COLOR grey2]$LOCALIZE[21445]: [/COLOR]$INFO[VideoPlayer.VideoCodec]</label>
					<font>font12</font>
					<shadowcolor>black</shadowcolor>
					<visible>!String.IsEmpty(VideoPlayer.VideoCodec)</visible>
				</control>
				<control type="label">
					<width>830</width>
					<height>38</height>
					<label>[COLOR grey2]$LOCALIZE[21443]: [/COLOR]$INFO[VideoPlayer.VideoResolution]</label>
					<font>font12</font>
					<shadowcolor>black</shadowcolor>
					<visible>!String.IsEmpty(VideoPlayer.VideoResolution)</visible>
				</control>
				<control type="label">
					<width>830</width>
					<height>38</height>
					<label>[COLOR grey2]$LOCALIZE[20474]: [/COLOR]$INFO[VideoPlayer.HdrType]</label>
					<font>font12</font>
					<shadowcolor>black</shadowcolor>
					<visible>!String.IsEmpty(VideoPlayer.HdrType)</visible>
				</control>
				<control type="label">
					<width>830</width>
					<height>38</height>
					<label>[COLOR grey2]$LOCALIZE[21374]: [/COLOR]$INFO[VideoPlayer.VideoAspect]</label>
					<font>font12</font>
					<shadowcolor>black</shadowcolor>
					<visible>!String.IsEmpty(VideoPlayer.VideoAspect)</visible>
				</control>
				<control type="label">
					<width>830</width>
					<height>38</height>
					<label>[COLOR grey2]$LOCALIZE[31336]: [/COLOR]$INFO[VideoPlayer.VideoBitrate,, kb/s]</label>
					<font>font12</font>
					<shadowcolor>black</shadowcolor>
					<visible>!String.IsEmpty(VideoPlayer.VideoBitrate)</visible>
				</control>
			</control>
			<control type="grouplist">
				<description>Media info - Right column</description>
				<left>990</left>
				<top>340r</top>
				<visible>String.IsEqual(Window(Home).Property(PlayerInfoDialogFocus),10003)</visible>
				<control type="label">
					<description>Header</description>
					<width>880</width>
					<height>38</height>
					<label>$LOCALIZE[31334]</label>
					<font>font13_title</font>
					<textcolor>blue</textcolor>
				</control>
				<control type="label">
					<width>880</width>
					<height>38</height>
					<label>[COLOR grey2]$LOCALIZE[21446]: [/COLOR]$INFO[VideoPlayer.AudioCodec]</label>
					<font>font12</font>
					<shadowcolor>black</shadowcolor>
					<visible>!String.IsEmpty(VideoPlayer.AudioCodec)</visible>
				</control>
				<control type="label">
					<width>880</width>
					<height>38</height>
					<label>[COLOR grey2]$LOCALIZE[21444]: [/COLOR]$INFO[VideoPlayer.AudioChannels]</label>
					<font>font12</font>
					<shadowcolor>black</shadowcolor>
					<visible>!String.IsEmpty(VideoPlayer.AudioChannels)</visible>
				</control>
				<control type="label">
					<width>880</width>
					<height>38</height>
					<label>[COLOR grey2]$LOCALIZE[31337]: [/COLOR]$INFO[VideoPlayer.AudioBitrate,, kb/s]</label>
					<font>font12</font>
					<shadowcolor>black</shadowcolor>
					<visible>!String.IsEmpty(VideoPlayer.AudioBitrate)</visible>
				</control>
				<control type="label">
					<width>880</width>
					<height>38</height>
					<label>[COLOR grey2]$LOCALIZE[21447]: [/COLOR]$INFO[VideoPlayer.AudioLanguage]</label>
					<font>font12</font>
					<shadowcolor>black</shadowcolor>
					<visible>!String.IsEmpty(VideoPlayer.AudioLanguage)</visible>
				</control>
			</control>
			<control type="grouplist">
				<description>System info</description>
				<left>50</left>
				<top>340r</top>
				<visible>String.IsEqual(Window(Home).Property(PlayerInfoDialogFocus),10004)</visible>
				<control type="label">
					<description>Header</description>
					<width>880</width>
					<height>38</height>
					<label>$LOCALIZE[138]</label>
					<font>font13_title</font>
					<textcolor>blue</textcolor>
				</control>
				<control type="label">
					<width>1600</width>
					<height>38</height>
					<label>[COLOR grey2]$LOCALIZE[31343]: [/COLOR]$INFO[System.ScreenResolution]</label>
					<font>font12</font>
					<shadowcolor>black</shadowcolor>
					<visible>!String.IsEmpty(System.ScreenResolution)</visible>
				</control>
				<control type="label">
					<width>1600</width>
					<height>38</height>
					<label>[COLOR grey2]$LOCALIZE[31344]: [/COLOR]$INFO[System.FPS,, fps]</label>
					<font>font12</font>
					<shadowcolor>black</shadowcolor>
					<visible>!String.IsEmpty(System.FPS)</visible>
				</control>
				<control type="label">
					<width>1600</width>
					<height>38</height>
					<label>[COLOR grey2]$LOCALIZE[31345]: [/COLOR]$INFO[System.CPUTemperature]</label>
					<font>font12</font>
					<shadowcolor>black</shadowcolor>
					<visible>!String.IsEmpty(System.CPUTemperature)</visible>
				</control>
				<control type="label">
					<width>1600</width>
					<height>38</height>
					<label>[COLOR grey2]$LOCALIZE[31014]: [/COLOR]$INFO[system.memory(used)]$INFO[system.memory(total), / ]$INFO[system.memory(used.percent), - ]</label>
					<font>font12</font>
					<shadowcolor>black</shadowcolor>
					<visible>!String.IsEmpty(system.memory(used))</visible>
				</control>
				<control type="progress">
					<top>0</top>
					<left>0</left>
					<width>880</width>
					<height>18</height>
					<info>System.Memory(used.percent)</info>
				</control>
				<control type="label">
					<width>1600</width>
					<height>38</height>
					<label>[COLOR grey2]$LOCALIZE[13271] [/COLOR]$INFO[System.CpuUsage]</label>
					<font>font12</font>
					<shadowcolor>black</shadowcolor>
					<visible>System.SupportsCPUUsage</visible>
				</control>
				<control type="progress">
					<top>0</top>
					<left>0</left>
					<width>880</width>
					<height>18</height>
					<info>System.CpuUsage</info>
				</control>
			</control>
		</control>
	</controls>
</window>
