<?xml version="1.0" encoding="UTF-8"?>
<window>
	<defaultcontrol />
	<controls>
		<!-- view mode, sizing, screen resolution -->
		<control type="group" id="0">
			<depth>DepthOSD+</depth>
			<left>0</left>
			<top>30</top>
			<animation effect="fade" time="150">VisibleChange</animation>
			<control type="image">
				<description>media info background image</description>
				<left>0</left>
				<top>0</top>
				<width>1920</width>
				<height>240</height>
				<!--  BOSSANOVA808 MOD - Remove black BG -->
			</control>
			<control type="label" id="10">
				<description>row 1 label</description>
				<left>75</left>
				<top>15</top>
				<width>1770</width>
				<height>45</height>
				<align>left</align>
				<aligny>center</aligny>
				<font>font12</font>
				<label />
			</control>
			<control type="label" id="11">
				<description>row 2 label</description>
				<left>75</left>
				<top>83</top>
				<width>1770</width>
				<height>45</height>
				<align>left</align>
				<aligny>center</aligny>
				<font>font12</font>
				<label />
			</control>
			<control type="label" id="12">
				<description>row 3 label</description>
				<left>75</left>
				<top>150</top>
				<width>1770</width>
				<height>68</height>
				<align>left</align>
				<aligny>center</aligny>
				<font>font12</font>
				<label />
			</control>
		</control>
		<!-- media infos -->
		<control type="group" id="1">
			<depth>DepthOSD</depth>
			<visible>[Player.ShowInfo | Window.IsActive(VideoOSD)] + ![Window.IsVisible(DialogSettings.xml) | Window.IsVisible(DialogSelect.xml) | Window.IsVisible(1102) | Window.IsVisible(VideoBookmarks) | Window.IsVisible(PVROSDChannels) | Window.IsVisible(PVRChannelGuide) | Window.IsVisible(SliderDialog)]</visible>
			<animation effect="fade" time="150">VisibleChange</animation>
			<control type="image" id="1">
				<left>-30</left>
				<top>-225</top>
				<width>1980</width>
				<height>384</height>
				<texture flipy="true" border="1">HomeNowPlayingBack.png</texture>
			</control>
			<control type="label" id="1">
				<description>Chapter Count Header label</description>
				<left>45</left>
				<top>8</top>
				<width>1500</width>
				<height>38</height>
				<align>left</align>
				<aligny>center</aligny>
				<font>font13</font>
				<textcolor>white</textcolor>
				<shadowcolor>black</shadowcolor>
				<label>$INFO[Player.Chapter,$LOCALIZE[21396]: ]$INFO[Player.ChapterCount, / ]$INFO[Player.ChapterName,[COLOR=grey] - (,)[/COLOR]]</label>
				<visible>Player.ChapterCount + !VideoPlayer.Content(LiveTV)</visible>
			</control>
			<control type="label" id="1">
				<description>Channel Group label</description>
				<left>45</left>
				<top>8</top>
				<width>1500</width>
				<height>38</height>
				<align>left</align>
				<aligny>center</aligny>
				<font>font13</font>
				<textcolor>white</textcolor>
				<shadowcolor>black</shadowcolor>
				<label>$INFO[VideoPlayer.ChannelGroup,$LOCALIZE[31509]: ]</label>
				<visible>VideoPlayer.Content(LiveTV)</visible>
			</control>
			<control type="label" id="1">
				<description>Clock label</description>
				<left>675</left>
				<top>8</top>
				<width>1200</width>
				<height>38</height>
				<align>right</align>
				<aligny>center</aligny>
				<font>font13</font>
				<!--  BOSSANOVA808 MOD - Dimmer text -->
				<textcolor>gray</textcolor>
				<!-- END BOSSANOVA808 MOD -->
				<shadowcolor>black</shadowcolor>
				<label>$INFO[System.Time]</label>
				<animation effect="slide" start="0,0" end="-45,0" time="0" condition="Player.Muted">conditional</animation>
				<animation effect="slide" start="0,0" end="-105,0" time="0" condition="system.getbool(input.enablemouse) + Window.IsVisible(VideoOSD)">conditional</animation>
			</control>
			<control type="image" id="1">
				<left>-30</left>
				<top>345r</top>
				<width>1980</width>
				<height>345</height>
				<texture border="1">HomeNowPlayingBack.png</texture>
			</control>
			<!--  BOSSANOVA808 CLEARART MOD  -->
			<!--  See also DialogSeekBar/xml ~ line 11 -->			
			<control type="image" id="1">
				<depth>DepthOSDPopout</depth>
				<description>Video cover image (clear art/logo, thumbnail)</description>
				<posx>25</posx>
				<posy>350r</posy>
				<width>450</width>
				<height>350</height>
				<texture fallback="DefaultVideoCover.png">$VAR[NowPlayingThumb]</texture>
				<aspectratio aligny="center">keep</aspectratio>
				<visible>$EXP[ClearSomething] | $EXP[Thumbnail]</visible>
				<visible>!Skin.HasSetting(HideSeekBarOSD) | Window.IsActive(VideoOSD) | Player.ShowInfo</visible>
			</control>
			<control type="image" id="1">
				<depth>DepthOSDPopout</depth>
				<description>Video cover image (poster, icon)</description>
				<posx>25</posx>
				<posy>600r</posy>
				<width>450</width>
				<height>600</height>
				<texture fallback="DefaultVideoCover.png">$VAR[NowPlayingThumb]</texture>
				<aspectratio aligny="bottom">keep</aspectratio>
				<visible>$EXP[Poster] | $EXP[Icon]</visible>
				<visible>!Skin.HasSetting(HideSeekBarOSD) | Window.IsActive(VideoOSD) | Player.ShowInfo</visible>
			</control>
			<!-- END BOSSANOVA808 CLEARART MOD  -->
			<control type="group" id="1">
				<left>495</left>
				<top>278r</top>
<!--				<control type="label" id="1">-->
<!--					<description>Heading label</description>-->
<!--					<left>0</left>-->
<!--					<top>0</top>-->
<!--					<width>1365</width>-->
<!--					<height>38</height>-->
<!--					<align>left</align>-->
<!--					<aligny>center</aligny>-->
<!--					<font>font13</font>-->
<!--					<label>$LOCALIZE[31040]</label>-->
<!--					<textcolor>white</textcolor>-->
<!--					<shadowcolor>black</shadowcolor>-->
<!--					<visible>![VideoPlayer.Content(LiveTV) + [PVR.IsRecordingPlayingChannel | PVR.IsPlayingActiveRecording]]</visible>-->
<!--					<animation effect="slide" start="0,0" end="0,38" time="0" condition="!VideoPlayer.Content(Movies) + !VideoPlayer.Content(Episodes) + !VideoPlayer.Content(MusicVideos) + !VideoPlayer.Content(LiveTV) + !PVR.IsPlayingRecording">conditional</animation>-->
<!--				</control>-->
				<control type="image" id="1">
					<top>0</top>
					<width>75</width>
					<height>38</height>
					<aspectratio align="center" aligny="center">keep</aspectratio>
					<texture>PVR-IsRecording.png</texture>
					<visible>VideoPlayer.Content(LiveTV) + [[PVR.IsRecordingPlayingChannel + !Player.ChannelPreviewActive] | PVR.IsPlayingActiveRecording]</visible>
				</control>
				<control type="label" id="1">
					<description>Heading label</description>
					<left>75</left>
					<top>0</top>
					<width>1290</width>
					<height>38</height>
					<align>left</align>
					<aligny>center</aligny>
					<font>font13</font>
					<label>$LOCALIZE[19158]</label>
					<textcolor>white</textcolor>
					<shadowcolor>black</shadowcolor>
					<visible>VideoPlayer.Content(LiveTV) + [[PVR.IsRecordingPlayingChannel + !Player.ChannelPreviewActive] | PVR.IsPlayingActiveRecording]</visible>
				</control>
				<control type="label" id="1">
					<description>Studio label</description>
					<left>0</left>
					<top>45</top>
					<width>1365</width>
					<height>38</height>
					<align>left</align>
					<font>font12</font>
					<!--  BOSSANOVA808 MOD - Premiered Date -->
					<label>$INFO[VideoPlayer.Premiered,Premiered: ,$COMMA ] $INFO[VideoPlayer.Studio,Studio: ]</label>
					<textcolor>grey2</textcolor>
					<shadowcolor>black</shadowcolor>
					<visible>VideoPlayer.Content(Movies)</visible>
				</control>
				<control type="label" id="1">
					<description>TV Show label</description>
					<left>0</left>
					<top>45</top>
					<width>1365</width>
					<height>38</height>
					<align>left</align>
					<font>font12</font>
					<!--  BOSSANOVA808 MOD - Broadcast date -->
					<label>$INFO[VideoPlayer.TVShowTitle] ($INFO[VideoPlayer.Season,,x]$INFO[VideoPlayer.Episode]$INFO[VideoPlayer.Premiered,$COMMA ,])</label>
					<textcolor>grey2</textcolor>
					<shadowcolor>black</shadowcolor>
					<visible>VideoPlayer.Content(Episodes)</visible>
				</control>
				<control type="label" id="1">
					<description>Music Info label</description>
					<left>10</left>
					<top>45</top>
					<width>1365</width>
					<height>38</height>
					<align>left</align>
					<font>font12</font>
					<label>$INFO[VideoPlayer.Artist] $INFO[VideoPlayer.Album, - ]</label>
					<textcolor>grey2</textcolor>
					<shadowcolor>black</shadowcolor>
					<visible>VideoPlayer.Content(MusicVideos)</visible>
				</control>
				<control type="label" id="1">
					<description>LiveTV Info label</description>
					<left>10</left>
					<top>45</top>
					<width>1365</width>
					<height>38</height>
					<align>left</align>
					<font>font12</font>
					<label>$INFO[VideoPlayer.ChannelNumberLabel,([COLOR=blue],[/COLOR]) ]$INFO[VideoPlayer.ChannelName]$INFO[VideoPlayer.EpisodeName, (,)]</label>
					<textcolor>grey2</textcolor>
					<shadowcolor>black</shadowcolor>
					<visible>VideoPlayer.Content(LiveTV) | PVR.IsPlayingRecording</visible>
				</control>
				<control type="label" id="1">
					<left>0</left>
					<top>90</top>
					<width>1365</width>
					<height>53</height>
					<width min="15" max="1350">auto</width>
					<height>45</height>
					<font>font30</font>
					<align>left</align>
					<aligny>center</aligny>
					<label>$INFO[Player.Title]</label>
					<textcolor>orange</textcolor>
					<scroll>false</scroll>
				</control>
<!-- Bossanova808 Mod - move media codec items to give more room for episode title and disable scrolling due to CoreElec performance issues	-->
				<control type="grouplist" id="1">
					<left>20</left>
					<top>45</top>
                    <align>right</align>
					<width>1365</width>
					<height>53</height>
					<itemgap>8</itemgap>
					<orientation>horizontal</orientation>
					<include content="MediaFlag">
						<param name="flag_id" value="1"/>
						<param name="flag_visible" value="!String.IsEmpty(VideoPlayer.VideoResolution)"/>
						<param name="flag_label" value="$VAR[VideoResolutionTypeVar]"/>
					</include>
					<include content="MediaFlag">
						<param name="flag_id" value="1"/>
						<param name="flag_visible" value="!String.IsEmpty(VideoPlayer.HdrType)"/>
						<param name="flag_label" value="$VAR[VideoHDRTypeVar]"/>
					</include>
					<include content="MediaFlag">
						<param name="flag_id" value="1"/>
						<param name="flag_visible" value="!String.IsEmpty(VideoPlayer.VideoCodec)"/>
						<param name="flag_label" value="$VAR[VideoCodecVar]"/>
					</include>
					<include content="MediaFlag">
						<param name="flag_id" value="1"/>
						<param name="flag_visible" value="!String.IsEmpty(VideoPlayer.VideoAspect)"/>
						<param name="flag_label" value="$INFO[VideoPlayer.VideoAspect]"/>
					</include>
					<include content="MediaFlag">
						<param name="flag_id" value="1"/>
						<param name="flag_visible" value="!String.IsEmpty(VideoPlayer.AudioCodec)"/>
						<param name="flag_label" value="$VAR[AudioCodecVar]"/>
					</include>
					<include content="MediaFlag">
						<param name="flag_id" value="1"/>
						<param name="flag_visible" value="!String.IsEmpty(VideoPlayer.AudioChannels)"/>
						<param name="flag_label" value="$VAR[AudioChannelsVar]"/>
					</include>
					<include content="MediaFlag">
						<param name="flag_id" value="1"/>
						<param name="flag_visible" value="ListItem.IsStereoscopic"/>
						<param name="flag_label" value="3D"/>
					</include>
					<include content="MediaFlag">
						<param name="flag_id" value="1"/>
						<param name="flag_align" value="right"/>
						<param name="flag_texture" value="flagging/AudioLang.png"/>
						<param name="flag_visible" value="!Player.ChannelPreviewActive + !String.IsEmpty(VideoPlayer.AudioLanguage)"/>
						<param name="flag_label" value="$INFO[VideoPlayer.AudioLanguage,     ]"/>
					</include>
					<include content="MediaFlag">
						<param name="flag_id" value="1"/>
						<param name="flag_align" value="right"/>
						<param name="flag_texture" value="flagging/SubLang.png"/>
						<param name="flag_visible" value="!Player.ChannelPreviewActive + !String.IsEmpty(VideoPlayer.SubtitlesLanguage) + VideoPlayer.SubtitlesEnabled"/>
						<param name="flag_label" value="$INFO[VideoPlayer.SubtitlesLanguage,     ]"/>
					</include>
				</control>
				<control type="label" id="1">
					<left>0</left>
					<top>180</top>
					<width>1365</width>
					<height>38</height>
					<label>$LOCALIZE[31049] $INFO[Player.FinishTime]</label>
					<align>center</align>
					<aligny>center</aligny>
					<font>font12</font>
					<textcolor>grey</textcolor>
					<scroll>true</scroll>
					<visible>[Player.ShowInfo | Window.IsVisible(VideoOSD)] + !VideoPlayer.Content(LiveTV)</visible>
					<animation effect="fade" time="150">VisibleChange</animation>
				</control>
				<control type="label" id="1">
					<left>0</left>
					<top>180</top>
					<width>1365</width>
					<height>38</height>
					<label>$INFO[VideoPlayer.NextTitle,[B]$LOCALIZE[19031]: [/B]]</label>
					<align>center</align>
					<aligny>center</aligny>
					<font>font12</font>
					<textcolor>grey</textcolor>
					<scroll>true</scroll>
					<visible>!Window.IsVisible(VideoOSD) + VideoPlayer.Content(LiveTV)</visible>
					<animation effect="fade" time="150">VisibleChange</animation>
				</control>
				<control type="label" id="1">
					<left>0</left>
					<top>225</top>
					<width>1365</width>
					<height>38</height>
					<label>[B]$LOCALIZE[31961][/B] $INFO[PVR.TimeshiftCur] (-$INFO[PVR.TimeshiftOffset])</label>
					<align>center</align>
					<aligny>center</aligny>
					<font>font12</font>
					<textcolor>grey</textcolor>
					<scroll>true</scroll>
					<visible>!Window.IsVisible(VideoOSD) + VideoPlayer.Content(LiveTV) + PVR.IsTimeShift</visible>
					<animation effect="fade" time="150">VisibleChange</animation>
				</control>
			</control>
			<control type="group" id="1">
				<left>495</left>
				<top>143r</top>
				<visible>!VideoPlayer.Content(LiveTV) | [VideoPlayer.Content(LiveTV) + VideoPlayer.HasEpg]</visible>
				<control type="label" id="1">
					<visible>!VideoPlayer.Content(LiveTV)</visible>
					<left>0</left>
					<top>0</top>
					<width>150</width>
					<height>60</height>
					<font>font13</font>
					<align>left</align>
					<aligny>center</aligny>
					<label>$INFO[Player.Time(hh:mm:ss)]</label>
				</control>
				<control type="label" id="1">
					<visible>VideoPlayer.Content(LiveTV)</visible>
					<left>0</left>
					<top>0</top>
					<width>150</width>
					<height>60</height>
					<font>font13</font>
					<align>left</align>
					<aligny>center</aligny>
					<label>$INFO[VideoPlayer.StartTime]</label>
				</control>
				<control type="group" id="1">
					<visible>VideoPlayer.Content(LiveTV)</visible>
					<control type="progress" id="1">
						<description>ProgressbarTimeshift</description>
						<left>150</left>
						<top>18</top>
						<width>1080</width>
						<height>24</height>
						<info>PVR.TimeshiftProgressBufferEnd</info>
						<midtexture border="9,13,9,13">OSDProgressMidLight.png</midtexture>
						<visible>PVR.IsTimeShift</visible>
					</control>
					<control type="progress" id="1">
						<description>Progressbar</description>
						<left>150</left>
						<top>18</top>
						<width>1080</width>
						<height>24</height>
						<info>PVR.EpgEventProgress</info>
					</control>
				</control>
				<control type="group" id="1">
					<visible>!VideoPlayer.Content(LiveTV)</visible>
					<control type="progress" id="1">
						<description>ProgressbarCache</description>
						<left>150</left>
						<top>18</top>
						<width>1080</width>
						<height>24</height>
						<info>Player.ProgressCache</info>
						<midtexture border="9,13,9,13">OSDProgressMidLight.png</midtexture>
						<visible>!Player.ChannelPreviewActive</visible>
					</control>
					<control type="progress" id="1">
						<description>Progressbar</description>
						<left>150</left>
						<top>18</top>
						<width>1080</width>
						<height>24</height>
						<info>Player.Progress</info>
					</control>
				</control>
				<control type="label" id="1">
					<visible>!VideoPlayer.Content(LiveTV)</visible>
					<left>1230</left>
					<top>0</top>
					<width>150</width>
					<height>60</height>
					<font>font13</font>
					<align>right</align>
					<aligny>center</aligny>
					<!-- BOSSANOVA808 MOD - Time remaining -->
					<label>-$INFO[VideoPlayer.TimeRemaining(hh:mm:ss)]</label>
				</control>
				<control type="label" id="1">
					<visible>VideoPlayer.Content(LiveTV)</visible>
					<left>1230</left>
					<top>0</top>
					<width>150</width>
					<height>60</height>
					<font>font13</font>
					<align>right</align>
					<aligny>center</aligny>
					<label>$INFO[VideoPlayer.EndTime]</label>
				</control>
				<control type="ranges" id="1">
					<description>Chapters</description>
					<left>150</left>
					<top>18</top>
					<width>1080</width>
					<height>24</height>
					<info>Player.Chapters</info>
					<texturebg border="9,13,9,13" colordiffuse="00FFFFFF">OSDProgressBack.png</texturebg>
					<righttexture border="3,8,3,5" colordiffuse="FFFFFFFF">OSDProgressNib.png</righttexture>
				</control>
				<control type="ranges" id="1">
					<description>Cuts</description>
					<left>150</left>
					<top>18</top>
					<width>1080</width>
					<height>24</height>
					<info>Player.Cuts</info>
					<texturebg border="9,13,9,13" colordiffuse="00FFFFFF">OSDProgressBack.png</texturebg>
					<righttexture border="3,8,3,5" colordiffuse="FFFF0000">OSDProgressNib.png</righttexture>
				</control>
				<control type="ranges" id="1">
					<description>Scene Markers</description>
					<left>150</left>
					<top>18</top>
					<width>1080</width>
					<height>24</height>
					<info>Player.SceneMarkers</info>
					<texturebg border="9,13,9,13" colordiffuse="00FFFFFF">OSDProgressBack.png</texturebg>
					<righttexture border="3,8,3,5" colordiffuse="FF0000FF">OSDProgressNib.png</righttexture>
				</control>
				<control type="ranges" id="1">
					<description>Editlist</description>
					<left>150</left>
					<top>18</top>
					<width>1080</width>
					<height>24</height>
					<info>Player.Editlist</info>
					<texturebg border="9,13,9,13" colordiffuse="00FFFFFF">OSDProgressBack.png</texturebg>
					<lefttexture border="3,8,3,5" colordiffuse="FFFFFFFF">OSDProgressNib.png</lefttexture>
					<midtexture colordiffuse="FFFF0000">colors/white.png</midtexture>
					<righttexture border="3,8,3,5" colordiffuse="FFFFFFFF">OSDProgressNib.png</righttexture>
				</control>
			</control>
		</control>
		<control type="label" id="1">
			<description>Seek Number label</description>
			<left>45</left>
			<top>8</top>
			<width>1830</width>
			<height>38</height>
			<align>center</align>
			<aligny>center</aligny>
			<font>font13</font>
			<textcolor>white</textcolor>
			<shadowcolor>black</shadowcolor>
			<label>$INFO[Player.SeekNumeric]</label>
		</control>
	</controls>
</window>
