<?xml version="1.0" encoding="UTF-8" standalone="yes"?>
<addon id="script.ozweather-skinpatcher" name="OzWeather Skin Patcher" version="0.1.5" provider-name="bossanova808">
  <requires>
    <import addon="xbmc.python" version="3.0.0"/>
  </requires>
  <extension point="xbmc.python.script" library="default.py">
    <provides>executable</provides>
  </extension>
  <extension point="xbmc.addon.metadata">
    <summary lang="en_GB">Patch Kodi skins (Estuary, Estouchy, Confluence, Amber) for OzWeather Radar Support.</summary>
    <description lang="en_GB">
        This addon attempts to patch Kodi skins (currently Estuary, Estouchy, Confluence, Amber) - for OzWeather radar support.
        Skin folder must be writeable! (Creates a backup of of the original skin files first and this addon can also restore those if need be).
        By default patches only the actual weather page.
        For Estuary &amp; Confluence, can also patch your VideoFullScreen file for weather/radar during playback when video info is displayed.
        Turn this on in the addon settings if you wish.
    </description>
    <platform>all</platform>
    <license>GPL-3.0-only</license>
    <website></website>
    <source></source>
    <forum></forum>
    <email>bossonav808@gmail.com</email>
    <news>0.15
        - Tweaks
      0.1.4
        - Add support for Amber
      0.1.3
        - Support for imminent OzWeather 2 release, with support for Confluence, Estuary, Estouchy
    </news>
    <assets>
      <icon>icon.png</icon>
    </assets>
  </extension>
</addon>


