<?xml version='1.0' encoding='UTF-8' standalone='yes'?>
<addon id="script.module.xsqueezecommon" version="0.1.9" name="XSqueeze Common Code" provider-name="bossanova808">
  <requires>
    <import addon='xbmc.python' version='2.1.0'/>
    <import addon="script.module.b808common" version="0.1.8"/>
  </requires>
  <extension point='xbmc.addon.metadata'>
    <platform>all</platform>
    <summary lang='en'>Installed automatically with XSqueeze - common code for XSqueeze and XSqueeze Chooser</summary>
  </extension>
  <extension point='xbmc.python.module' library='lib' />
</addon>
