<includes>

    <include name="FontHuge">
        <font>WeatherTitle</font>
    </include>
    <include name="FontBig">
        <font>font30_title</font>
    </include>
    <include name="FontHeader">
        <font>font12_title</font>
    </include>
    <include name="FontBody">
        <font>font10</font>
    </include>

    <constant name="RadarSquare" condition="$PARAM[test]">40%</constant>
    <constant name="RadarLegend">48%</constant>

    <constant name="MasterXOffset">0%</constant>
    <constant name="MasterYOffset">0%</constant>
    <constant name="WeatherInfoLineHeight">-30%</constant>

    <variable name="Ozw_Background">
        <value>$VAR[SubDefaultBackground]</value>
        <value>$VAR[Weather.Art]</value>
	</variable>

</includes>
