<?xml version="1.0" encoding="UTF-8" standalone="yes"?>
<addon id="script.xsqueeze"
       name="XSqueeze"
       version="0.5.3"
       provider-name="bossanova808">
  <requires>
    <import addon="xbmc.python" version="2.0"/>
    <import addon="script.artistslideshow" version="1.3.1"/>
    <import addon="script.module.xsqueezecommon" version="0.0.2"/>
    <import addon="plugin.program.xsqueezechooser" version="0.0.2"/>
  </requires>
  <extension point="xbmc.python.script"
             library="default.py">
    <provides>executable</provides>
  </extension>
  <extension point="xbmc.addon.metadata">
    <platform>all</platform>
    <summary lang="en">Squeezebox player/controller for XBMC.</summary>
    <description lang="en">Turn your XBMC into a Squeeze player or control an external Squeezebox.</description>
    <disclaimer lang="en"></disclaimer>
  </extension>
</addon>
