<?xml version="1.0" encoding="UTF-8"?>
<window>
	<defaultcontrol always="true">9000</defaultcontrol>
	<onload>SetProperty(Window.HasSettings,True,Home)</onload>
	<onload>ClearProperty(MediaMenu,Home)</onload>
	<onunload>ClearProperty(MediaMenu,Home)</onunload>
	<onunload>ClearProperty(Window.HasSettings,Home)</onunload>
	<menucontrol>9051</menucontrol>
	<controls>
		<include>CommonBackground</include>
		<control type="group">
			<top>64</top>
			<include>WindowOpenCloseAnimation</include>
			<include>SystemPanel</include>
			
			<!-- Side Menu Stuff -->
			<control type="panel" id="9000">
				<left>81</left>
				<top>32</top>
				<width>356</width>
				<height>810</height>
				<onleft>60</onleft>
				<onright condition="Container(9000).HasFocus(1)">300</onright>
				<onright condition="Container(9000).HasFocus(5)">61</onright>
				<onup>9000</onup>
				<ondown>9000</ondown>
				<pagecontrol>60</pagecontrol>
				<scrolltime tween="quadratic">300</scrolltime>
				<itemlayout height="81" width="356">
					<control type="label">
						<width>356</width>
						<height>81</height>
						<font>font15</font>
						<textoffsetx>20</textoffsetx>
						<textcolor>_colour_text_dim_</textcolor>
						<label>$INFO[ListItem.Label]</label>
					</control>
				</itemlayout>
				<focusedlayout height="81" width="356">
					<control type="image">
						<width>356</width>
						<height>81</height>
						<texture colordiffuse="$VAR[HighlightBarColor]" border="4">listselect_fo.png</texture>
						<visible>Control.HasFocus(9000)</visible>
						<include>VisibleFadeAnimation</include>
					</control>
					<control type="label">
						<width>356</width>
						<height>81</height>
						<font>font15</font>
						<textoffsetx>20</textoffsetx>
						<label>$INFO[ListItem.Label]</label>
						<animation effect="fade" start="100" end="70" time="300" tween="sine" easing="inout" condition="!Control.HasFocus(9000)">Conditional</animation>
					</control>
				</focusedlayout>
				<!-- Actual Side Menu Buttons -->
				<content>
					<item id="1">
						<label>Radar and Overview</label>
						<icon />
						<visible>!String.IsEmpty(Window.Property(Daily.IsFetched))</visible>
					</item>			
					
					<item id="4">
						<label>$INFO[Window.Property(Day1.Title)] to $INFO[Window.Property(Day6.Title)]</label>
						<icon />
						<visible>!String.IsEmpty(Window.Property(Daily.IsFetched))</visible>
					</item>

					<item id="3">
						<label>ABC Weather Update</label>
						<icon />
						<visible>!IsEmpty(Window.Property(Video.1)) + !Player.HasVideo(Window.Property(Video.1))</visible>
						<onclick>PlayMedia($INFO[Window.Property(Video.1)],,1,noresume)</onclick>
					</item>
					<item id="9">
						<label>Stop Playing</label>
						<icon />
						<visible>Player.HasVideo(Window.Property(Video.1))</visible>
						<onclick>PlayerControl(Stop)</onclick>
					</item>
					<item id="8">
						<label>Refresh Data</label>
						<onclick>Weather.Refresh</onclick>
					</item>
					
					

				</content>
				<!-- END Actual Side Menu Buttons -->
				
			</control>
			<control type="scrollbar" id="60"> <!-- Side menu Scrollbar> -->
				<left>65</left>
				<top>32</top>
				<width>14</width>
				<height>808</height>
				<onleft>SetProperty(MediaMenu,True,Home)</onleft>
				<onleft>SetFocus(9050)</onleft>
				<onright>9000</onright>
				<ondown>60</ondown>
				<onup>60</onup>
				<showonepage>false</showonepage>
				<texturesliderbackground />
				<texturesliderbar colordiffuse="80FFFFFF" border="1">scrollbar/texturesliderbar2.png</texturesliderbar>
				<texturesliderbarfocus border="1">scrollbar/texturesliderbar2.png</texturesliderbarfocus>
			</control>
					
				<!-- Fire Danger graphics -->
				<control type="group">				
				<visible>!Window.IsActive(FullscreenVideo)</visible>
					<control type="image"> <!-- bkg -->
						<description>locations image</description>
						<posx>76</posx>
						<posy>614</posy>
						<width>350</width>
						<height>175</height>
						<texture>special://profile/addon_data/weather.ozweather/firedanger/fire_warning_bkg.png</texture>
					</control>
					<control type="image"> <!-- arrow -->
						<description>locations image</description>
						<posx>76</posx>
						<posy>614</posy>
						<width>350</width>
						<height>175</height>
						<texture>special://profile/addon_data/weather.ozweather/firedanger/$INFO[Window.Property(Current.FireDangerText)].png</texture>
					</control>					
					<control type="button"> <!-- Text -->
					<posx>64</posx>
					<posy>798</posy>
						<label>[COLOR $VAR[ThemeLabelColor]]Fire Danger: [/COLOR]$INFO[Window.Property(Current.FireDangerText)]</label>
						<height>60</height>
						<include>SettingsPanelButtonsValues</include>
					</control>
				</control>
				<!-- END Fire Danger graphics -->
			<!-- End Side Menu Stuff -->
			<control type="group" id="9001">
				
				<control type="group"> <!-- ABC Video selector -->
					<visible>Container(9000).HasFocus(3) | [Container(9000).HasFocus(9) + !String.Contains(VideoPlayer.Title, WINm_)]</visible>
					<include>SettingsFadeAnimation</include>
					<left>437</left>
					<top>32</top>
					<width>1401</width>
					<height>838</height>
					<control type="button" id="97">
						<description>launch ABC video instructions</description>
						<top>180</top>
						<left>64</left>
						<width>780</width>
						<height>45</height>
						<font>font16</font>
						<textoffsetx>15</textoffsetx>
						<textcolor>_colour_text_default_</textcolor>
						<label>Launch the latest ABC Weather Update video?</label>
						<visible>!IsEmpty(Window.Property(Video.1))</visible>
						<onclick>PlayMedia(Window.Property(Video.1))</onclick>
					</control>
				</control>
				<!-- Add small video attempt -->
				<control type="group">
					<visible>Player.HasVideo + Container(9000).HasFocus(9) +  String.Contains(VideoPlayer.Title, WINm_)</visible>
					<left>490</left>
					<top>70</top>
					<control type="image">
						<left>-20</left>
						<top>-20</top>
						<width>1360</width>
						<height>782</height>\
						<texture>black.png</texture>
					</control>
					<control type="videowindow" id="2">
						<width>1320</width>
						<height>742</height>
						<visible>true</visible>
					</control>
				</control>
				<!-- End Add small video attempt -->
				
				<control type="group"> <!-- New Forecast -->

					<visible>Container(9000).HasFocus(4)</visible>
					<include>SettingsFadeAnimation</include>
					<left>418</left>
					<top>60</top>
					<width>1401</width>
					<height>810</height>
					
						<control type="group"> <!-- Forecast Day1 -->
						<top>40</top>
						<left>0</left>
						<width>230</width>
							<control type="label">
								<description>Day date label</description>
								<posx>50</posx>
								<posy>30</posy>
								<width>230</width>
								<height>45</height>
								<font>font13_title</font>
								<textoffsetx>15</textoffsetx>
								<textcolor>_colour_text_dim_</textcolor>
								<label>$INFO[Window.Property(Day1.Title)][CR]$INFO[Window.Property(Day1.ShortDate)]</label>
							</control>					
							<control type="multiimage">
								<description>current weather icon</description>
								<posx>60</posx>
								<posy>80</posy>
								<width>200</width>
								<height>200</height>
								<imagepath>$VAR[WeatherIconsPathVar]$INFO[Window.Property(Day1.FanartCode)]$VAR[WeatherIconsExtVar]</imagepath>
								<timeperimage>70</timeperimage>
								<fadetime>1</fadetime>
								<randomize>false</randomize>
								<aspectratio>keep</aspectratio>
							</control>
					
							<!-- General details -->
							<control type="grouplist">
								<width>467</width>
								<posx>50</posx>
								<posy>290</posy>
								<control type="button">
									<label>[COLOR red]$INFO[Window.Property(Day1.HighTemp)]$INFO[System.TemperatureUnits][/COLOR] | [COLOR $VAR[ThemeLabelColor]]$INFO[Window.Property(Day1.LowTemp)]$INFO[System.TemperatureUnits][/COLOR]</label>
									<height>45</height>
									<include>SettingsPanelButtonsValues</include>
								</control>
								<control type="button">
									<label>$INFO[Window.Property(Daily.1.Outlook)]</label>
									<height>80</height>
									<width>250</width>
									<wrapmultiline>true</wrapmultiline>
									<include>SettingsPanelButtonsValues</include>
								</control>
								<control type="button">
									<label>[COLOR $VAR[ThemeLabelColor]]Rain:[/COLOR] $INFO[Window.Property(Day1.RainChance)]%[CR]$INFO[Window.Property(Day1.RainChanceAmount)]</label>
									<height>110</height>
									<width>220</width>
									<wrapmultiline>true</wrapmultiline>
								</control>
								<control type="button">
									<label>[COLOR $VAR[ThemeLabelColor]]Wind: [/COLOR]$INFO[Window.Property(Daily.1.WindDirection)][CR]$INFO[Window.Property(Daily.1.WindSpeed)]</label>
									<height>110</height>
									<include>SettingsPanelButtonsValues</include>
								</control>			
								
							</control>
							<!-- End General details -->
						</control>
					
						<control type="group"> <!-- Forecast Day 2 -->
						<top>40</top>
						<left>233</left>
						<width>230</width>
							<control type="label">
								<description>Day date label</description>
								<posx>50</posx>
								<posy>30</posy>
								<width>230</width>
								<height>45</height>
								<font>font13_title</font>
								<textoffsetx>15</textoffsetx>
								<textcolor>_colour_text_dim_</textcolor>
								<label>$INFO[Window.Property(Day2.Title)][CR]$INFO[Window.Property(Day2.ShortDate)]</label>
							</control>					
							<control type="multiimage">
								<description>current weather icon</description>
								<posx>60</posx>
								<posy>80</posy>
								<width>200</width>
								<height>200</height>
								<imagepath>$VAR[WeatherIconsPathVar]$INFO[Window.Property(Day2.FanartCode)]$VAR[WeatherIconsExtVar]</imagepath>
								<timeperimage>70</timeperimage>
								<fadetime>1</fadetime>
								<randomize>false</randomize>
								<aspectratio>keep</aspectratio>
							</control>
					
							<!-- General details -->
							<control type="grouplist">
								<width>467</width>
								<posx>50</posx>
								<posy>290</posy>
								<control type="button">
									<label>[COLOR red]$INFO[Window.Property(Day2.HighTemp)]$INFO[System.TemperatureUnits][/COLOR] | [COLOR $VAR[ThemeLabelColor]]$INFO[Window.Property(Day2.LowTemp)]$INFO[System.TemperatureUnits][/COLOR]</label>
									<height>45</height>
									<include>SettingsPanelButtonsValues</include>
								</control>
								<control type="button">
									<label>$INFO[Window.Property(Daily.2.Outlook)]</label>
									<height>80</height>
									<width>250</width>
									<wrapmultiline>true</wrapmultiline>
									<include>SettingsPanelButtonsValues</include>
								</control>
								<control type="button">
									<label>[COLOR $VAR[ThemeLabelColor]]Rain:[/COLOR] $INFO[Window.Property(Day2.RainChance)]%[CR]$INFO[Window.Property(Day2.RainChanceAmount)]</label>
									<height>110</height>
									<width>220</width>
									<wrapmultiline>true</wrapmultiline>
								</control>
								<control type="button">
									<label>[COLOR $VAR[ThemeLabelColor]]Wind: [/COLOR]$INFO[Window.Property(Daily.2.WindDirection)][CR]$INFO[Window.Property(Daily.2.WindSpeed)]</label>
									<height>55</height>
									<include>SettingsPanelButtonsValues</include>
								</control>				
								
							</control>
							<!-- End General details -->
						</control>
					
						<control type="group"> <!-- Forecast Day 3 -->
						<top>40</top>
						<left>466</left>
						<width>230</width>
							<control type="label">
								<description>Day date label</description>
								<posx>50</posx>
								<posy>30</posy>
								<width>230</width>
								<height>45</height>
								<font>font13_title</font>
								<textoffsetx>15</textoffsetx>
								<textcolor>_colour_text_dim_</textcolor>
								<label>$INFO[Window.Property(Day3.Title)][CR]$INFO[Window.Property(Day3.ShortDate)]</label>
							</control>					
							<control type="multiimage">
								<description>current weather icon</description>
								<posx>60</posx>
								<posy>80</posy>
								<width>200</width>
								<height>200</height>
								<imagepath>$VAR[WeatherIconsPathVar]$INFO[Window.Property(Day3.FanartCode)]$VAR[WeatherIconsExtVar]</imagepath>
								<timeperimage>70</timeperimage>
								<fadetime>1</fadetime>
								<randomize>false</randomize>
								<aspectratio>keep</aspectratio>
							</control>
					
							<!-- General details -->
							<control type="grouplist">
								<width>467</width>
								<posx>50</posx>
								<posy>290</posy>
								<control type="button">
									<label>[COLOR red]$INFO[Window.Property(Day3.HighTemp)]$INFO[System.TemperatureUnits][/COLOR] | [COLOR $VAR[ThemeLabelColor]]$INFO[Window.Property(Day3.LowTemp)]$INFO[System.TemperatureUnits][/COLOR]</label>
									<height>45</height>
									<include>SettingsPanelButtonsValues</include>
								</control>
								<control type="button">
									<label>$INFO[Window.Property(Daily.3.Outlook)]</label>
									<height>80</height>
									<width>250</width>
									<wrapmultiline>true</wrapmultiline>
									<include>SettingsPanelButtonsValues</include>
								</control>
								<control type="button">
									<label>[COLOR $VAR[ThemeLabelColor]]Rain:[/COLOR] $INFO[Window.Property(Day3.RainChance)]%[CR]$INFO[Window.Property(Day3.RainChanceAmount)]</label>
									<height>110</height>
									<width>220</width>
									<wrapmultiline>true</wrapmultiline>
								</control>
								<control type="button">
									<label>[COLOR $VAR[ThemeLabelColor]]Wind: [/COLOR]$INFO[Window.Property(Daily.3.WindDirection)][CR]$INFO[Window.Property(Daily.3.WindSpeed)]</label>
									<height>55</height>
									<include>SettingsPanelButtonsValues</include>
								</control>				
								
							</control>
							<!-- End General details -->
						</control>
					
						<control type="group"> <!-- Forecast Day 4 -->
						<top>40</top>
						<left>699</left>
						<width>230</width>
							<control type="label">
								<description>Day date label</description>
								<posx>50</posx>
								<posy>30</posy>
								<width>230</width>
								<height>45</height>
								<font>font13_title</font>
								<textoffsetx>15</textoffsetx>
								<textcolor>_colour_text_dim_</textcolor>
								<label>$INFO[Window.Property(Day4.Title)][CR]$INFO[Window.Property(Day4.ShortDate)]</label>
							</control>					
							<control type="multiimage">
								<description>current weather icon</description>
								<posx>60</posx>
								<posy>80</posy>
								<width>200</width>
								<height>200</height>
								<imagepath>$VAR[WeatherIconsPathVar]$INFO[Window.Property(Day4.FanartCode)]$VAR[WeatherIconsExtVar]</imagepath>
								<timeperimage>70</timeperimage>
								<fadetime>1</fadetime>
								<randomize>false</randomize>
								<aspectratio>keep</aspectratio>
							</control>
					
							<!-- General details -->
							<control type="grouplist">
								<width>467</width>
								<posx>50</posx>
								<posy>290</posy>
								<control type="button">
									<label>[COLOR red]$INFO[Window.Property(Day4.HighTemp)]$INFO[System.TemperatureUnits][/COLOR] | [COLOR $VAR[ThemeLabelColor]]$INFO[Window.Property(Day4.LowTemp)]$INFO[System.TemperatureUnits][/COLOR]</label>
									<height>45</height>
									<include>SettingsPanelButtonsValues</include>
								</control>
								<control type="button">
									<label>$INFO[Window.Property(Daily.4.Outlook)]</label>
									<height>80</height>
									<width>250</width>
									<wrapmultiline>true</wrapmultiline>
									<include>SettingsPanelButtonsValues</include>
								</control>
								<control type="button">
									<label>[COLOR $VAR[ThemeLabelColor]]Rain:[/COLOR] $INFO[Window.Property(Day4.RainChance)]%[CR]$INFO[Window.Property(Day4.RainChanceAmount)]</label>
									<height>110</height>
									<width>220</width>
									<wrapmultiline>true</wrapmultiline>
								</control>
								<control type="button">
									<label>[COLOR $VAR[ThemeLabelColor]]Wind: [/COLOR]$INFO[Window.Property(Daily.4.WindDirection)][CR]$INFO[Window.Property(Daily.4.WindSpeed)]</label>
									<height>55</height>
									<include>SettingsPanelButtonsValues</include>
								</control>				
								
							</control>
							<!-- End General details -->
						</control>
					
						<control type="group"> <!-- Forecast Day 5 -->
						<top>40</top>
						<left>932</left>
						<width>230</width>
							<control type="label">
								<description>Day date label</description>
								<posx>50</posx>
								<posy>30</posy>
								<width>230</width>
								<height>45</height>
								<font>font13_title</font>
								<textoffsetx>15</textoffsetx>
								<textcolor>_colour_text_dim_</textcolor>
								<label>$INFO[Window.Property(Day5.Title)][CR]$INFO[Window.Property(Day5.ShortDate)]</label>
							</control>					
							<control type="multiimage">
								<description>current weather icon</description>
								<posx>60</posx>
								<posy>80</posy>
								<width>200</width>
								<height>200</height>
								<imagepath>$VAR[WeatherIconsPathVar]$INFO[Window.Property(Day5.FanartCode)]$VAR[WeatherIconsExtVar]</imagepath>
								<timeperimage>70</timeperimage>
								<fadetime>1</fadetime>
								<randomize>false</randomize>
								<aspectratio>keep</aspectratio>
							</control>
					
							<!-- General details -->
							<control type="grouplist">
								<width>467</width>
								<posx>50</posx>
								<posy>290</posy>
								<control type="button">
									<label>[COLOR red]$INFO[Window.Property(Day5.HighTemp)]$INFO[System.TemperatureUnits][/COLOR] | [COLOR $VAR[ThemeLabelColor]]$INFO[Window.Property(Day5.LowTemp)]$INFO[System.TemperatureUnits][/COLOR]</label>
									<height>45</height>
									<include>SettingsPanelButtonsValues</include>
								</control>
								<control type="button">
									<label>$INFO[Window.Property(Daily.5.Outlook)]</label>
									<height>80</height>
									<width>250</width>
									<wrapmultiline>true</wrapmultiline>
									<include>SettingsPanelButtonsValues</include>
								</control>
								<control type="button">
									<label>[COLOR $VAR[ThemeLabelColor]]Rain:[/COLOR] $INFO[Window.Property(Day5.RainChance)]%[CR]$INFO[Window.Property(Day5.RainChanceAmount)]</label>
									<height>110</height>
									<width>220</width>
									<wrapmultiline>true</wrapmultiline>
								</control>
								<control type="button">
									<label>[COLOR $VAR[ThemeLabelColor]]Wind: [/COLOR]$INFO[Window.Property(Daily.5.WindDirection)][CR]$INFO[Window.Property(Daily.5.WindSpeed)]</label>
									<height>55</height>
									<include>SettingsPanelButtonsValues</include>
								</control>				
								
							</control>
							<!-- End General details -->
						</control>
						<control type="group"> <!-- Forecast Day 6 -->
						<top>40</top>
						<left>1165</left>
						<width>230</width>
							<control type="label">
								<description>Day date label</description>
								<posx>50</posx>
								<posy>30</posy>
								<width>230</width>
								<height>45</height>
								<font>font13_title</font>
								<textoffsetx>15</textoffsetx>
								<textcolor>_colour_text_dim_</textcolor>
								<label>$INFO[Window.Property(Day6.Title)][CR]$INFO[Window.Property(Day6.ShortDate)]</label>
							</control>					
							<control type="multiimage">
								<description>current weather icon</description>
								<posx>60</posx>
								<posy>80</posy>
								<width>200</width>
								<height>200</height>
								<imagepath>$VAR[WeatherIconsPathVar]$INFO[Window.Property(Day6.FanartCode)]$VAR[WeatherIconsExtVar]</imagepath>
								<timeperimage>70</timeperimage>
								<fadetime>1</fadetime>
								<randomize>false</randomize>
								<aspectratio>keep</aspectratio>
							</control>
					
							<!-- General details -->
							<control type="grouplist">
								<width>467</width>
								<posx>50</posx>
								<posy>290</posy>
								<control type="button">
									<label>[COLOR red]$INFO[Window.Property(Day6.HighTemp)]$INFO[System.TemperatureUnits][/COLOR] | [COLOR $VAR[ThemeLabelColor]]$INFO[Window.Property(Day6.LowTemp)]$INFO[System.TemperatureUnits][/COLOR]</label>
									<height>45</height>
									<include>SettingsPanelButtonsValues</include>
								</control>
								<control type="button">
									<label>$INFO[Window.Property(Daily.6.Outlook)]</label>
									<height>80</height>
									<width>250</width>
									<wrapmultiline>true</wrapmultiline>
									<include>SettingsPanelButtonsValues</include>
								</control>
								<control type="button">
									<label>[COLOR $VAR[ThemeLabelColor]]Rain:[/COLOR] $INFO[Window.Property(Day6.RainChance)]%[CR]$INFO[Window.Property(Day6.RainChanceAmount)]</label>
									<height>110</height>
									<width>220</width>
									<wrapmultiline>true</wrapmultiline>
								</control>
								<control type="button">
									<label>[COLOR $VAR[ThemeLabelColor]]Wind: [/COLOR]$INFO[Window.Property(Daily.6.WindDirection)][CR]$INFO[Window.Property(Daily.6.WindSpeed)]</label>
									<height>55</height>
									<include>SettingsPanelButtonsValues</include>
								</control>				
								
							</control>
							<!-- End General details -->
						</control>
				</control>

				<control type="group">
					<visible>Container(9000).HasFocus(8)</visible>
					<include>SettingsFadeAnimation</include>
					<left>437</left>
					<top>113</top>
					<width>1401</width>
					<height>810</height>
						<control type="button" id="98">
							<description>refresh</description>
							<top>180</top>
							<left>64</left>
							<width>780</width>
							<height>45</height>
							<font>font16</font>
							<textoffsetx>15</textoffsetx>
							<textcolor>_colour_text_default_</textcolor>
							<label>Last refreshed: $INFO[Window(Weather).Property(Updated)]</label>
							<visible>!IsEmpty(Window.Property(Video.1))</visible>
							<onclick>PlayMedia(Window.Property(Video.1))</onclick>
						</control>
				</control>
				
				<control type="group"> <!-- JF Radar and Overview -->
					<visible>Container(9000).HasFocus(1)</visible>
					<include>SettingsFadeAnimation</include>
					<left>430</left>
					<top>32</top>
					<width>1401</width>
					<height>810</height>
						
					<!-- RADAR BACKGROUND IMAGES -->
					<control type="image">
						<description>background image</description>
						<posx>70</posx>
						<posy>12</posy>
						<width>708</width>
						<height>798</height>
						<texture>special://profile/addon_data/weather.ozweather/radarbackgrounds/$INFO[Window.Property(Radar)]/legend.png</texture>
					</control>

					<control type="image">
						<description>background image</description>
						<posx>70</posx>
						<posy>12</posy>
						<width>708</width>
						<height>708</height>
						<texture>special://profile/addon_data/weather.ozweather/radarbackgrounds/$INFO[Window.Property(Radar)]/background.png</texture>
					</control>

					<control type="image">
						<description>background image</description>
						<posx>70</posx>
						<posy>12</posy>
						<width>708</width>
						<height>708</height>
						<texture>special://profile/addon_data/weather.ozweather/radarbackgrounds/$INFO[Window.Property(Radar)]/topography.png</texture>
					</control>

					<control type="image">
						<description>background image</description>
						<posx>70</posx>
						<posy>12</posy>
						<width>708</width>
						<height>708</height>
						<texture>special://profile/addon_data/weather.ozweather/radarbackgrounds/$INFO[Window.Property(Radar)]/catchments.png</texture>
					</control>

					<control type="image">
						<description>background image</description>
						<posx>70</posx>
						<posy>12</posy>
						<width>708</width>
						<height>708</height>
						<texture>special://profile/addon_data/weather.ozweather/radarbackgrounds/$INFO[Window.Property(Radar)]/range.png</texture>
					</control>

					<control type="image">
						<description>locations image</description>
						<posx>70</posx>
						<posy>12</posy>
						<width>708</width>
						<height>708</height>
						<texture>special://profile/addon_data/weather.ozweather/radarbackgrounds/$INFO[Window.Property(Radar)]/locations.png</texture>
					</control>			

					<!-- RADAR OVERLAY SLIDESHOW -->
					<control type="multiimage">
						<description>maps multiimage</description>
						<posx>70</posx>
						<posy>5</posy>
						<width>708</width>
						<height>708</height>
						<imagepath>special://profile/addon_data/weather.ozweather/currentloop/$INFO[Window.Property(Radar)]/</imagepath>
						<timeperimage>500</timeperimage>
						<pauseatend>1000</pauseatend>
						<fadetime>0</fadetime>
						<randomize>false</randomize>
						<loop>yes</loop>
						<texture border="10">ContentPanel.png</texture>
					</control>
					<!-- End Radar Stuff -->
					
					<!-- TEXTBOX next to RADAR -->		
					<control type="multiimage">
						<description>current weather icon</description>
						<top>-42</top>
						<left>976</left>
						<width>260</width>
						<height>260</height>
						<imagepath>$VAR[WeatherIconsPathVar]$INFO[Window.Property(Current.FanartCode)]$VAR[WeatherIconsExtVar]</imagepath>
						<timeperimage>70</timeperimage>
						<fadetime>1</fadetime>
						<randomize>false</randomize>
						<aspectratio>keep</aspectratio>
					</control>					
					<control type="label">
						<description>weather location label</description>
						<top>0</top>
						<left>810</left>
						<width>690</width>
						<height>45</height>
						<font>font15_title</font>
						<textoffsetx>15</textoffsetx>
						<textcolor>_colour_text_default_</textcolor>
						<shadowcolor>ff000000</shadowcolor>
						<label>$INFO[Window.Property(Location)]</label>
					</control>					

					<control type="label">
						<description>current temp Value</description>
						<top>-42</top>
						<left>680</left>
						<width>270</width>
						<height>300</height>
						<font>WeatherTemp</font>
						<align>right</align>
						<label>$INFO[Window.Property(Current.Temperature)]</label>
						<textcolor>_colour_text_default_</textcolor>
						<shadowcolor>ff000000</shadowcolor>
					</control>
					<control type="label">
						<description>current temp Value Units</description>
						<left>950</left>
						<top>-60</top>
						<width>150</width>
						<height>290</height>
						<font>font16</font>
						<label>$INFO[System.TemperatureUnits]</label>
						<textcolor>_colour_text_dim_</textcolor>
					</control>

					<control type="label">
						<left>658</left>
						<top>152</top>
						<width>475</width>
						<height>70</height>
						<font>font15</font>
						<align>center</align>
						<textcolor>_colour_text_dim_</textcolor>
						<label>$INFO[Window.Property(Day0.HighTemp),[COLOR red],[/COLOR]]$INFO[Window.Property(Day0.LowTemp), | [COLOR blue],[/COLOR]]</label>
					</control>
					<control type="label">
						<description>current condition label</description>
						<top>210</top>
						<left>810</left>
						<width>600</width>
						<height>92</height>
						<label>$INFO[Window.Property(Current.Condition)]. [CR]$INFO[Window.Property(Current.ChancePrecipitation)]% chance of rain.</label>
						<wrapmultiline>true</wrapmultiline>
						<font>font16</font>
						<textoffsetx>15</textoffsetx>
						<textcolor>_colour_text_dim_</textcolor>
					</control>
					
					<control type="grouplist"> <!-- Sky details -->
						<width>467</width>
						<left>1202</left>
						<top>10</top>

							<control type="button">
								<label>[COLOR $VAR[ThemeLabelColor]]$LOCALIZE[33027]: [/COLOR]$INFO[Window.Property(Today.Sunrise)]</label>
								<height>40</height>
								<font>font12</font>
								<include>SettingsPanelButtonsValues</include>
							</control>
							<control type="button">
								<label>[COLOR $VAR[ThemeLabelColor]]$LOCALIZE[33028]:  [/COLOR]$INFO[Window.Property(Today.Sunset)]</label>
								<height>40</height>
								<font>font12</font>
								<include>SettingsPanelButtonsValues</include>
							</control>
							<control type="button">
								<label> </label>
								<height>18</height>
								<include>SettingsPanelButtonsValues</include>
							</control>
							<control type="button">
								<label>[COLOR $VAR[ThemeLabelColor]]Moon Phase:[CR][/COLOR]$INFO[Window.Property(Today.moonphase)]</label>
								<height>60</height>
								<font>font12</font>
								<include>SettingsPanelButtonsValues</include>
							</control>							
					</control>					
					<!-- END Sky details -->
					
					
					<control type="grouplist"> <!-- General details -->
						<width>467</width>
						<left>810</left>
						<top>310</top>
						<control type="button">
							<label>[COLOR $VAR[ThemeLabelColor]]$LOCALIZE[402]: [/COLOR]$INFO[Window.Property(Current.FeelsLike)]$INFO[System.TemperatureUnits]</label>
							<height>50</height>
							<include>SettingsPanelButtonsValues</include>
						</control>
						<control type="button">
							<label>[COLOR $VAR[ThemeLabelColor]]$LOCALIZE[404]: [/COLOR]$INFO[Window.Property(Current.Wind)]</label>
							<height>50</height>
							<include>SettingsPanelButtonsValues</include>
						</control>
						<control type="button">
							<label>[COLOR $VAR[ThemeLabelColor]]$LOCALIZE[406]: [/COLOR]$INFO[Window.Property(Current.Humidity)]</label>
							<height>50</height>
							<include>SettingsPanelButtonsValues</include>
						</control>
						<control type="button">
							<label>[COLOR $VAR[ThemeLabelColor]]$LOCALIZE[405]: [/COLOR]$INFO[Window.Property(Current.DewPoint)]$INFO[System.TemperatureUnits]</label>
							<height>50</height>
							<include>SettingsPanelButtonsValues</include>
						</control>
						<control type="button">
							<label>[COLOR $VAR[ThemeLabelColor]]UV Index: [/COLOR]$INFO[Window.Property(Current.UVIndex)]</label>
							<height>50</height>
							<include>SettingsPanelButtonsValues</include>
						</control>
						<control type="button">
							<label>[COLOR $VAR[ThemeLabelColor]]Precipitation: [/COLOR]$INFO[Window.Property(Current.Precipitation)]</label>
							<height>50</height>
							<include>SettingsPanelButtonsValues</include>
						</control>
						<control type="button">
							<label>[COLOR $VAR[ThemeLabelColor]]Conditions:[/COLOR]</label>
							<height>44</height>
							<!-- <include>SettingsPanelButtonsValues</include> -->
						</control>

					</control>
						<control type="textbox">
							<left>826</left>
							<top>660</top>
							<description>Long Weather Forecast</description>
							<width>424</width>
							<height>144</height>
							<font>font12</font>
							<align>left</align>
							<textcolor>_colour_text_default_</textcolor>
							<shadowcolor>black</shadowcolor>
							<info>Window.Property(Current.ConditionLong)</info>
							<wrapmultiline>true</wrapmultiline>
							<autoscroll time="3000" delay="4000" repeat="5000"></autoscroll>
						</control>
					<!-- End General details -->
					
				</control>
			<!-- End JF Radar Page -->
				
			</control>				
		</control>
		<include>Topbar</include>
		<control type="group">  <!-- Side Blade? -->
			<left>-440</left>
			<include>SideBladeLeft</include>
			<control type="grouplist" id="9050">
				<top>100</top>
				<width>400</width>
				<height>1080</height>
				<onleft>9050</onleft>
				<onright>ClearProperty(MediaMenu,Home)</onright>
				<onright>9000</onright>
				<onup>9050</onup>
				<ondown condition="Player.HasMedia">9957</ondown>
				<ondown condition="!Player.HasMedia">9050</ondown>
				<onback>ClearProperty(MediaMenu,Home)</onback>
				<onback>9000</onback>
				<control type="label" id="200">
					<width>400</width>
					<height>52</height>
					<textoffsetx>15</textoffsetx>
					<font>font13_title</font>
					<label>31006</label>
					<textcolor>$VAR[ThemeLabelColor]</textcolor>
				</control>
				<control type="spincontrolex" id="3">
					<description>change location button</description>
					<font />
					<include>ButtonCommonValues</include>
				</control>
				<control type="button" id="2001">
					<label>$LOCALIZE[33068]</label>
					<onclick condition="!System.HasAddon(script.image.resource.select)">InstallAddon(script.image.resource.select)</onclick>
					<onclick condition="System.HasAddon(script.image.resource.select)">RunScript(script.image.resource.select,property=weatherfanart&amp;type=resource.images.weatherfanart)</onclick>
					<include>ButtonCommonValues</include>
				</control>
				<control type="button" id="2002">
					<description>Weather icons</description>
					<label>$LOCALIZE[536]</label>
					<onclick condition="!System.HasAddon(script.image.resource.select)">InstallAddon(script.image.resource.select)</onclick>
					<onclick condition="System.HasAddon(script.image.resource.select)">RunScript(script.image.resource.select,property=weathericons&amp;type=resource.images.weathericons)</onclick>
					<textwidth>352</textwidth>
					<include>ButtonCommonValues</include>
				</control>
				<control type="label" id="203">
					<width>400</width>
					<height>52</height>
					<textoffsetx>15</textoffsetx>
					<font>font13_title</font>
					<label>31026</label>
					<textcolor>$VAR[ThemeLabelColor]</textcolor>
				</control>
				<control type="button" id="2">
					<description>Refresh button</description>
					<textwidth>352</textwidth>
					<include>ButtonCommonValues</include>
					<label>103</label>
				</control>
				<control type="button" id="4">
					<description>Settings button</description>
					<label>5</label>
					<onclick>ClearProperty(MediaMenu,Home)</onclick>
					<onclick>ActivateWindow(servicesettings,weather)</onclick>
					<textwidth>352</textwidth>
					<include>ButtonCommonValues</include>
				</control>
			</control>
			<control type="group">
				<top>152</top>
				<control type="label" id="201">
					<include>ButtonCommonValues</include>
					<label>31069</label>
					<visible>!Control.HasFocus(3)</visible>
				</control>
				<control type="label" id="202">
					<textcolor>_colour_text_default_</textcolor>
					<include>ButtonCommonValues</include>
					<label>31069</label>
					<visible>Control.HasFocus(3)</visible>
				</control>
			</control>
			<include>MediaMenuPlayerControls</include>
		</control>
	</controls>
</window>