<window id="2600" debugging="true">

	<includes>
		<include file="OzWeatherVariables.xml" />	
		<include file="OzWeatherIncludes.xml" />
	</includes>

	<allowoverlay>no</allowoverlay>

	<!-- Confluence Only -->
	<defaultcontrol always="true">50</defaultcontrol>

	<controls>
		
		<include>CommonBackground</include>
		
		<!-- Major Panels -->
		<control type="group">
			<animation type="WindowOpen" reversible="false">
				<effect type="zoom" start="80" end="100" center="640,360" easing="out" tween="back" time="300" />
				<effect type="fade" start="0" end="100" time="300" />
			</animation>
			<animation type="WindowClose" reversible="false">
				<effect type="zoom" start="100" end="80" center="640,360" easing="in" tween="back" time="300" />
				<effect type="fade" start="100" end="0" time="300" />
			</animation>
			<include>VisibleFadeEffect</include>

			<!--  LEFT PANEL GROUP  -->
			<control type="group">				
				<posx>3%</posx>
				<posy>5%</posy>

				<!-- Confluence Only - ok to use non percents here as Confluence = 720p fixed -->
				<control type="image">
					<posx>0</posx>
					<posy>0</posy>
					<width>550</width>
					<height>670</height>
					<texture border="20">ContentPanel.png</texture>
					<visible>String.IsEqual(Window.Property(SkinInUse),"Confluence")</visible>
				</control>

				<include content="Header">
					<param name="posx">2%</param>
					<param name="posy">3%</param>
					<param name="width">40%</param>
					<param name="label">Radar ($INFO[Window.Property(Radar)]), updated $INFO[Window.Property(Updated)]</param>
				</include>	
				
				<!-- Note the first is larger, it add's the legend and copyright banner around the rest -->
				<include content="RadarBackground">
					<param name="height">RadarLegend</param>
					<param name="texture">special://profile/addon_data/weather.ozweather/radarbackgrounds/$INFO[Window.Property(Radar)]/legend.png</param>
				</include>	
				<include content="RadarBackground">
					<param name="texture">special://profile/addon_data/weather.ozweather/radarbackgrounds/$INFO[Window.Property(Radar)]/background.png</param>
				</include>					
				<include content="RadarBackground">
					<param name="texture">special://profile/addon_data/weather.ozweather/radarbackgrounds/$INFO[Window.Property(Radar)]/topography.png</param>
				</include>		
				<include content="RadarBackground">
					<param name="texture">special://profile/addon_data/weather.ozweather/radarbackgrounds/$INFO[Window.Property(Radar)]/catchments.png</param>
				</include>		
				<include content="RadarBackground">
					<param name="texture">special://profile/addon_data/weather.ozweather/radarbackgrounds/$INFO[Window.Property(Radar)]/range.png</param>
				</include>		
				<include content="RadarBackground">
					<param name="texture">special://profile/addon_data/weather.ozweather/radarbackgrounds/$INFO[Window.Property(Radar)]/locations.png</param>
				</include>						
		
				<include content="RadarLoop"></include>

				<include content="OzWeatherButtons"></include>		
				<include content="OzWeatherTag"></include>	

			</control> 
			<!--  END LEFT PANEL GROUP -->
			
			<!-- RIGHT PANEL GROUP  -->
			<control type="group">

				<posx>46%</posx>
				<posy>5%</posy>
				
				<!-- Confluence Only - ok to use non percents here as Confluence = 720p fixed -->
				<control type="image">
					<posx>0</posx>
					<posy>0</posy>
					<width>680</width>
					<height>670</height>
					<texture border="20">ContentPanel.png</texture>
					<visible>String.IsEqual(Window.Property(SkinInUse),"Confluence")</visible>
				</control>

				<include content="Header">
					<param name="posx">3%</param>
					<param name="posy">3%</param>
					<param name="width">90%</param>
					<param name="label">$INFO[Window.Property(Location)]</param>
				</include>	


				<control type="group">
					<posx>7%</posx>
					<posy>7%</posy>
					<height>30%</height>
					<width>100%</width>

					<include content="Separator" />

					<include content="Header">
						<param name="posx">0%</param>
						<param name="posy">5%</param>
						<param name="label">$INFO[Window.Property(Daily.1.Outlook)]</param>
					</include>	

					<include content="Header">
						<param name="posx">0%</param>
						<param name="posy">18%</param>
						<param name="label">[COLOR grey]$INFO[Window.Property(Current.NowLabel)] - [/COLOR][COLOR orange]$INFO[Window.Property(Current.NowValue)]&#176;[/COLOR]</param>
					</include>				

					<include content="Header">
						<param name="posx">0%</param>
						<param name="posy">28%</param>
						<param name="label">[COLOR grey]$INFO[Window.Property(Current.LaterLabel)] - [/COLOR][COLOR skyblue]$INFO[Window.Property(Current.LaterValue)]&#176;[/COLOR]</param>
					</include>	

					<control type="image">
						<description>Current Weather Icon</description>
						<posx>0%</posx>
						<posy>32%</posy>
						<width>16%</width>
						<info>Window.Property(Current.ConditionIcon)</info>
						<aspectratio>keep</aspectratio>
					</control>

					<include content="Header">
						<param name="posx">20%</param>
						<param name="posy">47%</param>
						<param name="label">[COLOR grey]Now:[/COLOR]</param>
					</include>	

					<include content="Header">
						<param name="posx">34%</param>
						<param name="posy">47%</param>
						<param name="label">[COLOR grey2]Feels Like:[/COLOR]</param>
					</include>	

					<control type="label">
						<description>Current Temperature</description>
						<posx>22%</posx>
						<posy>60%</posy>
						<font>font_MainMenu</font>
						<label>$INFO[Window.Property(Current.Temperature)]&#176;</label>
						<textcolor>white</textcolor>
						<shadowcolor>black</shadowcolor>
					</control>	

					<control type="label">
						<description>Feels Like Temperature</description>
						<posx>40%</posx>
						<posy>60%</posy>
						<font>font_MainMenu</font>
						<label>$INFO[Window.Property(Current.FeelsLike)]&#176;</label>
						<textcolor>grey</textcolor>
						<shadowcolor>black</shadowcolor>
					</control>	

					<control type="grouplist">
						<posx>27%</posx>
						<posy>10%</posy>
						<height>100%</height>
						<width>40%</width>
						<itemgap>20%</itemgap>

						<include content="WeatherInfoLabel">
							<param name="label">Rain Since 9am</param>	
						</include>
						<include content="WeatherInfoLabel">
							<param name="label">Humidity</param>	
						</include>
						<include content="WeatherInfoLabel">
							<param name="label">UV Max Today</param>	
						</include>
						<include content="WeatherInfoLabel">
							<param name="label">Fire Danger</param>	
						</include>
						<include content="WeatherInfoLabel">
							<param name="label">Wind</param>	
						</include>
						<include content="WeatherInfoLabel">
							<param name="label">Gusts</param>	
						</include>													
						<include content="WeatherInfoLabel">
							<param name="label">Sunrise</param>	
						</include>
						<include content="WeatherInfoLabel">
							<param name="label">Sunset</param>	
						</include>						
					</control>

					<control type="grouplist">
						<posx>68%</posx>
						<posy>10%</posy>
						<height>100%</height>
						<width>20%</width>
						<itemgap>20%</itemgap>

						<include content="WeatherInfoValue">
							<param name="label">$INFO[Window.Property(Current.RainSince9)]mm</param>	
						</include>
						<include content="WeatherInfoValue">
							<param name="label">$INFO[Window.Property(Current.Humidity)]</param>	
						</include>
						<include content="WeatherInfoValue">
							<param name="label">$INFO[Window.Property(Current.UVIndex)]</param>	
						</include>
						<include content="WeatherInfoValue">
							<param name="label">$INFO[Window.Property(Current.FireDanger)]</param>	
						</include>
						<include content="WeatherInfoValue">
							<param name="label">$INFO[Window.Property(Current.WindDirection)] @ $INFO[Window.Property(Current.WindSpeed)]</param>
						</include>		
						<include content="WeatherInfoValue">
							<param name="label">$INFO[Window.Property(Current.WindGust)] km/h</param>	
						</include>		
						<include content="WeatherInfoValue">
							<param name="label">$INFO[Window.Property(Current.Sunrise)]</param>	
						</include>	
						<include content="WeatherInfoValue">
							<param name="label">$INFO[Window.Property(Current.Sunset)]</param>	
						</include>
					</control>

				</control>

	

						<!-- Today's row in the forecast table -->
<!-- 					<include content="ForecastRow">
						<param name="posx">0</param>
						<param name="posy">0</param>
						<param name="iconcode">$INFO[Window.Property(Daily.1.OutlookIcon)]</param>
						<param name="outlook">$INFO[Window.Property(Daily.1.Outlook)]</param>
						<param name="DayLabel">Today</param>
						<param name="HighTemperature">$INFO[Window.Property(Daily.1.HighTemperature)]</param>
						<param name="LowTemperature">$INFO[Window.Property(Daily.1.LowTemperature)]</param>
						<param name="RainChance">$INFO[Window.Property(Daily.1.RainChance)]</param>
						<param name="RainAmount">$INFO[Window.Property(Daily.1.RainAmount)]</param>
					</include> -->			

<!-- 				<control type="label">
					<description>header label</description>
					<posx>80</posx>
					<posy>13</posy>
					<width>510</width>
					<height>30</height>
					<font>font12_title</font>
					<label>Observations & Forecast - $INFO[Window.Property(Location)]</label>
					<align>center</align>
					<aligny>center</aligny>
					<textcolor>white</textcolor>
					<shadowcolor>black</shadowcolor>
				</control> -->

				<!-- CURRENT OBSERVATIONS -->
<!-- 				<control type="group">
					<posx>0</posx>
					<posy>0</posy>       
					<control type="image">
						<description>current weather icon</description>
						<posx>20</posx>
						<posy>48</posy>
						<width>100</width>
						<height>80</height>
						<info>Window.Property(Current.ConditionIcon)</info>
						<aspectratio>keep</aspectratio>
					</control>
					<control type="label">
						<description>current temp Value</description>
						<posx>250</posx>
						<posy>70</posy>
						<width>180</width>
						<height>40</height>
						<font>font_MainMenu</font>
						<align>right</align>
						<aligny>top</aligny>
						<label>$INFO[Window.Property(Current.Temperature)]$INFO[System.TemperatureUnits]</label>
						<textcolor>white</textcolor>
						<shadowcolor>black</shadowcolor>
					</control>				
					<control type="label">
						<description>now label</description>
						<posx>125</posx>
						<posy>17</posy>
						<width>460</width>
						<height>160</height>
						<label>Now:</label>
						<wrapmultiline>true</wrapmultiline>
						<font>font10</font>
						<align>left</align>
						<scroll>true</scroll>
						<aligny>center</aligny>
						<textcolor>white</textcolor>
						<shadowcolor>black</shadowcolor>
					</control>
					<control type="label">
						<description>current condition label</description>
						<posx>120</posx>
						<posy>-15</posy>
						<width>460</width>
						<height>160</height>
						<info>Window.Property(Current.Condition)</info>
						<wrapmultiline>true</wrapmultiline>
						<font>font10</font>
						<align>left</align>
						<scroll>true</scroll>
						<aligny>center</aligny>
						<textcolor>gray</textcolor>
						<shadowcolor>black</shadowcolor>
					</control>
					<control type="label">
						<description>current feels like label</description>
						<posx>390</posx>
						<posy>55</posy>
						<width>170</width>
						<height>35</height>
						<font>font10</font>
						<align>right</align>
						<aligny>center</aligny>
						<label>$LOCALIZE[402] :</label>
						<textcolor>grey2</textcolor>
						<shadowcolor>black</shadowcolor>
					</control>
					<control type="label">
						<description>current humidity label</description>
						<posx>390</posx>
						<posy>70</posy>
						<width>170</width>
						<height>35</height>
						<font>font10</font>
						<align>right</align>
						<aligny>center</aligny>
						<label>$LOCALIZE[406] :</label>
						<textcolor>grey2</textcolor>
						<shadowcolor>black</shadowcolor>
					</control>
					<control type="label">
						<description>current UV Index label</description>
						<posx>390</posx>
						<posy>85</posy>
						<width>170</width>
						<height>35</height>
						<font>font10</font>
						<align>right</align>
						<aligny>center</aligny>
						<label>UV Max Today :</label>
						<textcolor>grey2</textcolor>
						<shadowcolor>black</shadowcolor>
					</control>
					<control type="label">
						<description>Fire Danger Label</description>
						<posx>390</posx>
						<posy>100</posy>
						<width>170</width>
						<height>35</height>
						<font>font10</font>
						<align>right</align>
						<aligny>center</aligny>
						<label>Fire Danger :</label>
						<textcolor>grey2</textcolor>
						<shadowcolor>black</shadowcolor>
					</control>
					<control type="label">
						<description>current Wind label</description>
						<posx>390</posx>
						<posy>115</posy>
						<width>170</width>
						<height>35</height>
						<font>font10</font>
						<align>right</align>
						<aligny>center</aligny>
						<label>$LOCALIZE[404] :</label>
						<textcolor>grey2</textcolor>
						<shadowcolor>black</shadowcolor>
					</control>
					<control type="label">
						<description>current feels like Value</description>
						<posx>395</posx>
						<posy>55</posy>
						<width>300</width>
						<height>35</height>
						<font>font10</font>
						<align>left</align>
						<aligny>center</aligny>
						<label>$INFO[Window.Property(Current.FeelsLike)]$INFO[System.TemperatureUnits]</label>
						<textcolor>white</textcolor>
						<shadowcolor>black</shadowcolor>
					</control>
					<control type="label">
						<description>current humidity Value</description>
						<posx>395</posx>
						<posy>70</posy>
						<width>300</width>
						<height>35</height>
						<font>font10</font>
						<align>left</align>
						<aligny>center</aligny>
						<info>Window.Property(Current.Humidity)</info>
						<textcolor>white</textcolor>
						<shadowcolor>black</shadowcolor>
					</control>
					<control type="label">
						<description>current UV Index Value</description>
						<posx>395</posx>
						<posy>85</posy>
						<width>300</width>
						<height>35</height>
						<font>font10</font>
						<align>left</align>
						<aligny>center</aligny>
						<info>Window.Property(Current.UVIndex)</info>
						<textcolor>white</textcolor>
						<shadowcolor>black</shadowcolor>
					</control>
					<control type="label">
						<description>Fire Danger Value</description>
						<posx>395</posx>
						<posy>100</posy>
						<width>300</width>
						<height>35</height>
						<font>font10</font>
						<align>left</align>
						<aligny>center</aligny>
						<label>$INFO[Window.Property(Current.FireDanger)]</label>
						<textcolor>white</textcolor>
						<shadowcolor>black</shadowcolor>
					</control>
					<control type="label">
						<description>current Wind Value</description>
						<posx>395</posx>
						<posy>115</posy>
						<width>300</width>
						<height>35</height>
						<font>font10</font>
						<align>left</align>
						<aligny>center</aligny>
						<label>$INFO[Window.Property(Current.Wind)], gusts $INFO[Window.Property(Current.WindGust)] km/h</label>
						<textcolor>white</textcolor>
						<shadowcolor>black</shadowcolor>
					</control>
					<control type="label">
						<description>Rain Since 9 label</description>
						<posx>488</posx>
						<posy>61</posy>
						<height>20</height>
						<font>font10</font>
						<align>left</align>
						<aligny>center</aligny>
						<label>Rain Since 9am :</label>
						<textcolor>grey2</textcolor>
						<shadowcolor>black</shadowcolor>
						<visible>Weather.IsFetched</visible>
					</control>
					<control type="label">
						<description>Sunrise label</description>
						<posx>537</posx>
						<posy>76</posy>
						<height>20</height>
						<font>font10</font>
						<align>left</align>
						<aligny>center</aligny>
						<label>Sunrise :</label>
						<textcolor>grey2</textcolor>
						<shadowcolor>black</shadowcolor>
						<visible>Weather.IsFetched</visible>
					</control>
					<control type="label">
						<description>Sundown label</description>
						<posx>541</posx>
						<posy>91</posy>
						<height>20</height>
						<font>font10</font>
						<align>left</align>
						<aligny>center</aligny>
						<label>Sunset :</label>
						<textcolor>grey2</textcolor>
						<shadowcolor>black</shadowcolor>
						<visible>Weather.IsFetched</visible>
					</control>
					<control type="label">
						<description>Rain Since 9</description>
						<posx>595</posx>
						<posy>61</posy>
						<height>20</height>
						<font>font10</font>
						<align>left</align>
						<aligny>center</aligny>
						<label>$INFO[Window.Property(Current.RainSince9)]mm</label>
						<textcolor>white</textcolor>
						<shadowcolor>black</shadowcolor>
						<visible>Weather.IsFetched</visible>
					</control>
					<control type="label">
						<description>Sun up</description>
						<posx>595</posx>
						<posy>76</posy>
						<height>20</height>
						<font>font10</font>
						<align>left</align>
						<aligny>center</aligny>
						<label>$INFO[Window.Property(Current.Sunrise)]</label>
						<textcolor>white</textcolor>
						<shadowcolor>black</shadowcolor>
						<visible>Weather.IsFetched</visible>
					</control>
					<control type="label">
						<description>Sun down</description>
						<posx>595</posx>
						<posy>91</posy>
						<height>20</height>
						<font>font10</font>
						<align>left</align>
						<aligny>center</aligny>
						<label>$INFO[Window.Property(Current.Sunset)]</label>
						<textcolor>white</textcolor>
						<shadowcolor>black</shadowcolor>
						<visible>Weather.IsFetched</visible>
					</control>
				</control>	 -->
				<!-- End current conditions -->


				<control type="group">
					<posx>0%</posx>
					<posy>35%</posy>
					<height>10%</height>
					<width>100%</width>

					<include content="Separator" />

					<!-- EXTENDED WEATHER FORECAST -->
					<control type="label">
						<description>Extended Forecast Label</description>
						<posx>7%</posx>
						<posy>10%</posy>
						<font>font12_title</font>
						<label>Extended Forecast</label>
						<textcolor>white</textcolor>
						<shadowcolor>black</shadowcolor>
					</control>		
				
					<control type="textbox">
						<description>Extended Forecast</description>
						<posx>7%</posx>
						<posy>50%</posy>
						<width>80%</width>
						<height>100%</height>
						<font>font10</font>
						<textcolor>white</textcolor>
						<shadowcolor>black</shadowcolor>
						<info>Window.Property(Current.ConditionLong)</info>
						<autoscroll time="3000" delay="4000" repeat="5000"></autoscroll>
					</control> -->

				</control>



				<control type="group">
					<posx>0%</posx>
					<posy>50%</posy>
					<height>45%</height>
					<width>100%</width>

 					<include content="ForecastRow">
						<param name="posy">0%</param>
						<param name="iconcode">$INFO[Window.Property(Daily.2.OutlookIcon)]</param>
						<param name="outlook">$INFO[Window.Property(Daily.2.Outlook)]</param>
						<param name="DayLabel">$INFO[Window.Property(Daily.2.Title)]</param>
						<param name="HighTemperature">$INFO[Window.Property(Daily.2.HighTemperature)]</param>
						<param name="LowTemperature">$INFO[Window.Property(Daily.2.LowTemperature)]</param>
						<param name="RainChance">$INFO[Window.Property(Daily.2.RainChance)]</param>
						<param name="RainAmount">$INFO[Window.Property(Daily.2.RainAmount)]</param>
					</include>
					<include content="ForecastRow">
						<param name="posy">17%</param>
						<param name="iconcode">$INFO[Window.Property(Daily.3.OutlookIcon)]</param>
						<param name="outlook">$INFO[Window.Property(Daily.3.Outlook)]</param>
						<param name="DayLabel">$INFO[Window.Property(Daily.3.Title)]</param>
						<param name="HighTemperature">$INFO[Window.Property(Daily.3.HighTemperature)]</param>
						<param name="LowTemperature">$INFO[Window.Property(Daily.3.LowTemperature)]</param>
						<param name="RainChance">$INFO[Window.Property(Daily.3.RainChance)]</param>
						<param name="RainAmount">$INFO[Window.Property(Daily.3.RainAmount)]</param>
					</include>
					<include content="ForecastRow">
						<param name="posy">34%</param>
						<param name="iconcode">$INFO[Window.Property(Daily.4.OutlookIcon)]</param>
						<param name="outlook">$INFO[Window.Property(Daily.4.Outlook)]</param>
						<param name="DayLabel">$INFO[Window.Property(Daily.4.Title)]</param>
						<param name="HighTemperature">$INFO[Window.Property(Daily.4.HighTemperature)]</param>
						<param name="LowTemperature">$INFO[Window.Property(Daily.4.LowTemperature)]</param>
						<param name="RainChance">$INFO[Window.Property(Daily.4.RainChance)]</param>
						<param name="RainAmount">$INFO[Window.Property(Daily.4.RainAmount)]</param>
					</include>
					<include content="ForecastRow">
						<param name="posy">51%</param>
						<param name="iconcode">$INFO[Window.Property(Daily.5.OutlookIcon)]</param>
						<param name="outlook">$INFO[Window.Property(Daily.5.Outlook)]</param>
						<param name="DayLabel">$INFO[Window.Property(Daily.5.Title)]</param>
						<param name="HighTemperature">$INFO[Window.Property(Daily.5.HighTemperature)]</param>
						<param name="LowTemperature">$INFO[Window.Property(Daily.5.LowTemperature)]</param>
						<param name="RainChance">$INFO[Window.Property(Daily.5.RainChance)]</param>
						<param name="RainAmount">$INFO[Window.Property(Daily.5.RainAmount)]</param>
					</include>
					<include content="ForecastRow">
						<param name="posy">68%</param>
						<param name="iconcode">$INFO[Window.Property(Daily.6.OutlookIcon)]</param>
						<param name="outlook">$INFO[Window.Property(Daily.6.Outlook)]</param>
						<param name="DayLabel">$INFO[Window.Property(Daily.6.Title)]</param>
						<param name="HighTemperature">$INFO[Window.Property(Daily.6.HighTemperature)]</param>
						<param name="LowTemperature">$INFO[Window.Property(Daily.6.LowTemperature)]</param>
						<param name="RainChance">$INFO[Window.Property(Daily.6.RainChance)]</param>
						<param name="RainAmount">$INFO[Window.Property(Daily.6.RainAmount)]</param>
					</include>												
					<include content="ForecastRow">
						<param name="posy">85%</param>
						<param name="iconcode">$INFO[Window.Property(Daily.7.OutlookIcon)]</param>
						<param name="outlook">$INFO[Window.Property(Daily.7.Outlook)]</param>
						<param name="DayLabel">$INFO[Window.Property(Daily.7.Title)]</param>
						<param name="HighTemperature">$INFO[Window.Property(Daily.7.HighTemperature)]</param>
						<param name="LowTemperature">$INFO[Window.Property(Daily.7.LowTemperature)]</param>
						<param name="RainChance">$INFO[Window.Property(Daily.7.RainChance)]</param>
						<param name="RainAmount">$INFO[Window.Property(Daily.7.RainAmount)]</param>
					</include>	 


				</control> <!-- Forecast Row Group -->

			</control> <!-- Right Panel Group -->

	</control> <!-- Major Panels Group -->


	<!--  SHIT THAT GOES AT THE BOTTOM FOR THE CLOCK, SIDE MENU ETC -->

	<include>CommonNowPlaying</include>
	<control type="group">
		<posx>-250</posx>
		<include>SideBladeLeft</include>
		<control type="grouplist" id="9000">
			<posx>0</posx>
			<posy>110</posy>
			<width>250</width>
			<height>610</height>
			<onleft>9000</onleft>
			<onright>50</onright>
			<onup>9000</onup>
			<ondown>9000</ondown>
			<onback>50</onback>
			<itemgap>0</itemgap>
			<control type="label" id="200">
				<width>250</width>
				<height>35</height>
				<font>font12caps</font>
				<label>31006</label>
				<textcolor>blue</textcolor>
				<align>center</align>
				<aligny>center</aligny>
			</control>
			<control type="group" id="300">
				<width>250</width>
				<height>80</height>
				<control type="label" id="301">
					<posx>10</posx>
					<posy>0</posy>
					<width>200</width>
					<height>40</height>
					<font>font13</font>
					<label>31027</label>
					<textcolor>white</textcolor>
					<align>left</align>
					<aligny>center</aligny>
				</control>
				<control type="spincontrolex" id="3">
					<description>change location button</description>
					<posx>0</posx>
					<posy>40</posy>
					<font>-</font>
					<include>ButtonCommonValues</include>
					<onleft>50</onleft>
					<onright>50</onright>
					<onup>200</onup>
					<ondown>302</ondown>
					<onback>50</onback>
				</control>

			</control>
			<control type="button" id="302">
				<description>10 day forcast button</description>
				<textwidth>235</textwidth>
				<include>ButtonCommonValues</include>
				<label>31904</label>
				<onclick>ClearProperty(Weather.CurrentView)</onclick>
				<visible>StringCompare(Weather.Plugin,weather.weatherplus)</visible>
			</control>
			<control type="button" id="303">
				<description>36 hour forcast button</description>
				<textwidth>235</textwidth>
				<include>ButtonCommonValues</include>
				<label>31901</label>
				<onclick>SetProperty(Weather.CurrentView,36hour)</onclick>
				<visible>StringCompare(Weather.Plugin,weather.weatherplus)</visible>
			</control>
			<control type="button" id="304">
				<description>Weekend forcast button</description>
				<textwidth>235</textwidth>
				<include>ButtonCommonValues</include>
				<label>31903</label>
				<onclick>SetProperty(Weather.CurrentView,weekend)</onclick>
				<visible>StringCompare(Weather.Plugin,weather.weatherplus)</visible>
			</control>
			<control type="button" id="305">
				<description>Hourly forcast button</description>
				<textwidth>235</textwidth>
				<include>ButtonCommonValues</include>
				<label>31902</label>
				<onclick>SetProperty(Weather.CurrentView,hourly)</onclick>
				<visible>StringCompare(Weather.Plugin,weather.weatherplus)</visible>
			</control>
			<control type="button" id="306">
				<description>Hourly forcast button</description>
				<textwidth>235</textwidth>
				<include>ButtonCommonValues</include>
				<label>31906</label>
				<onclick>SetProperty(Weather.CurrentView,maps)</onclick>
				<visible>StringCompare(Weather.Plugin,weather.weatherplus)</visible>
			</control>
			<control type="label" id="201">
				<width>250</width>
				<height>35</height>
				<font>font12caps</font>
				<label>31026</label>
				<textcolor>blue</textcolor>
				<align>center</align>
				<aligny>center</aligny>
			</control>
			<control type="button" id="2">
				<description>Refresh button</description>
				<textwidth>235</textwidth>
				<include>ButtonCommonValues</include>
				<label>103</label>
			</control>
			<control type="button" id="5">
				<description>Custom Weather Script Button</description>
				<label>$INFO[Skin.String(WeatherScript_Label)]</label>
				<onclick>SetFocus(50)</onclick>
				<onclick>XBMC.RunScript($INFO[Skin.String(WeatherScript_Path)])</onclick>
				<onclick>SetFocus(50)</onclick>
				<textwidth>235</textwidth>
				<include>ButtonCommonValues</include>
				<visible>Skin.HasSetting(WeatherScript_Enable) + !IsEmpty(Skin.String(WeatherScript_Label))</visible>
			</control>
			<control type="button" id="4">
				<description>Settings button</description>
				<label>5</label>
				<onclick>ActivateWindow(servicesettings,weather)</onclick>
				<textwidth>235</textwidth>
				<include>ButtonCommonValues</include>
			</control>
			<control type="button" id="6">
				<description>ABC video button</description>
				<label>ABC Weather in 90 secs</label>
				<onclick>PlayMedia($INFO[Window.Property(Video.1)],noresume)</onclick>
				<visible>!IsEmpty(Window.Property(Video.1))</visible>
				<textwidth>235</textwidth>
				<include>ButtonCommonValues</include>
			</control>
			<include>CommonNowPlaying_Controls</include>
		</control>
	</control>
	<control type="button" id="50">
		<description>Fake Button to fix Side Menu Navigation</description>
		<onleft>3</onleft>
		<onright>3</onright>
		<onup>3</onup>
		<ondown>3</ondown>
		<visible allowhiddenfocus="true">false</visible>
	</control>
	<control type="group">
		<posx>40</posx>
		<posy>0</posy>
		<animation effect="slide" end="-310,0" time="400" tween="quadratic" easing="out">WindowClose</animation>
		<animation effect="slide" start="-310,0" time="400" tween="quadratic" easing="out">WindowOpen</animation>
		<control type="image">
			<posx>0</posx>
			<posy>0</posy>
			<width>250</width>
			<height>35</height>
			<texture border="0,0,32,0">header.png</texture>
		</control>
		<control type="label">
			<include>WindowTitleCommons</include>
			<posx>220</posx>
			<label>$LOCALIZE[8]</label>
		</control>
	</control>		<include>WindowTitleHomeButton</include>
	<include>Clock</include>
</controls>
</window>