<?xml version="1.0" encoding="UTF-8"?>
<window>
	<defaultcontrol always="true">9000</defaultcontrol>
	<controls>
		<include>CommonBackground</include>
		<control type="image">
			<left>0</left>
			<top>150r</top>
			<width>1920</width>
			<height>150</height>
			<texture>floor.png</texture>
			<include>VisibleFadeEffect</include>
		</control>
		<include content="CommonWindowHeader">
			<param name="Icon" value="icon_system" />
			<param name="Label" value="$LOCALIZE[20077]" />
		</include>
		<control type="group">
			<left>135</left>
			<top>45</top>
			<animation type="WindowOpen" reversible="false">
				<effect type="zoom" start="80" end="100" center="960,540" easing="out" tween="back" time="225" />
				<effect type="fade" start="0" end="100" time="225" />
			</animation>
			<animation type="WindowClose" reversible="false">
				<effect type="zoom" start="100" end="80" center="960,540" easing="in" tween="back" time="225" />
				<effect type="fade" start="100" end="0" time="225" />
			</animation>
			<control type="image">
				<left>8</left>
				<top>8</top>
				<width>1635</width>
				<height>945</height>
				<texture border="15">ContentPanel.png</texture>
			</control>
			<control type="image">
				<left>8</left>
				<top>938</top>
				<width>1635</width>
				<height>96</height>
				<texture border="15">ContentPanelMirror.png</texture>
			</control>
			<control type="button">
				<description>Close Window button</description>
				<left>1470</left>
				<top>17</top>
				<width>96</width>
				<height>48</height>
				<label />
				<font />
				<onclick>PreviousMenu</onclick>
				<texturefocus>DialogCloseButton-focus.png</texturefocus>
				<texturenofocus>DialogCloseButton.png</texturenofocus>
				<onleft>1</onleft>
				<onright>1</onright>
				<onup>1</onup>
				<ondown>1</ondown>
				<visible>system.getbool(input.enablemouse)</visible>
			</control>
			<control type="image">
				<description>LOGO</description>
				<left>45</left>
				<top>23</top>
				<width>330</width>
				<height>120</height>
				<aspectratio>keep</aspectratio>
				<texture>Confluence_Logo.png</texture>
			</control>
			<control type="list" id="9000">
				<left>15</left>
				<top>135</top>
				<width>390</width>
				<height>722</height>
				<onleft>9010</onleft>
				<onright>9010</onright>
				<onup>9000</onup>
				<ondown>9000</ondown>
				<pagecontrol />
				<scrolltime>300</scrolltime>
				<itemlayout height="120" width="390">
					<control type="image">
						<left>0</left>
						<top>0</top>
						<width>390</width>
						<height>122</height>
						<texture border="5">MenuItemNF.png</texture>
					</control>
					<control type="label">
						<left>15</left>
						<top>23</top>
						<width>360</width>
						<height>38</height>
						<font>font24_title</font>
						<textcolor>grey3</textcolor>
						<align>right</align>
						<aligny>center</aligny>
						<label>$INFO[ListItem.Label]</label>
					</control>
					<control type="label">
						<left>15</left>
						<top>63</top>
						<width>360</width>
						<height>38</height>
						<font>font13</font>
						<textcolor>grey2</textcolor>
						<align>right</align>
						<aligny>center</aligny>
						<label>$INFO[ListItem.Label2]</label>
					</control>
				</itemlayout>
				<focusedlayout height="120" width="390">
					<control type="image">
						<left>0</left>
						<top>0</top>
						<width>390</width>
						<height>122</height>
						<texture border="5">MenuItemFO.png</texture>
						<animation effect="fade" start="100" end="30" time="75" condition="!Control.HasFocus(9000)">Conditional</animation>
					</control>
					<control type="label">
						<left>15</left>
						<top>23</top>
						<width>360</width>
						<height>38</height>
						<font>font24_title</font>
						<textcolor>white</textcolor>
						<align>right</align>
						<aligny>center</aligny>
						<label>$INFO[ListItem.Label]</label>
					</control>
					<control type="label">
						<left>15</left>
						<top>63</top>
						<width>360</width>
						<height>38</height>
						<font>font13</font>
						<textcolor>grey2</textcolor>
						<align>right</align>
						<aligny>center</aligny>
						<label>$INFO[ListItem.Label2]</label>
					</control>
				</focusedlayout>
				<content>
					<item id="1">
						<label>128</label>
						<label2>5</label2>
					</item>
					<item id="2">
						<label>513</label>
						<label2>33063</label2>
					</item>
					<item id="3">
						<label>33068</label>
						<label2>33063</label2>
					</item>
					<item id="4">
						<label>24000</label>
						<label2>111</label2>
					</item>
				</content>
			</control>
			<control type="image">
				<left>402</left>
				<top>15</top>
				<width>1185</width>
				<height>927</height>
				<texture border="5">black-back2.png</texture>
			</control>
			<control type="image">
				<left>402</left>
				<top>15</top>
				<width>1185</width>
				<height>78</height>
				<texture>dialogheader.png</texture>
			</control>
			<control type="label">
				<description>header label</description>
				<left>450</left>
				<top>30</top>
				<width>1089</width>
				<height>45</height>
				<font>font16</font>
				<label>$LOCALIZE[20077] - $INFO[Container(9000).ListItem.Label]</label>
				<align>center</align>
				<aligny>center</aligny>
				<textcolor>white</textcolor>
				<shadowcolor>black</shadowcolor>
			</control>
			<control type="group" id="9010">
				<control type="grouplist" id="9001">
					<visible>Container(9000).Hasfocus(1)</visible>
					<left>435</left>
					<top>90</top>
					<width>1125</width>
					<height>795</height>
					<itemgap>-2</itemgap>
					<pagecontrol>60</pagecontrol>
					<onleft>9000</onleft>
					<onright>60</onright>
					<onup>9001</onup>
					<ondown>9001</ondown>
					<control type="label" id="100">
						<width>1125</width>
						<height>68</height>
						<font>font13_title</font>
						<label>31106</label>
						<textcolor>blue</textcolor>
						<shadowcolor>black</shadowcolor>
						<align>left</align>
						<aligny>center</aligny>
					</control>
					<control type="radiobutton" id="101">
						<width>1125</width>
						<height>60</height>
						<font>font13</font>
						<label>20189</label>
						<textcolor>grey2</textcolor>
						<focusedcolor>white</focusedcolor>
						<texturefocus>MenuItemFO.png</texturefocus>
						<texturenofocus>MenuItemNF.png</texturenofocus>
						<onclick>Skin.ToggleSetting(AutoScroll)</onclick>
						<selected>Skin.HasSetting(AutoScroll)</selected>
					</control>
					<control type="radiobutton" id="102">
						<width>1125</width>
						<height>60</height>
						<font>font13</font>
						<label>31103</label>
						<textcolor>grey2</textcolor>
						<focusedcolor>white</focusedcolor>
						<texturefocus>MenuItemFO.png</texturefocus>
						<texturenofocus>MenuItemNF.png</texturenofocus>
						<onclick>Skin.ToggleSetting(Show_SlideShow_Paused)</onclick>
						<selected>!Skin.HasSetting(Show_SlideShow_Paused)</selected>
					</control>
					<control type="radiobutton" id="112">
						<width>1125</width>
						<height>60</height>
						<font>font13</font>
						<label>31104</label>
						<textcolor>grey2</textcolor>
						<focusedcolor>white</focusedcolor>
						<texturefocus>MenuItemFO.png</texturefocus>
						<texturenofocus>MenuItemNF.png</texturenofocus>
						<onclick>Skin.ToggleSetting(WindowedTrailer)</onclick>
						<selected>Skin.HasSetting(WindowedTrailer)</selected>
					</control>
					<control type="radiobutton" id="113">
						<width>1125</width>
						<height>60</height>
						<font>font13</font>
						<label>31107</label>
						<textcolor>grey2</textcolor>
						<focusedcolor>white</focusedcolor>
						<texturefocus>MenuItemFO.png</texturefocus>
						<texturenofocus>MenuItemNF.png</texturenofocus>
						<onclick>Skin.ToggleSetting(HideFilenameFlagging)</onclick>
						<selected>Skin.HasSetting(HideFilenameFlagging)</selected>
					</control>
					<control type="radiobutton" id="116">
						<width>1125</width>
						<height>60</height>
						<font>font13</font>
						<label>31122</label>
						<textcolor>grey2</textcolor>
						<focusedcolor>white</focusedcolor>
						<texturefocus>MenuItemFO.png</texturefocus>
						<texturenofocus>MenuItemNF.png</texturenofocus>
						<onclick>Skin.ToggleSetting(HideEPGwithRDS)</onclick>
						<selected>Skin.HasSetting(HideEPGwithRDS)</selected>
					</control>
					<control type="button" id="117">
						<width>1125</width>
						<height>60</height>
						<font>font13</font>
						<label>31962</label>
						<textcolor>grey2</textcolor>
						<focusedcolor>white</focusedcolor>
						<texturefocus>MenuItemFO.png</texturefocus>
						<texturenofocus>MenuItemNF.png</texturenofocus>
						<onclick>Skin.SelectBool(31962, 20093|show_profilename, 31964|show_profileavatar, 16018|show_none)</onclick>
						<label2>$VAR[ProfileIdentificationLabel2Var]</label2>
					</control>
					<control type="button" id="118">
						<width>1125</width>
						<height>60</height>
						<font>font13</font>
						<label>31021</label>
						<textcolor>grey2</textcolor>
						<focusedcolor>white</focusedcolor>
						<texturefocus>MenuItemFO.png</texturefocus>
						<texturenofocus>MenuItemNF.png</texturenofocus>
						<onclick>Skin.SelectBool(31021, 31030|TitleFormat_nothing, 31036|TitleFormat_only, 31034|TitleFormat_1st, 31035|TitleFormat_2nd)</onclick>
						<label2>$VAR[ShowOriginalName]</label2>
					</control>
					<control type="radiobutton" id="119">
						<width>1125</width>
						<height>60</height>
						<font>font13</font>
						<label>31006</label>
						<textcolor>grey2</textcolor>
						<focusedcolor>white</focusedcolor>
						<texturefocus>MenuItemFO.png</texturefocus>
						<texturenofocus>MenuItemNF.png</texturenofocus>
						<onclick>Skin.ToggleSetting(OSDAutoClose)</onclick>
						<selected>Skin.HasSetting(OSDAutoClose)</selected>
					</control>
					<control type="button" id="120">
						<width>1125</width>
						<height>60</height>
						<font>font13</font>
						<label>- $LOCALIZE[31008]</label>
						<label2>$VAR[SkinSettingOSDAutoCloseTime]</label2>
						<textcolor>grey2</textcolor>
						<focusedcolor>white</focusedcolor>
						<texturefocus>MenuItemFO.png</texturefocus>
						<texturenofocus>MenuItemNF.png</texturenofocus>
						<onclick>Skin.SetNumeric(OSDAutoCloseTime)</onclick>
						<enable>Skin.HasSetting(OSDAutoClose)</enable>
					</control>
<!-- BOSSANOVA808 MOD - allow for Skin.HasSetting(IsB808) checks -->
<!-- Enables b808 specific things like birthday backgrounds etc. -->
                    <control type="label" id="121">
                        <width>1125</width>
                        <height>68</height>
                        <font>font13_title</font>
                        <label>Utilities for Bossanova808</label>
                        <textcolor>blue</textcolor>
                        <shadowcolor>black</shadowcolor>
                        <align>left</align>
                        <aligny>center</aligny>
                        <visible>Skin.HasSetting(IsB808)</visible>
                    </control>
                    <control type="button" id="122">
                        <width>1125</width>
                        <height>60</height>
                        <font>font13</font>
                        <label>Reload Skin</label>
                        <textcolor>grey2</textcolor>
                        <focusedcolor>white</focusedcolor>
                        <default>false</default>
                        <texturefocus>MenuItemFO.png</texturefocus>
                        <texturenofocus>MenuItemNF.png</texturenofocus>
                        <onclick>ReloadSkin()</onclick>
                        <visible>Skin.HasSetting(IsB808)</visible>
                    </control>
                    <control type="button" id="123">
                        <width>1125</width>
                        <height>60</height>
                        <font>font13</font>
                        <label>Reload Keymaps</label>
                        <textcolor>grey2</textcolor>
                        <focusedcolor>white</focusedcolor>
                        <default>false</default>
                        <texturefocus>MenuItemFO.png</texturefocus>
                        <texturenofocus>MenuItemNF.png</texturenofocus>
                        <onclick>Action(reloadkeymaps)</onclick>
                        <visible>Skin.HasSetting(IsB808)</visible>
                    </control>
                    <control type="radiobutton" id="124">
                        <width>1125</width>
                        <height>60</height>
                        <font>font13</font>
                        <label>Skin Debug</label>
                        <textcolor>grey2</textcolor>
                        <focusedcolor>white</focusedcolor>
                        <default>false</default>
                        <texturefocus>MenuItemFO.png</texturefocus>
                        <texturenofocus>MenuItemNF.png</texturenofocus>
                        <onclick>Skin.ToggleDebug</onclick>
                        <visible>Skin.HasSetting(IsB808)</visible>
                    </control>
                    <control type="radiobutton" id="125">
                        <width>1125</width>
                        <height>60</height>
                        <font>font13</font>
                        <label>Skin Grid</label>
                        <textcolor>grey2</textcolor>
                        <focusedcolor>white</focusedcolor>
                        <default>false</default>
                        <texturefocus>MenuItemFO.png</texturefocus>
                        <texturenofocus>MenuItemNF.png</texturenofocus>
                        <onclick>Skin.ToggleSetting(DebugGrid)</onclick>
                        <visible>Skin.HasSetting(IsB808)</visible>
                    </control>
<!--                    <control type="radiobutton" id="126">-->
<!--                        <width>1125</width>-->
<!--                        <height>60</height>-->
<!--                        <font>font13</font>-->
<!--                        <label>Bossanova808 Testing? (*Caution!* ...this may break your system!)</label>-->
<!--                        <textcolor>grey2</textcolor>-->
<!--                        <focusedcolor>white</focusedcolor>-->
<!--                        <default>false</default>-->
<!--                        <texturefocus>MenuItemFO.png</texturefocus>-->
<!--                        <texturenofocus>MenuItemNF.png</texturenofocus>-->
<!--                        <onclick>Skin.ToggleSetting(IsB808)</onclick>-->
<!--                        <selected>Skin.HasSetting(IsB808)</selected>-->
<!--                        <visible>Skin.HasSetting(IsB808)</visible>-->
<!--                    </control>-->

<!-- END BOSSANOVA808 MOD - all for IsB808 checks -->
				</control>
				<control type="scrollbar" id="60">
					<left>1590</left>
					<top>90</top>
					<width>38</width>
					<height>795</height>
					<texturesliderbackground border="0,28,0,28">ScrollBarV.png</texturesliderbackground>
					<texturesliderbar border="0,28,0,28">ScrollBarV_bar.png</texturesliderbar>
					<texturesliderbarfocus border="0,28,0,28">ScrollBarV_bar_focus.png</texturesliderbarfocus>
					<textureslidernib>ScrollBarNib.png</textureslidernib>
					<textureslidernibfocus>ScrollBarNib.png</textureslidernibfocus>
					<onleft>9001</onleft>
					<onright>9000</onright>
					<showonepage>false</showonepage>
					<orientation>vertical</orientation>
					<visible>Container(9000).Hasfocus(1)</visible>
				</control>
				<control type="grouplist" id="9002">
					<visible>Container(9000).Hasfocus(2)</visible>
					<left>435</left>
					<top>90</top>
					<width>1125</width>
					<height>795</height>
					<itemgap>-2</itemgap>
					<pagecontrol>60</pagecontrol>
					<onleft>9000</onleft>
					<onright>60</onright>
					<onup>9002</onup>
					<ondown>9002</ondown>
					<!-- Home screen options -->
					<control type="label" id="200">
						<width>1125</width>
						<height>68</height>
						<font>font13_title</font>
						<label>31101</label>
						<textcolor>blue</textcolor>
						<shadowcolor>black</shadowcolor>
						<align>left</align>
						<aligny>center</aligny>
					</control>
					<control type="button" id="207">
						<description>Set Home Default Item Button</description>
						<width>1125</width>
						<height>60</height>
						<font>font13</font>
						<textcolor>grey2</textcolor>
						<focusedcolor>white</focusedcolor>
						<label>$LOCALIZE[31018]</label>
						<label2>$INFO[Skin.String(DefaultHomeFocusItem)]</label2>
						<onclick>SetProperty(SetDefaultHomeItem,1,home)</onclick>
						<onclick>ActivateWindow(home)</onclick>
						<texturefocus>MenuItemFO.png</texturefocus>
						<texturenofocus>MenuItemNF.png</texturenofocus>
					</control>
					<control type="radiobutton" id="202">
						<description>enable video info</description>
						<width>1125</width>
						<height>60</height>
						<font>font13</font>
						<textcolor>grey2</textcolor>
						<focusedcolor>white</focusedcolor>
						<label>20176</label>
						<onclick>Skin.ToggleSetting(homepageVideoinfo)</onclick>
						<selected>!Skin.HasSetting(homepageVideoinfo)</selected>
						<texturefocus>MenuItemFO.png</texturefocus>
						<texturenofocus>MenuItemNF.png</texturenofocus>
					</control>
					<control type="radiobutton" id="203">
						<description>enable music info</description>
						<width>1125</width>
						<height>60</height>
						<font>font13</font>
						<textcolor>grey2</textcolor>
						<focusedcolor>white</focusedcolor>
						<label>20083</label>
						<onclick>Skin.ToggleSetting(homepageMusicinfo)</onclick>
						<selected>!Skin.HasSetting(homepageMusicinfo)</selected>
						<texturefocus>MenuItemFO.png</texturefocus>
						<texturenofocus>MenuItemNF.png</texturenofocus>
					</control>
					<control type="radiobutton" id="204">
						<description>enable weather info</description>
						<width>1125</width>
						<height>60</height>
						<font>font13</font>
						<textcolor>grey2</textcolor>
						<focusedcolor>white</focusedcolor>
						<label>20084</label>
						<onclick>Skin.ToggleSetting(homepageWeatherinfo)</onclick>
						<selected>Skin.HasSetting(homepageWeatherinfo)</selected>
						<texturefocus>MenuItemFO.png</texturefocus>
						<texturenofocus>MenuItemNF.png</texturenofocus>
						<visible>!String.IsEmpty(Weather.Plugin)</visible>
					</control>
					<!-- BOSSANOVA808 MOD - Separate options for hiding/showing recently added Movies and TV -->
					<control type="radiobutton" id="205">
						<description>Show Recently added Movie info</description>
						<width>1125</width>
						<height>60</height>
						<font>font13</font>
						<textcolor>grey2</textcolor>
						<focusedcolor>white</focusedcolor>
						<label>Show recently added movies</label>
						<onclick>Skin.ToggleSetting(HomepageHideRecentlyAddedVideo)</onclick>
						<selected>!Skin.HasSetting(HomepageHideRecentlyAddedVideo)</selected>
						<texturefocus>MenuItemFO.png</texturefocus>
						<texturenofocus>MenuItemNF.png</texturenofocus>
					</control>
					<control type="radiobutton" id="2050">
						<description>Show Recently added TV info</description>
						<width>1125</width>
						<height>60</height>
						<font>font13</font>
						<textcolor>grey2</textcolor>
						<focusedcolor>white</focusedcolor>
						<label>Show recently added TV shows</label>
						<onclick>Skin.ToggleSetting(HomepageHideRecentlyAddedTV)</onclick>
						<selected>!Skin.HasSetting(HomepageHideRecentlyAddedTV)</selected>
						<texturefocus>MenuItemFO.png</texturefocus>
						<texturenofocus>MenuItemNF.png</texturenofocus>
					</control>
					<!-- END BOSSANOVA808 MOD -->
					<control type="radiobutton" id="206">
						<description>Show Recently added info</description>
						<width>1125</width>
						<height>60</height>
						<font>font13</font>
						<textcolor>grey2</textcolor>
						<focusedcolor>white</focusedcolor>
						<label>31116</label>
						<onclick>Skin.ToggleSetting(HomepageHideRecentlyAddedAlbums)</onclick>
						<selected>!Skin.HasSetting(HomepageHideRecentlyAddedAlbums)</selected>
						<texturefocus>MenuItemFO.png</texturefocus>
						<texturenofocus>MenuItemNF.png</texturenofocus>
					</control>
					<!-- Home screen buttons -->
					<control type="label" id="210">
						<width>1125</width>
						<height>68</height>
						<font>font13_title</font>
						<label>31146</label>
						<textcolor>blue</textcolor>
						<shadowcolor>black</shadowcolor>
						<align>left</align>
						<aligny>center</aligny>
					</control>
					<control type="radiobutton" id="211">
						<description>Show Search button</description>
						<width>1125</width>
						<height>60</height>
						<font>font13</font>
						<textcolor>grey2</textcolor>
						<focusedcolor>white</focusedcolor>
						<label>31147</label>
						<onclick>Skin.ToggleSetting(HomepageHideFavourite)</onclick>
						<selected>Skin.HasSetting(HomepageHideFavourite)</selected>
						<texturefocus>MenuItemFO.png</texturefocus>
						<texturenofocus>MenuItemNF.png</texturenofocus>
					</control>
					<control type="radiobutton" id="212">
						<description>Show Search button</description>
						<width>1125</width>
						<height>60</height>
						<font>font13</font>
						<textcolor>grey2</textcolor>
						<focusedcolor>white</focusedcolor>
						<label>31148</label>
						<onclick>Skin.ToggleSetting(HomepageHideSearch)</onclick>
						<selected>Skin.HasSetting(HomepageHideSearch)</selected>
						<texturefocus>MenuItemFO.png</texturefocus>
						<texturenofocus>MenuItemNF.png</texturenofocus>
					</control>
					<!-- Main menu buttons -->
					<control type="label" id="220">
						<width>1125</width>
						<height>68</height>
						<font>font13_title</font>
						<label>31108</label>
						<textcolor>blue</textcolor>
						<shadowcolor>black</shadowcolor>
						<align>left</align>
						<aligny>center</aligny>
					</control>
					<control type="radiobutton" id="221">
						<description>Hide Videos Button</description>
						<width>1125</width>
						<height>60</height>
						<font>font13</font>
						<textcolor>grey2</textcolor>
						<focusedcolor>white</focusedcolor>
						<label>$LOCALIZE[31111] - $LOCALIZE[3]</label>
						<onclick>Skin.ToggleSetting(HomeMenuNoVideosButton)</onclick>
						<onclick>Skin.Reset(DefaultHomeFocus)</onclick>
						<onclick>Skin.Reset(DefaultHomeFocusItem)</onclick>
						<selected>Skin.HasSetting(HomeMenuNoVideosButton)</selected>
						<texturefocus>MenuItemFO.png</texturefocus>
						<texturenofocus>MenuItemNF.png</texturenofocus>
					</control>
					<control type="radiobutton" id="222">
						<description>Hide Movies Button</description>
						<width>1125</width>
						<height>60</height>
						<font>font13</font>
						<textcolor>grey2</textcolor>
						<focusedcolor>white</focusedcolor>
						<label>$LOCALIZE[31111] - $LOCALIZE[20342] [COLOR=grey3] ($LOCALIZE[20314])[/COLOR]</label>
						<onclick>Skin.ToggleSetting(HomeMenuNoMovieButton)</onclick>
						<onclick>Skin.Reset(DefaultHomeFocus)</onclick>
						<onclick>Skin.Reset(DefaultHomeFocusItem)</onclick>
						<selected>Skin.HasSetting(HomeMenuNoMovieButton)</selected>
						<texturefocus>MenuItemFO.png</texturefocus>
						<texturenofocus>MenuItemNF.png</texturenofocus>
					</control>
					<control type="radiobutton" id="223">
						<description>Hide TV Shows Button</description>
						<width>1125</width>
						<height>60</height>
						<font>font13</font>
						<textcolor>grey2</textcolor>
						<focusedcolor>white</focusedcolor>
						<label>$LOCALIZE[31111] - $LOCALIZE[20343] [COLOR=grey3] ($LOCALIZE[20314])[/COLOR]</label>
						<onclick>Skin.ToggleSetting(HomeMenuNoTVShowButton)</onclick>
						<onclick>Skin.Reset(DefaultHomeFocus)</onclick>
						<onclick>Skin.Reset(DefaultHomeFocusItem)</onclick>
						<selected>Skin.HasSetting(HomeMenuNoTVShowButton)</selected>
						<texturefocus>MenuItemFO.png</texturefocus>
						<texturenofocus>MenuItemNF.png</texturenofocus>
					</control>
					<control type="radiobutton" id="224">
						<description>Hide Music Button</description>
						<width>1125</width>
						<height>60</height>
						<font>font13</font>
						<textcolor>grey2</textcolor>
						<focusedcolor>white</focusedcolor>
						<label>$LOCALIZE[31111] - $LOCALIZE[2]</label>
						<onclick>Skin.ToggleSetting(HomeMenuNoMusicButton)</onclick>
						<onclick>Skin.Reset(DefaultHomeFocus)</onclick>
						<onclick>Skin.Reset(DefaultHomeFocusItem)</onclick>
						<selected>Skin.HasSetting(HomeMenuNoMusicButton)</selected>
						<texturefocus>MenuItemFO.png</texturefocus>
						<texturenofocus>MenuItemNF.png</texturenofocus>
					</control>
					<control type="radiobutton" id="225">
						<description>Hide Pictures Button</description>
						<width>1125</width>
						<height>60</height>
						<font>font13</font>
						<textcolor>grey2</textcolor>
						<focusedcolor>white</focusedcolor>
						<label>$LOCALIZE[31111] - $LOCALIZE[1]</label>
						<onclick>Skin.ToggleSetting(HomeMenuNoPicturesButton)</onclick>
						<onclick>Skin.Reset(DefaultHomeFocus)</onclick>
						<onclick>Skin.Reset(DefaultHomeFocusItem)</onclick>
						<selected>Skin.HasSetting(HomeMenuNoPicturesButton)</selected>
						<texturefocus>MenuItemFO.png</texturefocus>
						<texturenofocus>MenuItemNF.png</texturenofocus>
					</control>
					<control type="radiobutton" id="226">
						<description>Hide Programs Button</description>
						<width>1125</width>
						<height>60</height>
						<font>font13</font>
						<textcolor>grey2</textcolor>
						<focusedcolor>white</focusedcolor>
						<label>$LOCALIZE[31111] - $LOCALIZE[24001]</label>
						<onclick>Skin.ToggleSetting(HomeMenuNoProgramsButton)</onclick>
						<onclick>Skin.Reset(DefaultHomeFocus)</onclick>
						<onclick>Skin.Reset(DefaultHomeFocusItem)</onclick>
						<selected>Skin.HasSetting(HomeMenuNoProgramsButton)</selected>
						<texturefocus>MenuItemFO.png</texturefocus>
						<texturenofocus>MenuItemNF.png</texturenofocus>
					</control>
					<control type="radiobutton" id="228">
						<description>Hide Weather Button</description>
						<width>1125</width>
						<height>60</height>
						<font>font13</font>
						<textcolor>grey2</textcolor>
						<focusedcolor>white</focusedcolor>
						<label>$LOCALIZE[31111] - $LOCALIZE[8]</label>
						<onclick>Skin.ToggleSetting(HomeMenuNoWeatherButton)</onclick>
						<onclick>Skin.Reset(DefaultHomeFocus)</onclick>
						<onclick>Skin.Reset(DefaultHomeFocusItem)</onclick>
						<selected>Skin.HasSetting(HomeMenuNoWeatherButton)</selected>
						<texturefocus>MenuItemFO.png</texturefocus>
						<texturenofocus>MenuItemNF.png</texturenofocus>
					</control>
					<control type="radiobutton" id="229">
						<description>Hide Games Button</description>
						<width>1125</width>
						<height>60</height>
						<font>font13</font>
						<textcolor>grey2</textcolor>
						<focusedcolor>white</focusedcolor>
						<label>$LOCALIZE[31111] - $LOCALIZE[15016]</label>
						<onclick>Skin.ToggleSetting(HomeMenuNoGamesButton)</onclick>
						<onclick>Skin.Reset(DefaultHomeFocus)</onclick>
						<onclick>Skin.Reset(DefaultHomeFocusItem)</onclick>
						<selected>Skin.HasSetting(HomeMenuNoGamesButton)</selected>
						<texturefocus>MenuItemFO.png</texturefocus>
						<texturenofocus>MenuItemNF.png</texturenofocus>
					</control>
					<control type="radiobutton" id="2291">
						<description>Hide Radio Button</description>
						<width>1125</width>
						<height>60</height>
						<font>font13</font>
						<textcolor>grey2</textcolor>
						<focusedcolor>white</focusedcolor>
						<label>$LOCALIZE[31111] - $LOCALIZE[19021]</label>
						<onclick>Skin.ToggleSetting(HomeMenuNoRadioButton)</onclick>
						<onclick>Skin.Reset(DefaultHomeFocus)</onclick>
						<onclick>Skin.Reset(DefaultHomeFocusItem)</onclick>
						<selected>Skin.HasSetting(HomeMenuNoRadioButton)</selected>
						<texturefocus>MenuItemFO.png</texturefocus>
						<texturenofocus>MenuItemNF.png</texturenofocus>
					</control>
					<control type="radiobutton" id="2292">
						<description>Hide TV Button</description>
						<width>1125</width>
						<height>60</height>
						<font>font13</font>
						<textcolor>grey2</textcolor>
						<focusedcolor>white</focusedcolor>
						<label>$LOCALIZE[31111] - $LOCALIZE[36037]</label>
						<onclick>Skin.ToggleSetting(HomeMenuNoTVButton)</onclick>
						<onclick>Skin.Reset(DefaultHomeFocus)</onclick>
						<onclick>Skin.Reset(DefaultHomeFocusItem)</onclick>
						<selected>Skin.HasSetting(HomeMenuNoTVButton)</selected>
						<texturefocus>MenuItemFO.png</texturefocus>
						<texturenofocus>MenuItemNF.png</texturenofocus>
					</control>
					<control type="radiobutton" id="240">
						<description>Hide Settings Button</description>
						<width>1125</width>
						<height>60</height>
						<font>font13</font>
						<textcolor>grey2</textcolor>
						<focusedcolor>white</focusedcolor>
						<label>$LOCALIZE[31111] - $LOCALIZE[857]</label>
						<onclick>Skin.ToggleSetting(HomeMenuNoSystemButton)</onclick>
						<onclick>Skin.Reset(DefaultHomeFocus)</onclick>
						<onclick>Skin.Reset(DefaultHomeFocusItem)</onclick>
						<selected>Skin.HasSetting(HomeMenuNoSystemButton)</selected>
						<texturefocus>MenuItemFO.png</texturefocus>
						<texturenofocus>MenuItemNF.png</texturenofocus>
					</control>
					<!-- Playlist buttons -->
					<control type="label" id="247">
						<width>1125</width>
						<height>68</height>
						<font>font13_title</font>
						<label>31115</label>
						<textcolor>blue</textcolor>
						<shadowcolor>black</shadowcolor>
						<align>left</align>
						<aligny>center</aligny>
					</control>
					<control type="radiobutton" id="241">
						<description>Use Movies playlist</description>
						<width>1125</width>
						<height>60</height>
						<font>font13</font>
						<textcolor>grey2</textcolor>
						<focusedcolor>white</focusedcolor>
						<label>$LOCALIZE[21480] $LOCALIZE[20342] $LOCALIZE[31144]</label>
						<onclick>Skin.ToggleSetting(HomeMenuMovieUsePlaylist)</onclick>
						<selected>Skin.HasSetting(HomeMenuMovieUsePlaylist)</selected>
						<texturefocus>MenuItemFO.png</texturefocus>
						<texturenofocus>MenuItemNF.png</texturenofocus>
						<enable>Library.HasContent(Movies)</enable>
					</control>
					<control type="button" id="242">
						<width>1125</width>
						<height>60</height>
						<font>font13</font>
						<label>- $LOCALIZE[20342] $LOCALIZE[31145]: </label>
						<label2>[COLOR=selected]$INFO[Skin.String(HomeMenuMoviePlaylist)][/COLOR]</label2>
						<textcolor>grey2</textcolor>
						<focusedcolor>white</focusedcolor>
						<texturefocus>MenuItemFO.png</texturefocus>
						<texturenofocus>MenuItemNF.png</texturenofocus>
						<onclick>Skin.SetFile(HomeMenuMoviePlaylist,*.xsp,special://profile/playlists/)</onclick>
						<enable>Skin.HasSetting(HomeMenuMovieUsePlaylist)</enable>
					</control>
					<control type="radiobutton" id="243">
						<description>Use TV Shows playlist</description>
						<width>1125</width>
						<height>60</height>
						<font>font13</font>
						<textcolor>grey2</textcolor>
						<focusedcolor>white</focusedcolor>
						<label>$LOCALIZE[21480] $LOCALIZE[20343] $LOCALIZE[31144]</label>
						<onclick>Skin.ToggleSetting(HomeMenuTVShowUsePlaylist)</onclick>
						<selected>Skin.HasSetting(HomeMenuTVShowUsePlaylist)</selected>
						<texturefocus>MenuItemFO.png</texturefocus>
						<texturenofocus>MenuItemNF.png</texturenofocus>
						<enable>Library.HasContent(Movies)</enable>
					</control>
					<control type="button" id="244">
						<width>1125</width>
						<height>60</height>
						<font>font13</font>
						<label>- $LOCALIZE[20343] $LOCALIZE[31145]: </label>
						<label2>[COLOR=selected]$INFO[Skin.String(HomeMenuTVShowPlaylist)][/COLOR]</label2>
						<textcolor>grey2</textcolor>
						<focusedcolor>white</focusedcolor>
						<texturefocus>MenuItemFO.png</texturefocus>
						<texturenofocus>MenuItemNF.png</texturenofocus>
						<onclick>Skin.SetFile(HomeMenuTVShowPlaylist,*.xsp,special://profile/playlists/)</onclick>
						<enable>Skin.HasSetting(HomeMenuTVShowUsePlaylist)</enable>
					</control>
					<control type="radiobutton" id="245">
						<description>Use Music playlist</description>
						<width>1125</width>
						<height>60</height>
						<font>font13</font>
						<textcolor>grey2</textcolor>
						<focusedcolor>white</focusedcolor>
						<label>$LOCALIZE[21480] $LOCALIZE[2] $LOCALIZE[31144]</label>
						<onclick>Skin.ToggleSetting(HomeMenuMusicUsePlaylist)</onclick>
						<selected>Skin.HasSetting(HomeMenuMusicUsePlaylist)</selected>
						<texturefocus>MenuItemFO.png</texturefocus>
						<texturenofocus>MenuItemNF.png</texturenofocus>
					</control>
					<control type="button" id="246">
						<width>1125</width>
						<height>60</height>
						<font>font13</font>
						<label>- $LOCALIZE[2] $LOCALIZE[31145]: </label>
						<label2>[COLOR=selected]$INFO[Skin.String(HomeMenuMusicPlaylist)][/COLOR]</label2>
						<textcolor>grey2</textcolor>
						<focusedcolor>white</focusedcolor>
						<texturefocus>MenuItemFO.png</texturefocus>
						<texturenofocus>MenuItemNF.png</texturenofocus>
						<onclick>Skin.SetFile(HomeMenuMusicPlaylist,*.xsp,special://profile/playlists/)</onclick>
						<enable>Skin.HasSetting(HomeMenuMusicUsePlaylist)</enable>
					</control>
					<!-- Master buttons -->
					<control type="label" id="230">
						<width>1125</width>
						<height>68</height>
						<font>font13_title</font>
						<label>31209</label>
						<textcolor>blue</textcolor>
						<shadowcolor>black</shadowcolor>
						<align>left</align>
						<aligny>center</aligny>
					</control>
					<control type="radiobutton" id="231">
						<description>Hide Videos Button</description>
						<width>1125</width>
						<height>60</height>
						<font>font13</font>
						<textcolor>grey2</textcolor>
						<focusedcolor>white</focusedcolor>
						<label>$LOCALIZE[31111] - $LOCALIZE[3]</label>
						<onclick>Skin.ToggleSetting(MasterHomeMenuNoVideosButton)</onclick>
						<selected>Skin.HasSetting(MasterHomeMenuNoVideosButton)</selected>
						<texturefocus>MenuItemFO.png</texturefocus>
						<texturenofocus>MenuItemNF.png</texturenofocus>
					</control>
					<control type="radiobutton" id="232">
						<description>Hide Movies Button</description>
						<width>1125</width>
						<height>60</height>
						<font>font13</font>
						<textcolor>grey2</textcolor>
						<focusedcolor>white</focusedcolor>
						<label>$LOCALIZE[31111] - $LOCALIZE[20342] [COLOR=grey3] ($LOCALIZE[20314])[/COLOR]</label>
						<onclick>Skin.ToggleSetting(MasterHomeMenuNoMovieButton)</onclick>
						<selected>Skin.HasSetting(MasterHomeMenuNoMovieButton)</selected>
						<texturefocus>MenuItemFO.png</texturefocus>
						<texturenofocus>MenuItemNF.png</texturenofocus>
						<enable>Library.HasContent(Movies)</enable>
					</control>
					<control type="radiobutton" id="233">
						<description>Hide TV Shows Button</description>
						<width>1125</width>
						<height>60</height>
						<font>font13</font>
						<textcolor>grey2</textcolor>
						<focusedcolor>white</focusedcolor>
						<label>$LOCALIZE[31111] - $LOCALIZE[20343] [COLOR=grey3] ($LOCALIZE[20314])[/COLOR]</label>
						<onclick>Skin.ToggleSetting(MasterHomeMenuNoTVShowButton)</onclick>
						<selected>Skin.HasSetting(MasterHomeMenuNoTVShowButton)</selected>
						<texturefocus>MenuItemFO.png</texturefocus>
						<texturenofocus>MenuItemNF.png</texturenofocus>
						<enable>Library.HasContent(TVShows)</enable>
					</control>
					<control type="radiobutton" id="234">
						<description>Hide Music Button</description>
						<width>1125</width>
						<height>60</height>
						<font>font13</font>
						<textcolor>grey2</textcolor>
						<focusedcolor>white</focusedcolor>
						<label>$LOCALIZE[31111] - $LOCALIZE[2]</label>
						<onclick>Skin.ToggleSetting(MasterHomeMenuNoMusicButton)</onclick>
						<selected>Skin.HasSetting(MasterHomeMenuNoMusicButton)</selected>
						<texturefocus>MenuItemFO.png</texturefocus>
						<texturenofocus>MenuItemNF.png</texturenofocus>
					</control>
					<control type="radiobutton" id="235">
						<description>Hide Pictures Button</description>
						<width>1125</width>
						<height>60</height>
						<font>font13</font>
						<textcolor>grey2</textcolor>
						<focusedcolor>white</focusedcolor>
						<label>$LOCALIZE[31111] - $LOCALIZE[1]</label>
						<onclick>Skin.ToggleSetting(MasterHomeMenuNoPicturesButton)</onclick>
						<selected>Skin.HasSetting(MasterHomeMenuNoPicturesButton)</selected>
						<texturefocus>MenuItemFO.png</texturefocus>
						<texturenofocus>MenuItemNF.png</texturenofocus>
					</control>
					<control type="radiobutton" id="236">
						<description>Hide Programs Button</description>
						<width>1125</width>
						<height>60</height>
						<font>font13</font>
						<textcolor>grey2</textcolor>
						<focusedcolor>white</focusedcolor>
						<label>$LOCALIZE[31111] - $LOCALIZE[24001]</label>
						<onclick>Skin.ToggleSetting(MasterHomeMenuNoProgramsButton)</onclick>
						<selected>Skin.HasSetting(MasterHomeMenuNoProgramsButton)</selected>
						<texturefocus>MenuItemFO.png</texturefocus>
						<texturenofocus>MenuItemNF.png</texturenofocus>
					</control>
					<control type="radiobutton" id="238">
						<description>Hide Weather Button</description>
						<width>1125</width>
						<height>60</height>
						<font>font13</font>
						<textcolor>grey2</textcolor>
						<focusedcolor>white</focusedcolor>
						<label>$LOCALIZE[31111] - $LOCALIZE[8]</label>
						<onclick>Skin.ToggleSetting(MasterHomeMenuNoWeatherButton)</onclick>
						<selected>Skin.HasSetting(MasterHomeMenuNoWeatherButton)</selected>
						<texturefocus>MenuItemFO.png</texturefocus>
						<texturenofocus>MenuItemNF.png</texturenofocus>
					</control>
					<control type="radiobutton" id="239">
						<description>Hide Games Button</description>
						<width>1125</width>
						<height>60</height>
						<font>font13</font>
						<textcolor>grey2</textcolor>
						<focusedcolor>white</focusedcolor>
						<label>$LOCALIZE[31111] - $LOCALIZE[15016]</label>
						<onclick>Skin.ToggleSetting(MasterHomeMenuNoGamesButton)</onclick>
						<selected>Skin.HasSetting(MasterHomeMenuNoGamesButton)</selected>
						<texturefocus>MenuItemFO.png</texturefocus>
						<texturenofocus>MenuItemNF.png</texturenofocus>
					</control>
					<control type="radiobutton" id="2391">
						<description>Hide Radio Button</description>
						<width>1125</width>
						<height>60</height>
						<font>font13</font>
						<textcolor>grey2</textcolor>
						<focusedcolor>white</focusedcolor>
						<label>$LOCALIZE[31111] - $LOCALIZE[19021]</label>
						<onclick>Skin.ToggleSetting(MasterHomeMenuNoRadioButton)</onclick>
						<selected>Skin.HasSetting(MasterHomeMenuNoRadioButton)</selected>
						<texturefocus>MenuItemFO.png</texturefocus>
						<texturenofocus>MenuItemNF.png</texturenofocus>
					</control>
					<control type="radiobutton" id="2392">
						<description>Hide TV Button</description>
						<width>1125</width>
						<height>60</height>
						<font>font13</font>
						<textcolor>grey2</textcolor>
						<focusedcolor>white</focusedcolor>
						<label>$LOCALIZE[31111] - $LOCALIZE[36037]</label>
						<onclick>Skin.ToggleSetting(MasterHomeMenuNoTVButton)</onclick>
						<selected>Skin.HasSetting(MasterHomeMenuNoTVButton)</selected>
						<texturefocus>MenuItemFO.png</texturefocus>
						<texturenofocus>MenuItemNF.png</texturenofocus>
					</control>
				</control>
				<control type="scrollbar" id="60">
					<left>1590</left>
					<top>90</top>
					<width>38</width>
					<height>795</height>
					<texturesliderbackground border="0,28,0,28">ScrollBarV.png</texturesliderbackground>
					<texturesliderbar border="0,28,0,28">ScrollBarV_bar.png</texturesliderbar>
					<texturesliderbarfocus border="0,28,0,28">ScrollBarV_bar_focus.png</texturesliderbarfocus>
					<textureslidernib>ScrollBarNib.png</textureslidernib>
					<textureslidernibfocus>ScrollBarNib.png</textureslidernibfocus>
					<onleft>9002</onleft>
					<onright>9000</onright>
					<showonepage>false</showonepage>
					<orientation>vertical</orientation>
					<visible>Container(9000).Hasfocus(2)</visible>
				</control>
				<control type="grouplist" id="9003">
					<visible>Container(9000).Hasfocus(3)</visible>
					<left>435</left>
					<top>90</top>
					<width>1125</width>
					<height>795</height>
					<itemgap>-2</itemgap>
					<pagecontrol>60</pagecontrol>
					<onleft>9000</onleft>
					<onright>60</onright>
					<onup>9003</onup>
					<ondown>9003</ondown>
					<control type="label" id="300">
						<width>1125</width>
						<height>68</height>
						<font>font13_title</font>
						<label>31106</label>
						<textcolor>blue</textcolor>
						<shadowcolor>black</shadowcolor>
						<align>left</align>
						<aligny>center</aligny>
					</control>
					<control type="radiobutton" id="301">
						<width>1125</width>
						<height>60</height>
						<font>font13</font>
						<label>31119</label>
						<textcolor>grey2</textcolor>
						<focusedcolor>white</focusedcolor>
						<texturefocus>MenuItemFO.png</texturefocus>
						<texturenofocus>MenuItemNF.png</texturenofocus>
						<onclick>Skin.ToggleSetting(HideBackGroundFanart)</onclick>
						<selected>Skin.HasSetting(HideBackGroundFanart)</selected>
					</control>
					<control type="radiobutton" id="302">
						<width>1125</width>
						<height>60</height>
						<font>font13</font>
						<label>31129</label>
						<textcolor>grey2</textcolor>
						<focusedcolor>white</focusedcolor>
						<texturefocus>MenuItemFO.png</texturefocus>
						<texturenofocus>MenuItemNF.png</texturenofocus>
						<onclick>Skin.ToggleSetting(HideVisualizationFanart)</onclick>
						<selected>Skin.HasSetting(HideVisualizationFanart)</selected>
					</control>
					<control type="radiobutton" id="303">
						<width>1125</width>
						<height>60</height>
						<font>font13</font>
						<label>31124</label>
						<textcolor>grey2</textcolor>
						<focusedcolor>white</focusedcolor>
						<texturefocus>MenuItemFO.png</texturefocus>
						<texturenofocus>MenuItemNF.png</texturenofocus>
						<onclick>Skin.ToggleSetting(ShowBackgroundVideo)</onclick>
						<selected>!Skin.HasSetting(ShowBackgroundVideo)</selected>
					</control>
					<control type="radiobutton" id="304">
						<width>1125</width>
						<height>60</height>
						<font>font13</font>
						<label>31125</label>
						<textcolor>grey2</textcolor>
						<focusedcolor>white</focusedcolor>
						<texturefocus>MenuItemFO.png</texturefocus>
						<texturenofocus>MenuItemNF.png</texturenofocus>
						<onclick>Skin.ToggleSetting(ShowBackgroundVis)</onclick>
						<selected>!Skin.HasSetting(ShowBackgroundVis)</selected>
					</control>
					<control type="radiobutton" id="305">
						<width>1125</width>
						<height>60</height>
						<font>font13</font>
						<label>31126</label>
						<textcolor>grey2</textcolor>
						<focusedcolor>white</focusedcolor>
						<texturefocus>MenuItemFO.png</texturefocus>
						<texturenofocus>MenuItemNF.png</texturenofocus>
						<onclick>Skin.ToggleSetting(ShowPosterInsteadThumb)</onclick>
						<selected>Skin.HasSetting(ShowPosterInsteadThumb)</selected>
					</control>
					<control type="label" id="310">
						<width>1125</width>
						<height>68</height>
						<font>font13_title</font>
						<label>33068</label>
						<textcolor>blue</textcolor>
						<shadowcolor>black</shadowcolor>
						<align>left</align>
						<aligny>center</aligny>
					</control>
					<control type="radiobutton" id="311">
						<width>1125</width>
						<height>60</height>
						<font>font13</font>
						<label>21389</label>
						<textcolor>grey2</textcolor>
						<focusedcolor>white</focusedcolor>
						<texturefocus>MenuItemFO.png</texturefocus>
						<texturenofocus>MenuItemNF.png</texturenofocus>
						<onclick>Skin.ToggleSetting(UseCustomBackground)</onclick>
						<selected>Skin.HasSetting(UseCustomBackground)</selected>
					</control>
					<control type="button" id="312">
						<width>1125</width>
						<height>60</height>
						<font>font13</font>
						<label>- $LOCALIZE[31110]</label>
						<label2>[COLOR=selected]$INFO[Skin.String(CustomBackgroundPath)][/COLOR]</label2>
						<textcolor>grey2</textcolor>
						<focusedcolor>white</focusedcolor>
						<texturefocus>MenuItemFO.png</texturefocus>
						<texturenofocus>MenuItemNF.png</texturenofocus>
						<onclick>Skin.SetImage(CustomBackgroundPath)</onclick>
						<enable>Skin.HasSetting(UseCustomBackground)</enable>
					</control>
					<control type="button" id="313">
						<width>1125</width>
						<height>60</height>
						<font>font13</font>
						<label>- $LOCALIZE[31113]</label>
						<label2>[COLOR=selected]$INFO[Skin.String(MasterCustomBackgroundPath)][/COLOR]</label2>
						<textcolor>grey2</textcolor>
						<focusedcolor>white</focusedcolor>
						<texturefocus>MenuItemFO.png</texturefocus>
						<texturenofocus>MenuItemNF.png</texturenofocus>
						<onclick>Skin.SetImage(MasterCustomBackgroundPath)</onclick>
						<enable>Skin.HasSetting(UseCustomBackground)</enable>
					</control>
				</control>
				<control type="group">
					<control type="grouplist" id="9004">
						<visible>Container(9000).Hasfocus(4)</visible>
						<left>435</left>
						<top>90</top>
						<width>1125</width>
						<height>795</height>
						<itemgap>-2</itemgap>
						<pagecontrol>61</pagecontrol>
						<onleft>9000</onleft>
						<onright>61</onright>
						<onup>9004</onup>
						<ondown>9004</ondown>
						<control type="label" id="400">
							<width>1125</width>
							<height>68</height>
							<font>font13_title</font>
							<label>10120</label>
							<textcolor>blue</textcolor>
							<shadowcolor>black</shadowcolor>
							<align>left</align>
							<aligny>center</aligny>
						</control>
						<control type="button" id="401">
							<width>1125</width>
							<height>60</height>
							<font>font13</font>
							<label>$LOCALIZE[31132]</label>
							<label2>[COLOR=selected]$INFO[system.addontitle(Skin.String(LyricScript_Path))][/COLOR]</label2>
							<textcolor>grey2</textcolor>
							<focusedcolor>white</focusedcolor>
							<texturefocus>MenuItemFO.png</texturefocus>
							<texturenofocus>MenuItemNF.png</texturenofocus>
							<onclick>Skin.SetAddon(LyricScript_Path,xbmc.python.lyrics)</onclick>
						</control>
						<control type="button" id="402">
							<width>1125</width>
							<height>60</height>
							<font>font13</font>
							<label>- $LOCALIZE[24020]</label>
							<textcolor>grey2</textcolor>
							<focusedcolor>white</focusedcolor>
							<texturefocus>MenuItemFO.png</texturefocus>
							<texturenofocus>MenuItemNF.png</texturenofocus>
							<enable>!String.IsEmpty(Skin.String(LyricScript_Path))</enable>
							<onclick>Addon.OpenSettings($INFO[Skin.String(LyricScript_Path)])</onclick>
						</control>
						<control type="label" id="410">
							<width>1125</width>
							<height>68</height>
							<font>font13_title</font>
							<label>31134</label>
							<textcolor>blue</textcolor>
							<shadowcolor>black</shadowcolor>
							<align>left</align>
							<aligny>center</aligny>
						</control>
						<control type="button" id="411">
							<width>1125</width>
							<height>60</height>
							<font>font13</font>
							<label>$LOCALIZE[24000] [B]1[/B]</label>
							<label2>[COLOR=selected]$INFO[system.addontitle(Skin.String(HomeVideosButton1))][/COLOR]</label2>
							<textcolor>grey2</textcolor>
							<focusedcolor>white</focusedcolor>
							<texturefocus>MenuItemFO.png</texturefocus>
							<texturenofocus>MenuItemNF.png</texturenofocus>
							<onclick>Skin.SetAddon(HomeVideosButton1,xbmc.addon.video)</onclick>
						</control>
						<control type="button" id="412">
							<width>1125</width>
							<height>60</height>
							<font>font13</font>
							<label>$LOCALIZE[24000] [B]2[/B]</label>
							<label2>[COLOR=selected]$INFO[system.addontitle(Skin.String(HomeVideosButton2))][/COLOR]</label2>
							<textcolor>grey2</textcolor>
							<focusedcolor>white</focusedcolor>
							<texturefocus>MenuItemFO.png</texturefocus>
							<texturenofocus>MenuItemNF.png</texturenofocus>
							<onclick>Skin.SetAddon(HomeVideosButton2,xbmc.addon.video)</onclick>
						</control>
						<control type="button" id="413">
							<width>1125</width>
							<height>60</height>
							<font>font13</font>
							<label>$LOCALIZE[24000] [B]3[/B]</label>
							<label2>[COLOR=selected]$INFO[system.addontitle(Skin.String(HomeVideosButton3))][/COLOR]</label2>
							<textcolor>grey2</textcolor>
							<focusedcolor>white</focusedcolor>
							<texturefocus>MenuItemFO.png</texturefocus>
							<texturenofocus>MenuItemNF.png</texturenofocus>
							<onclick>Skin.SetAddon(HomeVideosButton3,xbmc.addon.video)</onclick>
						</control>
						<control type="button" id="414">
							<width>1125</width>
							<height>60</height>
							<font>font13</font>
							<label>$LOCALIZE[24000] [B]4[/B]</label>
							<label2>[COLOR=selected]$INFO[system.addontitle(Skin.String(HomeVideosButton4))][/COLOR]</label2>
							<textcolor>grey2</textcolor>
							<focusedcolor>white</focusedcolor>
							<texturefocus>MenuItemFO.png</texturefocus>
							<texturenofocus>MenuItemNF.png</texturenofocus>
							<onclick>Skin.SetAddon(HomeVideosButton4,xbmc.addon.video)</onclick>
						</control>
						<control type="button" id="415">
							<width>1125</width>
							<height>60</height>
							<font>font13</font>
							<label>$LOCALIZE[24000] [B]5[/B]</label>
							<label2>[COLOR=selected]$INFO[system.addontitle(Skin.String(HomeVideosButton5))][/COLOR]</label2>
							<textcolor>grey2</textcolor>
							<focusedcolor>white</focusedcolor>
							<texturefocus>MenuItemFO.png</texturefocus>
							<texturenofocus>MenuItemNF.png</texturenofocus>
							<onclick>Skin.SetAddon(HomeVideosButton5,xbmc.addon.video)</onclick>
						</control>
						<control type="label" id="420">
							<width>1125</width>
							<height>68</height>
							<font>font13_title</font>
							<label>31135</label>
							<textcolor>blue</textcolor>
							<shadowcolor>black</shadowcolor>
							<align>left</align>
							<aligny>center</aligny>
						</control>
						<control type="button" id="421">
							<width>1125</width>
							<height>60</height>
							<font>font13</font>
							<label>$LOCALIZE[24000] [B]1[/B]</label>
							<label2>[COLOR=selected]$INFO[system.addontitle(Skin.String(HomeMusicButton1))][/COLOR]</label2>
							<textcolor>grey2</textcolor>
							<focusedcolor>white</focusedcolor>
							<texturefocus>MenuItemFO.png</texturefocus>
							<texturenofocus>MenuItemNF.png</texturenofocus>
							<onclick>Skin.SetAddon(HomeMusicButton1,xbmc.addon.audio)</onclick>
						</control>
						<control type="button" id="422">
							<width>1125</width>
							<height>60</height>
							<font>font13</font>
							<label>$LOCALIZE[24000] [B]2[/B]</label>
							<label2>[COLOR=selected]$INFO[system.addontitle(Skin.String(HomeMusicButton2))][/COLOR]</label2>
							<textcolor>grey2</textcolor>
							<focusedcolor>white</focusedcolor>
							<texturefocus>MenuItemFO.png</texturefocus>
							<texturenofocus>MenuItemNF.png</texturenofocus>
							<onclick>Skin.SetAddon(HomeMusicButton2,xbmc.addon.audio)</onclick>
						</control>
						<control type="button" id="423">
							<width>1125</width>
							<height>60</height>
							<font>font13</font>
							<label>$LOCALIZE[24000] [B]3[/B]</label>
							<label2>[COLOR=selected]$INFO[system.addontitle(Skin.String(HomeMusicButton3))][/COLOR]</label2>
							<textcolor>grey2</textcolor>
							<focusedcolor>white</focusedcolor>
							<texturefocus>MenuItemFO.png</texturefocus>
							<texturenofocus>MenuItemNF.png</texturenofocus>
							<onclick>Skin.SetAddon(HomeMusicButton3,xbmc.addon.audio)</onclick>
						</control>
						<control type="button" id="424">
							<width>1125</width>
							<height>60</height>
							<font>font13</font>
							<label>$LOCALIZE[24000] [B]4[/B]</label>
							<label2>[COLOR=selected]$INFO[system.addontitle(Skin.String(HomeMusicButton4))][/COLOR]</label2>
							<textcolor>grey2</textcolor>
							<focusedcolor>white</focusedcolor>
							<texturefocus>MenuItemFO.png</texturefocus>
							<texturenofocus>MenuItemNF.png</texturenofocus>
							<onclick>Skin.SetAddon(HomeMusicButton4,xbmc.addon.audio)</onclick>
						</control>
						<control type="button" id="425">
							<width>1125</width>
							<height>60</height>
							<font>font13</font>
							<label>$LOCALIZE[24000] [B]5[/B]</label>
							<label2>[COLOR=selected]$INFO[system.addontitle(Skin.String(HomeMusicButton5))][/COLOR]</label2>
							<textcolor>grey2</textcolor>
							<focusedcolor>white</focusedcolor>
							<texturefocus>MenuItemFO.png</texturefocus>
							<texturenofocus>MenuItemNF.png</texturenofocus>
							<onclick>Skin.SetAddon(HomeMusicButton5,xbmc.addon.audio)</onclick>
						</control>
						<control type="label" id="430">
							<width>1125</width>
							<height>68</height>
							<font>font13_title</font>
							<label>31136</label>
							<textcolor>blue</textcolor>
							<shadowcolor>black</shadowcolor>
							<align>left</align>
							<aligny>center</aligny>
						</control>
						<control type="button" id="431">
							<width>1125</width>
							<height>60</height>
							<font>font13</font>
							<label>$LOCALIZE[24000] [B]1[/B]</label>
							<label2>[COLOR=selected]$INFO[system.addontitle(Skin.String(HomePictureButton1))][/COLOR]</label2>
							<textcolor>grey2</textcolor>
							<focusedcolor>white</focusedcolor>
							<texturefocus>MenuItemFO.png</texturefocus>
							<texturenofocus>MenuItemNF.png</texturenofocus>
							<onclick>Skin.SetAddon(HomePictureButton1,xbmc.addon.image)</onclick>
						</control>
						<control type="button" id="432">
							<width>1125</width>
							<height>60</height>
							<font>font13</font>
							<label>$LOCALIZE[24000] [B]2[/B]</label>
							<label2>[COLOR=selected]$INFO[system.addontitle(Skin.String(HomePictureButton2))][/COLOR]</label2>
							<textcolor>grey2</textcolor>
							<focusedcolor>white</focusedcolor>
							<texturefocus>MenuItemFO.png</texturefocus>
							<texturenofocus>MenuItemNF.png</texturenofocus>
							<onclick>Skin.SetAddon(HomePictureButton2,xbmc.addon.image)</onclick>
						</control>
						<control type="button" id="433">
							<width>1125</width>
							<height>60</height>
							<font>font13</font>
							<label>$LOCALIZE[24000] [B]3[/B]</label>
							<label2>[COLOR=selected]$INFO[system.addontitle(Skin.String(HomePictureButton3))][/COLOR]</label2>
							<textcolor>grey2</textcolor>
							<focusedcolor>white</focusedcolor>
							<texturefocus>MenuItemFO.png</texturefocus>
							<texturenofocus>MenuItemNF.png</texturenofocus>
							<onclick>Skin.SetAddon(HomePictureButton3,xbmc.addon.image)</onclick>
						</control>
						<control type="button" id="434">
							<width>1125</width>
							<height>60</height>
							<font>font13</font>
							<label>$LOCALIZE[24000] [B]4[/B]</label>
							<label2>[COLOR=selected]$INFO[system.addontitle(Skin.String(HomePictureButton4))][/COLOR]</label2>
							<textcolor>grey2</textcolor>
							<focusedcolor>white</focusedcolor>
							<texturefocus>MenuItemFO.png</texturefocus>
							<texturenofocus>MenuItemNF.png</texturenofocus>
							<onclick>Skin.SetAddon(HomePictureButton4,xbmc.addon.image)</onclick>
						</control>
						<control type="button" id="435">
							<width>1125</width>
							<height>60</height>
							<font>font13</font>
							<label>$LOCALIZE[24000] [B]5[/B]</label>
							<label2>[COLOR=selected]$INFO[system.addontitle(Skin.String(HomePictureButton5))][/COLOR]</label2>
							<textcolor>grey2</textcolor>
							<focusedcolor>white</focusedcolor>
							<texturefocus>MenuItemFO.png</texturefocus>
							<texturenofocus>MenuItemNF.png</texturenofocus>
							<onclick>Skin.SetAddon(HomePictureButton5,xbmc.addon.image)</onclick>
						</control>
						<control type="label" id="440">
							<width>1125</width>
							<height>68</height>
							<font>font13_title</font>
							<label>31118</label>
							<textcolor>blue</textcolor>
							<shadowcolor>black</shadowcolor>
							<align>left</align>
							<aligny>center</aligny>
						</control>
						<control type="button" id="441">
							<width>1125</width>
							<height>60</height>
							<font>font13</font>
							<label>$LOCALIZE[24000] [B]1[/B]</label>
							<label2>[COLOR=selected]$INFO[system.addontitle(Skin.String(HomeProgramButton1))][/COLOR]</label2>
							<textcolor>grey2</textcolor>
							<focusedcolor>white</focusedcolor>
							<texturefocus>MenuItemFO.png</texturefocus>
							<texturenofocus>MenuItemNF.png</texturenofocus>
							<onclick>Skin.SetAddon(HomeProgramButton1,xbmc.addon.executable)</onclick>
						</control>
						<control type="button" id="442">
							<width>1125</width>
							<height>60</height>
							<font>font13</font>
							<label>$LOCALIZE[24000] [B]2[/B]</label>
							<label2>[COLOR=selected]$INFO[system.addontitle(Skin.String(HomeProgramButton2))][/COLOR]</label2>
							<textcolor>grey2</textcolor>
							<focusedcolor>white</focusedcolor>
							<texturefocus>MenuItemFO.png</texturefocus>
							<texturenofocus>MenuItemNF.png</texturenofocus>
							<onclick>Skin.SetAddon(HomeProgramButton2,xbmc.addon.executable)</onclick>
						</control>
						<control type="button" id="443">
							<width>1125</width>
							<height>60</height>
							<font>font13</font>
							<label>$LOCALIZE[24000] [B]3[/B]</label>
							<label2>[COLOR=selected]$INFO[system.addontitle(Skin.String(HomeProgramButton3))][/COLOR]</label2>
							<textcolor>grey2</textcolor>
							<focusedcolor>white</focusedcolor>
							<texturefocus>MenuItemFO.png</texturefocus>
							<texturenofocus>MenuItemNF.png</texturenofocus>
							<onclick>Skin.SetAddon(HomeProgramButton3,xbmc.addon.executable)</onclick>
						</control>
						<control type="button" id="444">
							<width>1125</width>
							<height>60</height>
							<font>font13</font>
							<label>$LOCALIZE[24000] [B]4[/B]</label>
							<label2>[COLOR=selected]$INFO[system.addontitle(Skin.String(HomeProgramButton4))][/COLOR]</label2>
							<textcolor>grey2</textcolor>
							<focusedcolor>white</focusedcolor>
							<texturefocus>MenuItemFO.png</texturefocus>
							<texturenofocus>MenuItemNF.png</texturenofocus>
							<onclick>Skin.SetAddon(HomeProgramButton4,xbmc.addon.executable)</onclick>
						</control>
						<control type="button" id="445">
							<width>1125</width>
							<height>60</height>
							<font>font13</font>
							<label>$LOCALIZE[24000] [B]5[/B]</label>
							<label2>[COLOR=selected]$INFO[system.addontitle(Skin.String(HomeProgramButton5))][/COLOR]</label2>
							<textcolor>grey2</textcolor>
							<focusedcolor>white</focusedcolor>
							<texturefocus>MenuItemFO.png</texturefocus>
							<texturenofocus>MenuItemNF.png</texturenofocus>
							<onclick>Skin.SetAddon(HomeProgramButton5,xbmc.addon.executable)</onclick>
						</control>
						<control type="label" id="450">
							<width>1125</width>
							<height>68</height>
							<font>font13_title</font>
							<label>31120</label>
							<textcolor>blue</textcolor>
							<shadowcolor>black</shadowcolor>
							<align>left</align>
							<aligny>center</aligny>
						</control>
						<control type="button" id="451">
							<width>1125</width>
							<height>60</height>
							<font>font13</font>
							<label>$LOCALIZE[24000] [B]1[/B]</label>
							<label2>[COLOR=selected]$INFO[system.addontitle(Skin.String(HomeGameButton1))][/COLOR]</label2>
							<textcolor>grey2</textcolor>
							<focusedcolor>white</focusedcolor>
							<texturefocus>MenuItemFO.png</texturefocus>
							<texturenofocus>MenuItemNF.png</texturenofocus>
							<onclick>Skin.SetAddon(HomeGameButton1,kodi.gameclient)</onclick>
						</control>
						<control type="button" id="452">
							<width>1125</width>
							<height>60</height>
							<font>font13</font>
							<label>$LOCALIZE[24000] [B]2[/B]</label>
							<label2>[COLOR=selected]$INFO[system.addontitle(Skin.String(HomeGameButton2))][/COLOR]</label2>
							<textcolor>grey2</textcolor>
							<focusedcolor>white</focusedcolor>
							<texturefocus>MenuItemFO.png</texturefocus>
							<texturenofocus>MenuItemNF.png</texturenofocus>
							<onclick>Skin.SetAddon(HomeGameButton2,kodi.gameclient)</onclick>
						</control>
						<control type="button" id="453">
							<width>1125</width>
							<height>60</height>
							<font>font13</font>
							<label>$LOCALIZE[24000] [B]3[/B]</label>
							<label2>[COLOR=selected]$INFO[system.addontitle(Skin.String(HomeGameButton3))][/COLOR]</label2>
							<textcolor>grey2</textcolor>
							<focusedcolor>white</focusedcolor>
							<texturefocus>MenuItemFO.png</texturefocus>
							<texturenofocus>MenuItemNF.png</texturenofocus>
							<onclick>Skin.SetAddon(HomeGameButton3,kodi.gameclient)</onclick>
						</control>
						<control type="button" id="454">
							<width>1125</width>
							<height>60</height>
							<font>font13</font>
							<label>$LOCALIZE[24000] [B]4[/B]</label>
							<label2>[COLOR=selected]$INFO[system.addontitle(Skin.String(HomeGameButton4))][/COLOR]</label2>
							<textcolor>grey2</textcolor>
							<focusedcolor>white</focusedcolor>
							<texturefocus>MenuItemFO.png</texturefocus>
							<texturenofocus>MenuItemNF.png</texturenofocus>
							<onclick>Skin.SetAddon(HomeGameButton4,kodi.gameclient)</onclick>
						</control>
						<control type="button" id="455">
							<width>1125</width>
							<height>60</height>
							<font>font13</font>
							<label>$LOCALIZE[24000] [B]5[/B]</label>
							<label2>[COLOR=selected]$INFO[system.addontitle(Skin.String(HomeGameButton5))][/COLOR]</label2>
							<textcolor>grey2</textcolor>
							<focusedcolor>white</focusedcolor>
							<texturefocus>MenuItemFO.png</texturefocus>
							<texturenofocus>MenuItemNF.png</texturenofocus>
							<onclick>Skin.SetAddon(HomeGameButton5,kodi.gameclient)</onclick>
						</control>
					</control>
				</control>
				<control type="scrollbar" id="61">
					<left>1590</left>
					<top>90</top>
					<width>38</width>
					<height>795</height>
					<texturesliderbackground border="0,28,0,28">ScrollBarV.png</texturesliderbackground>
					<texturesliderbar border="0,28,0,28">ScrollBarV_bar.png</texturesliderbar>
					<texturesliderbarfocus border="0,28,0,28">ScrollBarV_bar_focus.png</texturesliderbarfocus>
					<textureslidernib>ScrollBarNib.png</textureslidernib>
					<textureslidernibfocus>ScrollBarNib.png</textureslidernibfocus>
					<onleft>9004</onleft>
					<onright>9000</onright>
					<showonepage>false</showonepage>
					<orientation>vertical</orientation>
					<visible>Container(9000).Hasfocus(4)</visible>
				</control>
			</control>
		</control>
		<include>CommonNowPlaying</include>
		<include>MainWindowMouseButtons</include>
		<include>BehindDialogFadeOut</include>
	</controls>
</window>
