<?xml version="1.0" encoding="UTF-8"?>
<includes>
	<include name="WeatherWeekendForcast">
		<control type="group">
			<visible>StringCompare(Window.Property(Weather.CurrentView),weekend)</visible>
			<include>VisibleFadeEffect</include>
			<control type="button" id="998">
				<description>Hidden Button for focus</description>
				<left>-600</left>
				<top>-20</top>
				<width>1</width>
				<height>1</height>
				<texturenofocus>-</texturenofocus>
				<texturefocus>-</texturefocus>
				<onleft>9000</onleft>
				<onright>9000</onright>
			</control>
			<control type="label">
				<description>header label</description>
				<left>20</left>
				<top>13</top>
				<width>610</width>
				<height>30</height>
				<font>font13_title</font>
				<label>31903</label>
				<align>center</align>
				<aligny>center</aligny>
				<textcolor>white</textcolor>
				<shadowcolor>black</shadowcolor>
			</control>
			<control type="label">
				<left>0</left>
				<top>200</top>
				<width>600</width>
				<height>30</height>
				<font>font13</font>
				<textcolor>white</textcolor>
				<align>center</align>
				<aligny>center</aligny>
				<label>$LOCALIZE[31909]</label>
				<visible>IsEmpty(Window.Property(Weekend.IsFetched))</visible>
			</control>
			<control type="group">
				<left>20</left>
				<top>50</top>
				<visible>!IsEmpty(Window.Property(Weekend.IsFetched))</visible>
				<include>VisibleFadeEffect</include>
				<control type="group">
					<left>0</left>
					<top>0</top>
					<control type="label">
						<left>0</left>
						<top>5</top>
						<width>600</width>
						<height>30</height>
						<font>font13_title</font>
						<textcolor>blue</textcolor>
						<align>center</align>
						<aligny>center</aligny>
						<label>$INFO[Window.Property(Weekend.1.LongDay)] - $INFO[Window.Property(Weekend.1.ShortDate)]</label>
					</control>
					<control type="image">
						<left>10</left>
						<top>20</top>
						<width>130</width>
						<height>160</height>
						<aspectratio>keep</aspectratio>
						<texture>$INFO[Window.Property(Weekend.1.OutlookIcon)]</texture>
					</control>
					<control type="label">
						<left>140</left>
						<top>40</top>
						<width>100</width>
						<height>50</height>
						<font>font13_title</font>
						<textcolor>white</textcolor>
						<selectedcolor>selected</selectedcolor>
						<align>center</align>
						<aligny>center</aligny>
						<label>[COLOR=grey2]$LOCALIZE[393][CR][/COLOR]$INFO[Window.Property(Weekend.1.HighTemperature),[B] ,[/B]]</label>
					</control>
					<control type="label">
						<left>140</left>
						<top>100</top>
						<width>100</width>
						<height>50</height>
						<font>font13_title</font>
						<textcolor>white</textcolor>
						<selectedcolor>selected</selectedcolor>
						<align>center</align>
						<aligny>center</aligny>
						<label>[COLOR=grey2]$LOCALIZE[391][CR][/COLOR]$INFO[Window.Property(Weekend.1.LowTemperature),[B] ,[/B]]</label>
					</control>
					<control type="textbox">
						<left>240</left>
						<top>40</top>
						<width>350</width>
						<height>130</height>
						<font>font12</font>
						<textcolor>white</textcolor>
						<align>right</align>
						<label>$INFO[Window.Property(Weekend.1.Humidity),[COLOR=grey2]$LOCALIZE[406] :[/COLOR][B] ,[/B]][CR][CR]$INFO[Window.Property(Weekend.1.ShortWindDirection),[COLOR=grey2]$LOCALIZE[404] :[/COLOR][B] ,[/B]][CR][CR]$INFO[Window.Property(Weekend.1.Precipitation),[COLOR=grey2]$LOCALIZE[33021] :[/COLOR][B] ,[/B]]</label>
					</control>
					<control type="label">
						<left>0</left>
						<top>170</top>
						<width>590</width>
						<height>20</height>
						<font>font12</font>
						<textcolor>white</textcolor>
						<selectedcolor>selected</selectedcolor>
						<align>center</align>
						<aligny>center</aligny>
						<label>$INFO[Window.Property(Weekend.1.Outlook),[COLOR=grey2]$LOCALIZE[33030]: [/COLOR]]</label>
					</control>
					<control type="textbox">
						<left>0</left>
						<top>210</top>
						<width>590</width>
						<height>70</height>
						<font>font12</font>
						<textcolor>white</textcolor>
						<selectedcolor>selected</selectedcolor>
						<align>center</align>
						<label>$INFO[Window.Property(Weekend.1.LongOutlookDay),[COLOR=grey2]$LOCALIZE[31905]: [/COLOR]][CR]</label>
					</control>
					<control type="image">
						<left>0</left>
						<top>270</top>
						<width>650</width>
						<height>4</height>
						<texture>separator.png</texture>
					</control>
				</control>
				<control type="group">
					<left>0</left>
					<top>280</top>
					<control type="label">
						<left>0</left>
						<top>5</top>
						<width>600</width>
						<height>30</height>
						<font>font13_title</font>
						<textcolor>blue</textcolor>
						<align>center</align>
						<aligny>center</aligny>
						<label>$INFO[Window.Property(Weekend.2.LongDay)] - $INFO[Window.Property(Weekend.2.ShortDate)]</label>
					</control>
					<control type="image">
						<left>10</left>
						<top>20</top>
						<width>130</width>
						<height>160</height>
						<aspectratio>keep</aspectratio>
						<texture>$INFO[Window.Property(Weekend.2.OutlookIcon)]</texture>
					</control>
					<control type="label">
						<left>140</left>
						<top>40</top>
						<width>100</width>
						<height>50</height>
						<font>font13_title</font>
						<textcolor>white</textcolor>
						<selectedcolor>selected</selectedcolor>
						<align>center</align>
						<aligny>center</aligny>
						<label>[COLOR=grey2]$LOCALIZE[393][CR][/COLOR]$INFO[Window.Property(Weekend.2.HighTemperature),[B] ,[/B]]</label>
					</control>
					<control type="label">
						<left>140</left>
						<top>100</top>
						<width>100</width>
						<height>50</height>
						<font>font13_title</font>
						<textcolor>white</textcolor>
						<selectedcolor>selected</selectedcolor>
						<align>center</align>
						<aligny>center</aligny>
						<label>[COLOR=grey2]$LOCALIZE[391][CR][/COLOR]$INFO[Window.Property(Weekend.2.LowTemperature),[B] ,[/B]]</label>
					</control>
					<control type="textbox">
						<left>240</left>
						<top>40</top>
						<width>350</width>
						<height>130</height>
						<font>font12</font>
						<textcolor>white</textcolor>
						<align>right</align>
						<label>$INFO[Window.Property(Weekend.2.Humidity),[COLOR=grey2]$LOCALIZE[406] :[/COLOR][B] ,[/B]][CR][CR]$INFO[Window.Property(Weekend.2.ShortWindDirection),[COLOR=grey2]$LOCALIZE[404] :[/COLOR][B] ,[/B]][CR][CR]$INFO[Window.Property(Weekend.2.Precipitation),[COLOR=grey2]$LOCALIZE[33021] :[/COLOR][B] ,[/B]]</label>
					</control>
					<control type="label">
						<left>0</left>
						<top>170</top>
						<width>590</width>
						<height>20</height>
						<font>font12</font>
						<textcolor>white</textcolor>
						<selectedcolor>selected</selectedcolor>
						<align>center</align>
						<aligny>center</aligny>
						<label>$INFO[Window.Property(Weekend.2.Outlook),[COLOR=grey2]$LOCALIZE[33030]: [/COLOR]]</label>
					</control>
					<control type="textbox">
						<left>0</left>
						<top>210</top>
						<width>590</width>
						<height>70</height>
						<font>font12</font>
						<textcolor>white</textcolor>
						<selectedcolor>selected</selectedcolor>
						<align>center</align>
						<label>$INFO[Window.Property(Weekend.2.LongOutlookDay),[COLOR=grey2]$LOCALIZE[31905]: [/COLOR]][CR]</label>
					</control>
				</control>
			</control>
		</control>
	</include>
</includes>
