<includes>

    <include name="FontHuge">
        <font>font_MainMenu</font>
    </include>
    <include name="FontBig">
        <font>font30_title</font>
    </include>
    <include name="FontHeader">
        <font>font12_title</font>
    </include>
    <include name="FontBody">
        <font>font10</font>
    </include>

    <constant name="RadarSquare" condition="$PARAM[test]">40%</constant>
    <constant name="RadarLegend">48%</constant>

    <constant name="MasterXOffset">0%</constant>
    <constant name="MasterYOffset">0%</constant>
    <constant name="WeatherInfoLineHeight">30%</constant>

    <include name="ConfluenceLeftPanelContainer">
        <control type="image">
            <description>Confluence Only - ok to use non percents here as Confluence = 720p fixed</description>
            <visible>String.IsEqual(Window(weather).Property(SkinInUse),"Confluence")</visible>
            <posx>0</posx>
            <posy>0</posy>
            <width>825</width>
            <height>1005</height>
            <texture border="30">ContentPanel.png</texture>
        </control>
    </include>

    <include name="ConfluenceRightPanelContainer">
        <control type="image">
            <description>Confluence Only - ok to use non percents here as Confluence = 720p fixed</description>
            <visible>String.IsEqual(Window(weather).Property(SkinInUse),"Confluence")</visible>
            <posx>0</posx>
            <posy>0</posy>
            <width>1020</width>
            <height>1005</height>
            <texture border="30">ContentPanel.png</texture>
            <visible>String.IsEqual(Window(weather).Property(SkinInUse),"Confluence")</visible>
        </control>
    </include>

    <include name="ConfluenceBladeMenu">
         <!--  BLADE MENU ETC -->
        <control type="group">
            <visible>String.IsEqual(Window(weather).Property(SkinInUse),"Confluence")</visible>
            <posx>-375</posx>
            <include>SideBladeLeft</include>
            <control type="grouplist" id="9000">
                <posx>0</posx>
                <posy>165</posy>
                <width>375</width>
                <height>915</height>
                <onleft>9000</onleft>
                <onright>222</onright>
                <onup>9000</onup>
                <ondown>9000</ondown>
                <onback>222</onback>
                <itemgap>0</itemgap>
                <control type="button" id="2">
                    <description>Refresh button</description>
                    <textwidth>353</textwidth>
                    <include>ButtonCommonValues</include>
                    <label>103</label>
                    <onup>3</onup>
                </control>
                <control type="button" id="4">
                    <description>Settings button</description>
                    <label>5</label>
                    <onclick>ActivateWindow(servicesettings,weather)</onclick>
                    <textwidth>353</textwidth>
                    <include>ButtonCommonValues</include>
                    <ondown>3</ondown>
                </control>
                <include>CommonNowPlaying_Controls</include>
            </control>
        </control>
    </include>
    
</includes>
