<includes>

    <include name="FontHuge">
        <font>Font50-bold</font>
    </include>
    <include name="FontBig">
        <font>Font48-bold</font>
    </include>
    <include name="FontHeader">
        <font>Font33</font>
    </include>
    <include name="FontBody">
        <font>Font25-bold</font>
    </include>

    <constant name="RadarSquare">40%</constant>
    <constant name="RadarLegend">48%</constant>

    <constant name="MasterXOffset">-1%</constant>
    <constant name="MasterYOffset">-5%</constant>
    <constant name="WeatherInfoLineHeight">-5%</constant>
    <constant name="WeatherIconPosY">6%</constant>
    <constant name="HighValuePosY">6%</constant>

</includes>
