<?xml version="1.0" encoding="UTF-8" standalone="yes"?>
<addon id="plugin.program.b808minimal" name="Bossanova808 Minimal Plugin"
       version="0.0.2" provider-name="bossanova808">
  <requires>
    <import addon="xbmc.python" version="2.1.0"/>
    <import addon="script.module.xbmcswift2" version="1.3" />
  </requires>
  <extension point="xbmc.python.pluginsource" library="default.py">
    <provides>executable</provides>
  </extension>
  <extension point="xbmc.addon.metadata">
    <summary>A very basic plugin for testing purposes</summary>
    <description>A very basic plugin for testing purposes</description>
    <platform>all</platform>
    <license>GPL V2</license>
  </extension>
</addon>
