<?xml version="1.0" encoding="UTF-8"?>
<window>
	<defaultcontrol />
	<controls>
		<!-- BOSSANOVA808 MOD - OzWeather Radar and Short Forecast -->
		<!-- First, Animated Radar -->
		<control type="group" id="10126">
	      	<visible>[Player.ShowInfo | Window.IsActive(VideoOSD)] + ![Window.IsVisible(OSDSubtitleSettings) | Window.IsVisible(OSDVideoSettings) | Window.IsVisible(OSDAudioSettings) | Window.IsVisible(VideoBookmarks) | Window.IsVisible(PVROSDChannels) | Window.IsVisible(PVRChannelGuide) | Window.IsVisible(SliderDialog)]</visible>
			<posx>10</posx>
			<posy>5</posy>
			 <control type="image" id="19547">
				<posx>0</posx>
				<posy>0</posy>
				<width>256</width>
				<height>256</height>
				<texture>special://profile/addon_data/weather.ozweather/radarbackgrounds/$INFO[Window(2600).Property(Radar)]/background.png</texture>
				<bordertexture border="8">ThumbShadow.png</bordertexture>
				<bordersize>8</bordersize>
			</control>
			<control type="image" id="19547">
				<posx>0</posx>
				<posy>0</posy>
				<width>256</width>
				<height>256</height>
				<texture>special://profile/addon_data/weather.ozweather/radarbackgrounds/$INFO[Window(2600).Property(Radar)]/topography.png</texture>
				<bordertexture border="8">ThumbShadow.png</bordertexture>
				<bordersize>8</bordersize>
			</control>
			<control type="image" id="19547">
				<posx>0</posx>
				<posy>0</posy>
				<width>256</width>
				<height>256</height>
				<texture>special://profile/addon_data/weather.ozweather/radarbackgrounds/$INFO[Window(2600).Property(Radar)]/locations.png</texture>
				<bordertexture border="8">ThumbShadow.png</bordertexture>
				<bordersize>8</bordersize>
			</control>
			<control type="image" id="19547">
				<posx>0</posx>
				<posy>0</posy>
				<width>256</width>
				<height>256</height>
				<texture>special://profile/addon_data/weather.ozweather/radarbackgrounds/$INFO[Window(2600).Property(Radar)]/range.png</texture>
				<bordertexture border="8">ThumbShadow.png</bordertexture>
				<bordersize>8</bordersize>
			</control>
			<control type="multiimage" id="19547">
				<description>maps multiimage</description>
				<posx>8</posx>
				<posy>8</posy>
				<width>240</width>
				<height>240</height>
				<imagepath>special://profile/addon_data/weather.ozweather/currentloop/$INFO[Window(2600).Property(Radar)]/</imagepath>
				<timeperimage>500</timeperimage>
				<pauseatend>1000</pauseatend>
				<fadetime>0</fadetime>
				<randomize>false</randomize>
				<loop>yes</loop>
				<bordertexture border="8">ThumbShadow.png</bordertexture>
				<bordersize>8</bordersize>
			</control>
		</control>
	    <control type="group" id="10125">
			<posx>273</posx>
			<!-- Offset 10 from posy for radar group above -->
			<posy>10</posy>
	      	<visible>[Player.ShowInfo | Window.IsActive(VideoOSD)] + ![Window.IsVisible(OSDSubtitleSettings) | Window.IsVisible(OSDVideoSettings) | Window.IsVisible(OSDAudioSettings) | Window.IsVisible(VideoBookmarks) | Window.IsVisible(PVROSDChannels) | Window.IsVisible(PVRChannelGuide) | Window.IsVisible(SliderDialog)]</visible>
			<!-- Only show weather if it is actually available - using a predicted high of -99 since this never happens -->
  			<!-- Should use Weather.IsFetched but for some reason it just doesn't work as expected (checked again 2021) -->
			<!-- <visible>!Weather.IsFetched</visible> -->
			<visible>[!StringCompare(Window(2600).Property(Daily.1.HighTemp),"-99") + !String.IsEmpty(Window(2600).Property(Daily.1.HighTemp))]</visible>
 			<control type="image" id="19547">
  				<description>media info background image</description>
  				<posx>0</posx>
  				<posy>0</posy>
  				<width>150</width>
  				<height>246</height>
  				<texture>black-back.png</texture>
  			</control>
			<control type="label" id="19547">
				<description>currently label</description>
				<posx>10</posx>
				<posy>0</posy>
				<width>460</width>
				<height>160</height>
				<label>Currently:</label>
				<font>font10</font>
				<textcolor>darkgray</textcolor>
				<shadowcolor>black</shadowcolor>
			</control>
			<control type="label" id="19547">
				<description>current temp Value</description>
				<posx>25</posx>
				<posy>25</posy>
				<width>180</width>
				<height>40</height>
				<font>font28_title</font>
				<label>$INFO[Window(2600).Property(Current.OzW_Temperature)]°</label>
				<textcolor>white</textcolor>
				<shadowcolor>black</shadowcolor>
			</control>
			<control type="label" id="19547">
				<description>predicted high label</description>
				<posx>10</posx>
				<posy>85</posy>
				<width>460</width>
				<height>160</height>
				<label>Predicted[CR]High: [COLOR white]$INFO[Window(2600).Property(Daily.1.HighTemp)]°[/COLOR]</label>
				<font>font10</font>
				<textcolor>darkgray</textcolor>
				<shadowcolor>black</shadowcolor>
			</control>
			<control type="label" id="19547">
				<description>low label</description>
				<posx>10</posx>
				<posy>135</posy>
				<width>460</width>
				<height>160</height>
				<label>Overnight[CR]Low:  [COLOR white]$INFO[Window(2600).Property(Daily.2.LowTemp)]°[/COLOR]</label>
				<font>font10</font>
				<textcolor>darkgray</textcolor>
				<shadowcolor>black</shadowcolor>
			</control>
			<control type="label" id="19547">
				<description>tomorrow high label</description>
				<posx>10</posx>
				<posy>185</posy>
				<width>460</width>
				<height>160</height>
				<label>Tomorrow[CR]High: [COLOR white]$INFO[Window(2600).Property(Daily.2.HighTemp)]°[/COLOR]</label>
				<font>font10</font>
				<textcolor>darkgray</textcolor>
				<shadowcolor>black</shadowcolor>
			</control>
		</control>
		<!-- END BOSSANOVA808 MOD - OzWeather Radar and Short Forecast -->
		<!-- view mode, sizing, screen resolution -->
		<control type="group" id="0">
			<depth>DepthOSD+</depth>
			<left>0</left>
			<top>30</top>
			<animation effect="fade" time="150">VisibleChange</animation>
			<control type="image">
				<description>media info background image</description>
				<left>0</left>
				<top>0</top>
				<width>1920</width>
				<height>240</height>
			</control>
			<control type="label" id="10">
				<description>row 1 label</description>
				<left>75</left>
				<top>15</top>
				<width>1770</width>
				<height>45</height>
				<align>left</align>
				<aligny>center</aligny>
				<font>font12</font>
				<label />
			</control>
			<control type="label" id="11">
				<description>row 2 label</description>
				<left>75</left>
				<top>83</top>
				<width>1770</width>
				<height>45</height>
				<align>left</align>
				<aligny>center</aligny>
				<font>font12</font>
				<label />
			</control>
			<control type="label" id="12">
				<description>row 3 label</description>
				<left>75</left>
				<top>150</top>
				<width>1770</width>
				<height>68</height>
				<align>left</align>
				<aligny>center</aligny>
				<font>font12</font>
				<label />
			</control>
		</control>
		<!-- media infos -->
		<control type="group" id="1">
			<depth>DepthOSD</depth>
			<visible>[Player.ShowInfo | Window.IsActive(VideoOSD)] + ![Window.IsVisible(OSDSubtitleSettings) | Window.IsVisible(OSDVideoSettings) | Window.IsVisible(OSDAudioSettings) | Window.IsVisible(VideoBookmarks) | Window.IsVisible(PVROSDChannels) | Window.IsVisible(PVRChannelGuide) | Window.IsVisible(SliderDialog)]</visible>
			<animation effect="fade" time="150">VisibleChange</animation>
<!-- BOSSANOVA808 Mod - remove dark fade at top of Video Info OSD & chapter stuff so weather can sit high-->
<!--			<control type="image" id="1">-->
<!--				<left>-30</left>-->
<!--				<top>-225</top>-->
<!--				<width>1980</width>-->
<!--				<height>384</height>-->
<!--				<texture flipy="true" border="1">HomeNowPlayingBack.png</texture>-->
<!--			</control>-->
<!--			<control type="label" id="1">-->
<!--				<description>Chapter Count Header label</description>-->
<!--				<left>45</left>-->
<!--				<top>8</top>-->
<!--				<width>1500</width>-->
<!--				<height>38</height>-->
<!--				<align>left</align>-->
<!--				<aligny>center</aligny>-->
<!--				<font>font13</font>-->
<!--				<textcolor>white</textcolor>-->
<!--				<shadowcolor>black</shadowcolor>-->
<!--				<label>$INFO[Player.Chapter,$LOCALIZE[21396]: ]$INFO[Player.ChapterCount, / ]$INFO[Player.ChapterName,[COLOR=grey] - (,)[/COLOR]]</label>-->
<!--				<visible>Player.ChapterCount + !VideoPlayer.Content(LiveTV)</visible>-->
<!--			</control>-->
			<control type="label" id="1">
				<description>Channel Group label</description>
				<left>45</left>
				<top>8</top>
				<width>1500</width>
				<height>38</height>
				<align>left</align>
				<aligny>center</aligny>
				<font>font13</font>
				<textcolor>white</textcolor>
				<shadowcolor>black</shadowcolor>
				<label>$INFO[VideoPlayer.ChannelGroup,$LOCALIZE[31509]: ]</label>
				<visible>VideoPlayer.Content(LiveTV)</visible>
			</control>
			<control type="label" id="1">
				<description>Clock label</description>
				<left>675</left>
				<top>8</top>
				<width>1200</width>
				<height>38</height>
				<align>right</align>
				<aligny>center</aligny>
				<font>font13</font>
				<textcolor>gray</textcolor>
				<shadowcolor>black</shadowcolor>
				<label>$INFO[System.Time]</label>
				<animation effect="slide" start="0,0" end="-45,0" time="0" condition="Player.Muted">conditional</animation>
				<animation effect="slide" start="0,0" end="-105,0" time="0" condition="system.getbool(input.enablemouse) + Window.IsVisible(VideoOSD)">conditional</animation>
			</control>
			<control type="image" id="1">
				<left>-30</left>
				<top>345r</top>
				<width>1980</width>
				<height>345</height>
				<texture border="1">HomeNowPlayingBack.png</texture>
			</control>
			<!--  BOSSANOVA808 CLEARART MOD  -->
			<!--  SHOWS CLEARART BY DEFAULT, OTHERWISE FALLS BACK TO LOGO or BORING THUMB -->
			<control type="image" id="1">
				<depth>DepthOSDPopout</depth>
				<description>Video cover image</description>
				<posx>5</posx>
				<posy>525r</posy>
				<width>480</width>
				<height>525</height>
				<texture fallback="DefaultVideoCover.png">$VAR[NowPlayingThumb]</texture>
				<aspectratio aligny="bottom">keep</aspectratio>
				<visible>!Skin.HasSetting(HideSeekBarOSD) | Window.IsActive(VideoOSD) | Player.ShowInfo</visible>
			</control>
			<!-- END BOSSANOVA808 CLEARART MOD  -->
			<control type="group" id="1">
				<left>495</left>
				<top>278r</top>
				<control type="label" id="1">
					<description>Heading label</description>
					<left>0</left>
					<top>0</top>
					<width>1365</width>
					<height>38</height>
					<align>left</align>
					<aligny>center</aligny>
					<font>font13</font>
					<label>$LOCALIZE[31040]</label>
					<textcolor>white</textcolor>
					<shadowcolor>black</shadowcolor>
					<visible>![VideoPlayer.Content(LiveTV) + [PVR.IsRecordingPlayingChannel | PVR.IsPlayingActiveRecording]]</visible>
					<animation effect="slide" start="0,0" end="0,38" time="0" condition="!VideoPlayer.Content(Movies) + !VideoPlayer.Content(Episodes) + !VideoPlayer.Content(MusicVideos) + !VideoPlayer.Content(LiveTV) + !PVR.IsPlayingRecording">conditional</animation>
				</control>
				<control type="image" id="1">
					<top>0</top>
					<width>75</width>
					<height>38</height>
					<aspectratio align="center" aligny="center">keep</aspectratio>
					<texture>PVR-IsRecording.png</texture>
					<visible>VideoPlayer.Content(LiveTV) + [[PVR.IsRecordingPlayingChannel + !Player.ChannelPreviewActive] | PVR.IsPlayingActiveRecording]</visible>
				</control>
				<control type="label" id="1">
					<description>Heading label</description>
					<left>75</left>
					<top>0</top>
					<width>1290</width>
					<height>38</height>
					<align>left</align>
					<aligny>center</aligny>
					<font>font13</font>
					<label>$LOCALIZE[19158]</label>
					<textcolor>white</textcolor>
					<shadowcolor>black</shadowcolor>
					<visible>VideoPlayer.Content(LiveTV) + [[PVR.IsRecordingPlayingChannel + !Player.ChannelPreviewActive] | PVR.IsPlayingActiveRecording]</visible>
				</control>
				<control type="label" id="1">
					<description>Studio label</description>
					<left>30</left>
					<top>45</top>
					<width>1365</width>
					<height>38</height>
					<align>left</align>
					<font>font12</font>
					<label>$INFO[VideoPlayer.Studio]</label>
					<textcolor>grey2</textcolor>
					<shadowcolor>black</shadowcolor>
					<visible>VideoPlayer.Content(Movies)</visible>
				</control>
				<control type="label" id="1">
					<description>TV Show label</description>
					<left>30</left>
					<top>45</top>
					<width>1365</width>
					<height>38</height>
					<align>left</align>
					<font>font12</font>
					<label>$INFO[VideoPlayer.TVShowTitle] ($INFO[VideoPlayer.Season,,x]$INFO[VideoPlayer.Episode])</label>
					<textcolor>grey2</textcolor>
					<shadowcolor>black</shadowcolor>
					<visible>VideoPlayer.Content(Episodes)</visible>
				</control>
				<control type="label" id="1">
					<description>Music Info label</description>
					<left>30</left>
					<top>45</top>
					<width>1365</width>
					<height>38</height>
					<align>left</align>
					<font>font12</font>
					<label>$INFO[VideoPlayer.Artist] $INFO[VideoPlayer.Album, - ]</label>
					<textcolor>grey2</textcolor>
					<shadowcolor>black</shadowcolor>
					<visible>VideoPlayer.Content(MusicVideos)</visible>
				</control>
				<control type="label" id="1">
					<description>LiveTV Info label</description>
					<left>30</left>
					<top>45</top>
					<width>1365</width>
					<height>38</height>
					<align>left</align>
					<font>font12</font>
					<label>$INFO[VideoPlayer.ChannelNumberLabel,([COLOR=blue],[/COLOR]) ]$INFO[VideoPlayer.ChannelName]$INFO[VideoPlayer.EpisodeName, (,)]</label>
					<textcolor>grey2</textcolor>
					<shadowcolor>black</shadowcolor>
					<visible>VideoPlayer.Content(LiveTV) | PVR.IsPlayingRecording</visible>
				</control>
				<control type="grouplist" id="1">
					<left>30</left>
					<top>90</top>
					<width>1365</width>
					<height>53</height>
					<itemgap>8</itemgap>
					<orientation>horizontal</orientation>
					<control type="label" id="1">
						<width min="15" max="780">auto</width>
						<height>45</height>
						<font>font30</font>
						<align>left</align>
						<aligny>center</aligny>
						<label>$INFO[Player.Title]</label>
						<textcolor>orange</textcolor>
						<scroll>true</scroll>
					</control>
					<control type="image" id="1">
						<description>Video Resolution Image</description>
						<width>75</width>
						<height>53</height>
						<aspectratio align="center">keep</aspectratio>
						<texture>$INFO[VideoPlayer.VideoResolution,flagging/video/,.png]</texture>
						<visible>!Player.ChannelPreviewActive</visible>
					</control>
					<control type="image" id="1">
						<description>Codec Image</description>
						<width>110</width>
						<height>53</height>
						<aspectratio align="left">keep</aspectratio>
						<texture>$INFO[VideoPlayer.HdrType,flagging/video/,.png]</texture>
						<visible>!String.IsEmpty(VideoPlayer.HdrType)</visible>
					</control>
					<control type="image" id="1">
						<description>Audio Codec Image</description>
						<width>128</width>
						<height>53</height>
						<aspectratio align="center">keep</aspectratio>
						<visible>!Player.ChannelPreviewActive</visible>
						<texture>$INFO[VideoPlayer.AudioCodec,flagging/audio/,.png]</texture>
					</control>
					<control type="image" id="1">
						<description>Audio Channels Image</description>
						<width>75</width>
						<height>53</height>
						<aspectratio align="center">keep</aspectratio>
						<texture>$INFO[VideoPlayer.AudioChannels,flagging/audio/,.png]</texture>
						<visible>!Player.ChannelPreviewActive</visible>
					</control>
					<control type="group" id="1">
						<width>128</width>
						<height>53</height>
						<visible>![String.IsEmpty(VideoPlayer.AudioLanguage) | Player.ChannelPreviewActive]</visible>
						<control type="image" id="1">
							<left>8</left>
							<top>0</top>
							<description>Audio Language Image</description>
							<width>120</width>
							<height>53</height>
							<texture>flagging/AudioLang.png</texture>
						</control>
						<control type="label" id="1">
							<left>57</left>
							<top>3</top>
							<width>71</width>
							<height>53</height>
							<font>font13</font>
							<align>left</align>
							<label>$INFO[VideoPlayer.AudioLanguage]</label>
							<textcolor>grey</textcolor>
						</control>
					</control>
					<control type="group" id="1">
						<width>128</width>
						<height>53</height>
						<visible>![String.IsEmpty(VideoPlayer.SubtitlesLanguage) | Player.ChannelPreviewActive] + VideoPlayer.SubtitlesEnabled</visible>
						<control type="image" id="1">
							<left>8</left>
							<top>0</top>
							<width>120</width>
							<height>53</height>
							<texture>flagging/SubLang.png</texture>
						</control>
						<control type="label" id="1">
							<left>57</left>
							<top>3</top>
							<width>71</width>
							<height>53</height>
							<font>font13</font>
							<align>left</align>
							<label>$INFO[VideoPlayer.SubtitlesLanguage]</label>
							<textcolor>grey</textcolor>
						</control>
					</control>
				</control>
				<control type="label" id="1">
					<left>0</left>
					<top>180</top>
					<width>1365</width>
					<height>38</height>
					<label>$LOCALIZE[31049] $INFO[Player.FinishTime]</label>
					<align>center</align>
					<aligny>center</aligny>
					<font>font12</font>
					<textcolor>grey</textcolor>
					<scroll>true</scroll>
					<visible>[Player.ShowInfo | Window.IsVisible(VideoOSD)] + !VideoPlayer.Content(LiveTV)</visible>
					<animation effect="fade" time="150">VisibleChange</animation>
				</control>
				<control type="label" id="1">
					<left>0</left>
					<top>180</top>
					<width>1365</width>
					<height>38</height>
					<label>$INFO[VideoPlayer.NextTitle,[B]$LOCALIZE[19031]: [/B]]</label>
					<align>center</align>
					<aligny>center</aligny>
					<font>font12</font>
					<textcolor>grey</textcolor>
					<scroll>true</scroll>
					<visible>!Window.IsVisible(VideoOSD) + VideoPlayer.Content(LiveTV)</visible>
					<animation effect="fade" time="150">VisibleChange</animation>
				</control>
				<control type="label" id="1">
					<left>0</left>
					<top>225</top>
					<width>1365</width>
					<height>38</height>
					<label>[B]$LOCALIZE[31961][/B] $INFO[PVR.TimeshiftCur] (-$INFO[PVR.TimeshiftOffset])</label>
					<align>center</align>
					<aligny>center</aligny>
					<font>font12</font>
					<textcolor>grey</textcolor>
					<scroll>true</scroll>
					<visible>!Window.IsVisible(VideoOSD) + VideoPlayer.Content(LiveTV) + PVR.IsTimeShift</visible>
					<animation effect="fade" time="150">VisibleChange</animation>
				</control>
			</control>
			<control type="group" id="1">
				<left>495</left>
				<top>143r</top>
				<visible>!VideoPlayer.Content(LiveTV) | [VideoPlayer.Content(LiveTV) + VideoPlayer.HasEpg]</visible>
				<control type="label" id="1">
					<visible>!VideoPlayer.Content(LiveTV)</visible>
					<left>0</left>
					<top>0</top>
					<width>150</width>
					<height>60</height>
					<font>font13</font>
					<align>left</align>
					<aligny>center</aligny>
					<label>$INFO[Player.Time(hh:mm:ss)]</label>
				</control>
				<control type="label" id="1">
					<visible>VideoPlayer.Content(LiveTV)</visible>
					<left>0</left>
					<top>0</top>
					<width>150</width>
					<height>60</height>
					<font>font13</font>
					<align>left</align>
					<aligny>center</aligny>
					<label>$INFO[VideoPlayer.StartTime]</label>
				</control>
				<control type="group" id="1">
					<visible>VideoPlayer.Content(LiveTV)</visible>
					<control type="progress" id="1">
						<description>ProgressbarTimeshift</description>
						<left>150</left>
						<top>23</top>
						<width>1080</width>
						<height>24</height>
						<info>PVR.TimeshiftProgressBufferEnd</info>
						<midtexture border="9,13,9,13">OSDProgressMidLight.png</midtexture>
						<visible>PVR.IsTimeShift</visible>
					</control>
					<control type="progress" id="1">
						<description>Progressbar</description>
						<left>150</left>
						<top>23</top>
						<width>1080</width>
						<height>24</height>
						<info>PVR.EpgEventProgress</info>
					</control>
				</control>
				<control type="group" id="1">
					<visible>!VideoPlayer.Content(LiveTV)</visible>
					<control type="progress" id="1">
						<description>ProgressbarCache</description>
						<left>150</left>
						<top>23</top>
						<width>1080</width>
						<height>24</height>
						<info>Player.ProgressCache</info>
						<midtexture border="9,13,9,13">OSDProgressMidLight.png</midtexture>
						<visible>!Player.ChannelPreviewActive</visible>
					</control>
					<control type="progress" id="1">
						<description>Progressbar</description>
						<left>150</left>
						<top>23</top>
						<width>1080</width>
						<height>24</height>
						<info>Player.Progress</info>
					</control>
				</control>
				<control type="label" id="1">
					<visible>!VideoPlayer.Content(LiveTV)</visible>
					<left>1230</left>
					<top>0</top>
					<width>150</width>
					<height>60</height>
					<font>font13</font>
					<align>right</align>
					<aligny>center</aligny>
					<!-- BOSSANOVA808 MOD - Time remaining -->
					<label>-$INFO[VideoPlayer.TimeRemaining(hh:mm:ss)]</label>
				</control>
				<control type="label" id="1">
					<visible>VideoPlayer.Content(LiveTV)</visible>
					<left>1230</left>
					<top>0</top>
					<width>150</width>
					<height>60</height>
					<font>font13</font>
					<align>right</align>
					<aligny>center</aligny>
					<label>$INFO[VideoPlayer.EndTime]</label>
				</control>
				<control type="ranges" id="1">
					<description>Chapters</description>
					<left>150</left>
					<top>23</top>
					<width>1080</width>
					<height>24</height>
					<info>Player.Chapters</info>
					<texturebg border="9,13,9,13" colordiffuse="00FFFFFF">OSDProgressBack.png</texturebg>
					<righttexture border="3,8,3,5" colordiffuse="FFFFFFFF">OSDProgressNib.png</righttexture>
				</control>
				<control type="ranges" id="1">
					<description>Cuts</description>
					<left>150</left>
					<top>23</top>
					<width>1080</width>
					<height>24</height>
					<info>Player.Cuts</info>
					<texturebg border="9,13,9,13" colordiffuse="00FFFFFF">OSDProgressBack.png</texturebg>
					<righttexture border="3,8,3,5" colordiffuse="FFFF0000">OSDProgressNib.png</righttexture>
				</control>
				<control type="ranges" id="1">
					<description>Scene Markers</description>
					<left>150</left>
					<top>23</top>
					<width>1080</width>
					<height>24</height>
					<info>Player.SceneMarkers</info>
					<texturebg border="9,13,9,13" colordiffuse="00FFFFFF">OSDProgressBack.png</texturebg>
					<righttexture border="3,8,3,5" colordiffuse="FF0000FF">OSDProgressNib.png</righttexture>
				</control>
				<control type="ranges" id="1">
					<description>Editlist</description>
					<left>150</left>
					<top>23</top>
					<width>1080</width>
					<height>24</height>
					<info>Player.Editlist</info>
					<texturebg border="9,13,9,13" colordiffuse="00FFFFFF">OSDProgressBack.png</texturebg>
					<lefttexture border="3,8,3,5" colordiffuse="FFFFFFFF">OSDProgressNib.png</lefttexture>
					<midtexture colordiffuse="FFFF0000">colors/white.png</midtexture>
					<righttexture border="3,8,3,5" colordiffuse="FFFFFFFF">OSDProgressNib.png</righttexture>
				</control>
			</control>
		</control>
		<control type="label" id="1">
			<description>Seek Number label</description>
			<left>45</left>
			<top>8</top>
			<width>1830</width>
			<height>38</height>
			<align>center</align>
			<aligny>center</aligny>
			<font>font13</font>
			<textcolor>white</textcolor>
			<shadowcolor>black</shadowcolor>
			<label>$INFO[Player.SeekNumeric]</label>
		</control>
	</controls>
</window>
