<?xml version="1.0" encoding="UTF-8"?>
<window>
	<defaultcontrol always="false">602</defaultcontrol>
	<include>dialogeffect</include>
	<depth>DepthOSD</depth>
	
	<coordinates>
		<left>0</left>
		<top>0</top>
	</coordinates>

	<controls>
		<control type="image">
			<left>-20</left>
			<top>130r</top>
			<width>1320</width>
			<height>130</height>
			<texture border="1">HomeNowPlayingBack.png</texture>
		</control>
		
		<control type="label">
			<left>100</left>
			<top>150r</top>
			<width>330</width>
			<align>center</align>
			<font>font12</font>
			<textcolor>grey</textcolor>
			<align>left</align>
			<aligny>center</aligny>
			<label>$LOCALIZE[19325]</label>
		</control>
		
		<control type="grouplist" id="201">
			<left>100</left>
			<top>60r</top>
			<orientation>horizontal</orientation>
			<itemgap>0</itemgap>
			<animation effect="fade" time="150">VisibleChange</animation>
			<onup>Action(close)</onup>
			<onup>10</onup>
			<onright>606</onright>
			<onleft>611</onleft>
			<control type="button" id="600">
				<width>55</width>
				<height>55</height>
				<texturefocus>OSDPrevTrackFO.png</texturefocus>
				<texturenofocus>OSDPrevTrackNF.png</texturenofocus>
				<onclick>PVR.EpgGridControl(FirstProgramme)</onclick>
			</control>
			<control type="button" id="601">
				<width>55</width>
				<height>55</height>
				<texturefocus>OSDRewindFO.png</texturefocus>
				<texturenofocus>OSDRewindNF.png</texturenofocus>
				<onclick>PVR.EpgGridControl(-12)</onclick>
			</control>
			<control type="button" id="602">
				<width>55</width>
				<height>55</height>
				<texturefocus>OSDChannelDownFO.png</texturefocus>
				<texturenofocus>OSDChannelDownNF.png</texturenofocus>
				<onclick>PVR.EpgGridControl(CurrentProgramme)</onclick>
			</control>
			<control type="button" id="603">
				<width>55</width>
				<height>55</height>
				<texturefocus>OSDForwardFO.png</texturefocus>
				<texturenofocus>OSDForwardNF.png</texturenofocus>
				<onclick>PVR.EpgGridControl(+12)</onclick>
			</control>
			<control type="button" id="604">
				<width>55</width>
				<height>55</height>
				<texturefocus>OSDNextTrackFO.png</texturefocus>
				<texturenofocus>OSDNextTrackNF.png</texturenofocus>
				<onclick>PVR.EpgGridControl(LastProgramme)</onclick>
			</control>
			<control type="button" id="605">
				<width>55</width>
				<height>55</height>
				<texturefocus>OSDDateFO.png</texturefocus>
				<texturenofocus>OSDDateNF.png</texturenofocus>
				<onclick>PVR.EpgGridControl(SelectDate)</onclick>
			</control>
		</control>
		
		<control type="label">
			<left>100</left>
			<top>60r</top>
			<width>1080</width>
			<align>center</align>
			<aligny>center</aligny>
			<font>font13</font>
			<align>left</align>
			<aligny>center</aligny>
			<label>$VAR[PVRGuideControlsHelpTextVar]</label>
		</control>
		
		<control type="label">
			<left>810</left>
			<top>150r</top>
			<width>165</width>
			<align>center</align>
			<font>font12</font>
			<textcolor>grey</textcolor>
			<align>left</align>
			<aligny>center</aligny>
			<label>$LOCALIZE[19148]</label>
		</control>
		
		<control type="grouplist" id="202">
			<left>810</left>
			<top>60r</top>
			<width>165</width>
			<align>center</align>
			<orientation>horizontal</orientation>
			<itemgap>0</itemgap>
			<animation effect="fade" time="150">VisibleChange</animation>
			<onup>Action(close)</onup>
			<onup>10</onup>
			<onright>609</onright>
			<onleft>605</onleft>
			<control type="button" id="606">
				<width>55</width>
				<height>55</height>
				<texturefocus>OSDPrevTrackFO.png</texturefocus>
				<texturenofocus>OSDPrevTrackNF.png</texturenofocus>
				<onclick>PVR.EpgGridControl(FirstChannel)</onclick>
			</control>
			<control type="button" id="607">
				<width>55</width>
				<height>55</height>
				<texturefocus>OSDChannelDownFO.png</texturefocus>
				<texturenofocus>OSDChannelDownNF.png</texturenofocus>
				<onclick>PVR.EpgGridControl(PlayingChannel)</onclick>
				<visible>PVR.IsPlayingTV | PVR.IsPlayingRadio</visible>
			</control>
			<control type="button" id="608">
				<width>55</width>
				<height>55</height>
				<texturefocus>OSDNextTrackFO.png</texturefocus>
				<texturenofocus>OSDNextTrackNF.png</texturenofocus>
				<onclick>PVR.EpgGridControl(FirstProgramme)</onclick>
			</control>
		</control>
		
		<control type="label">
			<left>1015</left>
			<top>150r</top>
			<width>165</width>
			<align>center</align>
			<font>font12</font>
			<textcolor>grey</textcolor>
			<align>left</align>
			<aligny>center</aligny>
			<label>$LOCALIZE[19141]</label>
		</control>
		
		<control type="grouplist" id="203">
			<left>1015</left>
			<top>60r</top>
			<orientation>horizontal</orientation>
			<itemgap>0</itemgap>
			<animation effect="fade" time="150">VisibleChange</animation>
			<onup>Action(close)</onup>
			<onup>10</onup>
			<onright>600</onright>
			<onleft>608</onleft>
			<control type="button" id="609">
				<width>55</width>
				<height>55</height>
				<texturefocus flipx="true">OSDPlayFO.png</texturefocus>
				<texturenofocus flipx="true">OSDPlayNF.png</texturenofocus>
				<onclick>PVR.EpgGridControl(PreviousGroup)</onclick>
			</control>
			<control type="button" id="610">
				<width>55</width>
				<height>55</height>
				<texturefocus>OSDPlayFO.png</texturefocus>
				<texturenofocus>OSDPlayNF.png</texturenofocus>
				<onclick>PVR.EpgGridControl(NextGroup)</onclick>
			</control>
			<control type="button" id="611">
				<width>55</width>
				<height>55</height>
				<texturefocus>OSDPlaylistFO.png</texturefocus>
				<texturenofocus>OSDPlaylistNF.png</texturenofocus>
				<onclick>PVR.EpgGridControl(SelectGroup)</onclick>
			</control>
		</control>
	</controls>
</window>