<?xml version="1.0" encoding="UTF-8" standalone="yes"?>
<addon id="repository.bossanova808" name="bossanova808's XBMC Addons" version="0.2.6" provider-name="bossanova808">
    <extension point="xbmc.addon.repository" name="bossanova808's Kodi Addon Repository">
        <dir>
            <info>https://raw.githubusercontent.com/bossanova808/repository.bossanova808/master/staging/addons.xml</info>
            <checksum>https://raw.githubusercontent.com/bossanova808/repository.bossanova808/master/staging/addons.xml.md5</checksum>
            <datadir zip="true">https://raw.github.com/bossanova808/repository.bossanova808/master/repository-downloads/</datadir>
            <hashes>false</hashes>
        </dir>
    </extension>
    <extension point="xbmc.addon.metadata">
        <summary lang="en_GB">Repository for Bossanova808's Kodi Addons</summary>
        <description lang="en_GB">
            Download and install addons by Bossanova808.
        </description>
        <website>https://github.com/bossanova808/repository.bossanova808/</website>
        <source>https://github.com/bossanova808/repository.bossanova808/</source>
        <platform>all</platform>
        <forum />
        <email />
        <news>
            v0.2.6 - Version bump for new build system.
        </news>
        <assets>
            <icon>resources/icon.png</icon>
        </assets>
    </extension>
</addon>
