<?xml version="1.0" encoding="UTF-8" standalone="yes"?>
<addon id="script.kodi.yoctodisplay" name="Kodi YoctoDisplay" version="0.0.3" provider-name="bossanova808">
  <requires>
    <import addon="xbmc.python" version="2.24.0"/>
    <import addon="xbmc.addon" version="12.0.0"/>
  </requires>
  <extension point="xbmc.service" library="default.py" start="startup"></extension>
  <extension point="xbmc.addon.metadata">
    <language></language>
    <summary>Kodi YoctoDispay</summary>
    <description>Display current time, current temperatre and media playing time remaining on a YoctoMaxiDisplay screen.</description>
    <disclaimer>Works only with Yoctopuce USB MaxiDisplay.  Shouldn't blow up the universe or any part of it, but use at your own risk.</disclaimer>
    <platform>all</platform>
    <language>en</language>
    <license>GNU GENERAL PUBLIC LICENSE. Version 2, June 1991</license>
    <forum></forum>
    <website></website>
    <email></email>
    <source>https://github.com/bossanova808/script.kodi.yoctodisplay</source>
  </extension>
</addon>
