<?xml version="1.0" encoding="UTF-8" standalone="yes"?>
<addon id="script.b808minimal"
       name="Bossanova808 Minimal Testing Addon"
       version="0.0.1"
       provider-name="bossanova808">
  <requires>
    <import addon="xbmc.python" version="2.0"/>
  </requires>
  <extension point="xbmc.python.script"
             library="default.py">
    <provides>executable</provides>
  </extension>
  <extension point="xbmc.addon.metadata">
    <platform>all</platform>
    <summary lang="en">Minimal addon for testing purposes</summary>
    <description lang="en">Minimal addon for testing purposes</description>
    <disclaimer lang="en"></disclaimer>
  </extension>
</addon>
