<?xml version="1.0" encoding="UTF-8"?>
<window>
	<defaultcontrol always="true">50</defaultcontrol>
	<controls>
		<include>CommonBackground</include>
		<include>Header</include>
		<include>CommonNowPlaying</include>
		<include>Footer</include>
		<control type="label">
			<description>Window label</description>
			<include>MediaWindowTitleCommons</include>
			<label>$LOCALIZE[8]</label>
		</control>

        <!-- OzWeather Stuff here -->

            <!--  LEFT PANEL GROUP  -->
            <control type="group">
                <posx>0</posx>
                <posy>0</posy>

                <control type="label">
                    <description>header label</description>
                    <posx>150</posx>
                    <posy>60</posy>
                    <width>560</width>
                    <height>30</height>
                    <font>font20_title</font>
                    <label>Radar ($INFO[Window.Property(Radar)]) @ $INFO[Window.Property(Updated)] </label>
                    <align>center</align>
                    <aligny>center</aligny>
                    <textcolor>white</textcolor>
                    <shadowcolor>black</shadowcolor>
                </control>
                
                <!-- RADAR BACKGROUND IMAGES -->

                <control type="group">
                    <posx>80</posx>
                    <posy>100</posy>

                    <control type="image">
                        <description>background image</description>
                        <posx>0</posx>
                        <posy>28</posy>
                        <width>700</width>
                        <height>733</height>
                        <texture>special://profile/addon_data/weather.ozweather/radarbackgrounds/$INFO[Window.Property(Radar)]/legend.png</texture>
                    </control>

                    <control type="image">
                        <description>background image</description>
                        <posx>0</posx>
                        <posy>0</posy>
                        <width>700</width>
                        <height>700</height>
                        <texture>special://profile/addon_data/weather.ozweather/radarbackgrounds/$INFO[Window.Property(Radar)]/background.png</texture>
                    </control>

                    <control type="image">
                        <description>background image</description>
                        <posx>0</posx>
                        <posy>0</posy>
                        <width>700</width>
                        <height>700</height>
                        <texture>special://profile/addon_data/weather.ozweather/radarbackgrounds/$INFO[Window.Property(Radar)]/topography.png</texture>
                    </control>

                    <control type="image">
                        <description>background image</description>
                        <posx>0</posx>
                        <posy>0</posy>
                        <width>700</width>
                        <height>700</height>
                        <texture>special://profile/addon_data/weather.ozweather/radarbackgrounds/$INFO[Window.Property(Radar)]/catchments.png</texture>
                    </control>

                    <control type="image">
                        <description>background image</description>
                        <posx>0</posx>
                        <posy>0</posy>
                        <width>700</width>
                        <height>700</height>
                        <texture>special://profile/addon_data/weather.ozweather/radarbackgrounds/$INFO[Window.Property(Radar)]/range.png</texture>
                    </control>

                    <control type="image">
                        <description>locations image</description>
                        <posx>0</posx>
                        <posy>0</posy>
                        <width>700</width>
                        <height>700</height>
                        <texture>special://profile/addon_data/weather.ozweather/radarbackgrounds/$INFO[Window.Property(Radar)]/locations.png</texture>
                    </control>          

                    <!-- RADAR OVERLAY SLIDESHOW -->
                    <control type="multiimage">
                        <description>maps multiimage</description>
                        <posx>0</posx>
                        <posy>0</posy>
                        <width>700</width>
                        <height>700</height>
                        <imagepath>special://profile/addon_data/weather.ozweather/currentloop/$INFO[Window.Property(Radar)]/</imagepath>
                        <timeperimage>500</timeperimage>
                        <pauseatend>1000</pauseatend>
                        <fadetime>0</fadetime>
                        <randomize>false</randomize>
                        <loop>yes</loop>
                    </control>

                </control>

            </control>      

            <!-- TEXTBOX BELOW RADAR -->            
            <control type="textbox">
                <description>Refresh Notes</description>
                <posx>390</posx>
                <posy>870</posy>
                <width>540</width>
                <height>80</height>
                <font>font14_title</font>
                <align>left</align>
                <textcolor>gray</textcolor>
                <shadowcolor>black</shadowcolor>
                <label>OzWeather for Kodi ($INFO[Window.Property(WeatherVersion)]) [CR]Data from and (C) Australian Bureau of Meteorology</label>
                <autoscroll time="3000" delay="4000" repeat="5000"></autoscroll>
            </control>

            <!-- RIGHT PANEL GROUP  -->
            <control type="group">
                <visible>!StringCompare(Weather.Plugin,weather.weatherplus)</visible>
                <posx>830</posx>
                <posy>80</posy>
                <control type="label">
                    <description>header label</description>
                    <posx>-20</posx>
                    <posy>-20</posy>
                    <width>510</width>
                    <height>30</height>
                    <font>font12_title</font>
                    <label>Observations & Forecast - $INFO[Window.Property(Location)]</label>
                    <align>center</align>
                    <aligny>center</aligny>
                    <textcolor>white</textcolor>
                    <shadowcolor>black</shadowcolor>
                </control>

                <!-- CURRENT OBSERVATIONS -->
                <control type="group">
                    <posx>0</posx>
                    <posy>-10</posy>       
                    <control type="image">
                        <description>current weather icon</description>
                        <posx>20</posx>
                        <posy>48</posy>
                        <width>100</width>
                        <height>100</height>
                        <info>Window.Property(Current.ConditionIcon)</info>
                        <aspectratio>keep</aspectratio>
                    </control>
                    <control type="label">
                        <description>now label</description>
                        <posx>140</posx>
                        <posy>-20</posy>
                        <width>460</width>
                        <height>160</height>
                        <label>Now:</label>
                        <wrapmultiline>true</wrapmultiline>
                        <font>font20</font>
                        <align>left</align>
                        <scroll>true</scroll>
                        <aligny>center</aligny>
                        <textcolor>grey</textcolor>
                        <shadowcolor>black</shadowcolor>
                    </control>
                    <control type="label">
                        <description>current condition label</description>
                        <posx>140</posx>
                        <posy>10</posy>
                        <width>460</width>
                        <height>160</height>
                        <info>Window.Property(Current.Condition)</info>
                        <wrapmultiline>true</wrapmultiline>
                        <font>font20</font>
                        <align>left</align>
                        <scroll>true</scroll>
                        <aligny>center</aligny>
                        <textcolor>white</textcolor>
                        <shadowcolor>black</shadowcolor>
                    </control>
                    <control type="label">
                        <description>current temp Value</description>
                        <posx>220</posx>
                        <posy>105</posy>
                        <width>180</width>
                        <height>40</height>
                        <font>font35_title</font>
                        <align>right</align>
                        <aligny>top</aligny>
                        <label>$INFO[Window.Property(Current.Temperature)]$INFO[System.TemperatureUnits]</label>
                        <textcolor>white</textcolor>
                        <shadowcolor>black</shadowcolor>
                    </control>              


                    <control type="label">
                        <description>current feels like label</description>
                        <posx>390</posx>
                        <posy>40</posy>
                        <width>170</width>
                        <height>35</height>
                        <font>font20</font>
                        <align>right</align>
                        <aligny>center</aligny>
                        <label>$LOCALIZE[402] :</label>
                        <textcolor>grey2</textcolor>
                        <shadowcolor>black</shadowcolor>
                    </control>
                    <control type="label">
                        <description>current dew label</description>
                        <posx>390</posx>
                        <posy>62</posy>
                        <width>170</width>
                        <height>35</height>
                        <font>font20</font>
                        <align>right</align>
                        <aligny>center</aligny>
                        <label>$LOCALIZE[405] :</label>
                        <textcolor>grey2</textcolor>
                        <shadowcolor>black</shadowcolor>
                    </control>
                    <control type="label">
                        <description>current humidity label</description>
                        <posx>390</posx>
                        <posy>84</posy>
                        <width>170</width>
                        <height>35</height>
                        <font>font20</font>
                        <align>right</align>
                        <aligny>center</aligny>
                        <label>$LOCALIZE[406] :</label>
                        <textcolor>grey2</textcolor>
                        <shadowcolor>black</shadowcolor>
                    </control>
                    <control type="label">
                        <description>current UV Index label</description>
                        <posx>390</posx>
                        <posy>106</posy>
                        <width>170</width>
                        <height>35</height>
                        <font>font20</font>
                        <align>right</align>
                        <aligny>center</aligny>
                        <label>UV Max Today :</label>
                        <textcolor>grey2</textcolor>
                        <shadowcolor>black</shadowcolor>
                    </control>
                    <control type="label">
                        <description>Fire Danger Label</description>
                        <posx>390</posx>
                        <posy>128</posy>
                        <width>170</width>
                        <height>35</height>
                        <font>font20</font>
                        <align>right</align>
                        <aligny>center</aligny>
                        <label>Fire Danger :</label>
                        <textcolor>grey2</textcolor>
                        <shadowcolor>black</shadowcolor>
                    </control>
                    <control type="label">
                        <description>current Wind label</description>
                        <posx>390</posx>
                        <posy>150</posy>
                        <width>170</width>
                        <height>35</height>
                        <font>font20</font>
                        <align>right</align>
                        <aligny>center</aligny>
                        <label>$LOCALIZE[404] :</label>
                        <textcolor>grey2</textcolor>
                        <shadowcolor>black</shadowcolor>
                    </control>

                    <control type="label">
                        <description>current feels like Value</description>
                        <posx>395</posx>
                        <posy>40</posy>
                        <width>300</width>
                        <height>35</height>
                        <font>font20</font>
                        <align>left</align>
                        <aligny>center</aligny>
                        <label>$INFO[Window.Property(Current.FeelsLike)]$INFO[System.TemperatureUnits]</label>
                        <textcolor>white</textcolor>
                        <shadowcolor>black</shadowcolor>
                    </control>
                    <control type="label">
                        <description>current dew Value</description>
                        <posx>395</posx>
                        <posy>62</posy>
                        <width>300</width>
                        <height>35</height>
                        <font>font20</font>
                        <align>left</align>
                        <aligny>center</aligny>
                        <label>$INFO[Window.Property(Current.DewPoint)]$INFO[System.TemperatureUnits]</label>
                        <textcolor>white</textcolor>
                        <shadowcolor>black</shadowcolor>
                    </control>
                    <control type="label">
                        <description>current humidity Value</description>
                        <posx>395</posx>
                        <posy>84</posy>
                        <width>300</width>
                        <height>35</height>
                        <font>font20</font>
                        <align>left</align>
                        <aligny>center</aligny>
                        <info>Window.Property(Current.Humidity)</info>
                        <textcolor>white</textcolor>
                        <shadowcolor>black</shadowcolor>
                    </control>
                    <control type="label">
                        <description>current UV Index Value</description>
                        <posx>395</posx>
                        <posy>106</posy>
                        <width>300</width>
                        <height>35</height>
                        <font>font20</font>
                        <align>left</align>
                        <aligny>center</aligny>
                        <info>Window.Property(Current.UVIndex)</info>
                        <textcolor>white</textcolor>
                        <shadowcolor>black</shadowcolor>
                    </control>
                    <control type="label">
                        <description>Fire Danger Value</description>
                        <posx>395</posx>
                        <posy>128</posy>
                        <width>300</width>
                        <height>35</height>
                        <font>font20</font>
                        <align>left</align>
                        <aligny>center</aligny>
                        <label>$INFO[Window.Property(Current.FireDangerText)] ($INFO[Window.Property(Current.FireDanger)])</label>
                        <textcolor>white</textcolor>
                        <shadowcolor>black</shadowcolor>
                    </control>
                    <control type="label">
                        <description>current Wind Value</description>
                        <posx>395</posx>
                        <posy>150</posy>
                        <width>350</width>
                        <height>35</height>
                        <font>font20</font>
                        <align>left</align>
                        <aligny>center</aligny>
                        <label>$INFO[Window.Property(Current.Wind)], gusts $INFO[Window.Property(Current.WindGust)] km/h</label>
                        <textcolor>white</textcolor>
                        <shadowcolor>black</shadowcolor>
                    </control>


                    <control type="label">
                        <description>Rain Since 9 label</description>
                        <posx>550</posx>
                        <posy>46</posy>
                        <height>20</height>
                        <font>font20</font>
                        <align>left</align>
                        <aligny>center</aligny>
                        <label>Rain Since 9 :</label>
                        <textcolor>grey2</textcolor>
                        <shadowcolor>black</shadowcolor>
                        <visible>Weather.IsFetched</visible>
                    </control>
                    <control type="label">
                        <description>Rain Since 9 label</description>
                        <posx>550</posx>
                        <posy>68</posy>
                        <height>20</height>
                        <font>font20</font>
                        <align>left</align>
                        <aligny>center</aligny>
                        <label>Rain Last Hr :</label>
                        <textcolor>grey2</textcolor>
                        <shadowcolor>black</shadowcolor>
                        <visible>Weather.IsFetched</visible>
                    </control>
                    <control type="label">
                        <description>Sunrise label</description>
                        <posx>592</posx>
                        <posy>90</posy>
                        <height>20</height>
                        <font>font20</font>
                        <align>left</align>
                        <aligny>center</aligny>
                        <label>Sunrise :</label>
                        <textcolor>grey2</textcolor>
                        <shadowcolor>black</shadowcolor>
                        <visible>Weather.IsFetched</visible>
                    </control>
                    <control type="label">
                        <description>Sundown label</description>
                        <posx>597</posx>
                        <posy>112</posy>
                        <height>20</height>
                        <font>font20</font>
                        <align>left</align>
                        <aligny>center</aligny>
                        <label>Sunset :</label>
                        <textcolor>grey2</textcolor>
                        <shadowcolor>black</shadowcolor>
                        <visible>Weather.IsFetched</visible>
                    </control>
                    <control type="label">
                        <description>Pressure label</description>
                        <posx>578</posx>
                        <posy>134</posy>
                        <height>20</height>
                        <font>font20</font>
                        <align>left</align>
                        <aligny>center</aligny>
                        <label>Pressure :</label>
                        <textcolor>grey2</textcolor>
                        <shadowcolor>black</shadowcolor>
                        <visible>Weather.IsFetched</visible>
                    </control>

                    <control type="label">
                        <description>Rain Since 9</description>
                        <posx>680</posx>
                        <posy>46</posy>
                        <height>20</height>
                        <font>font20</font>
                        <align>left</align>
                        <aligny>center</aligny>
                        <label>$INFO[Window.Property(Current.RainSince9)]</label>
                        <textcolor>white</textcolor>
                        <shadowcolor>black</shadowcolor>
                        <visible>Weather.IsFetched</visible>
                    </control>
                    <control type="label">
                        <description>Rain Last Hr</description>
                        <posx>680</posx>
                        <posy>68</posy>
                        <height>20</height>
                        <font>font20</font>
                        <align>left</align>
                        <aligny>center</aligny>
                        <label>$INFO[Window.Property(Current.RainLastHr)]</label>
                        <textcolor>white</textcolor>
                        <shadowcolor>black</shadowcolor>
                        <visible>Weather.IsFetched</visible>
                    </control>
                    <control type="label">
                        <description>Sun up</description>
                        <posx>680</posx>
                        <posy>90</posy>
                        <height>20</height>
                        <font>font20</font>
                        <align>left</align>
                        <aligny>center</aligny>
                        <label>$INFO[Window.Property(Current.Sunrise)]</label>
                        <textcolor>white</textcolor>
                        <shadowcolor>black</shadowcolor>
                        <visible>Weather.IsFetched</visible>
                    </control>
                    <control type="label">
                        <description>Sun down</description>
                        <posx>680</posx>
                        <posy>112</posy>
                        <height>20</height>
                        <font>font20</font>
                        <align>left</align>
                        <aligny>center</aligny>
                        <label>$INFO[Window.Property(Current.Sunset)]</label>
                        <textcolor>white</textcolor>
                        <shadowcolor>black</shadowcolor>
                        <visible>Weather.IsFetched</visible>
                    </control>
                    <control type="label">
                        <description>Pressure Value</description>
                        <posx>680</posx>
                        <posy>134</posy>
                        <height>20</height>
                        <font>font20</font>
                        <align>left</align>
                        <aligny>center</aligny>
                        <label>$INFO[Window.Property(Current.Pressure)] hPa</label>
                        <textcolor>white</textcolor>
                        <shadowcolor>black</shadowcolor>
                        <visible>Weather.IsFetched</visible>
                        <visible>!String.IsEmpty($INFO[Window.Property(Current.Pressure)])></visible>
                    </control>
                </control>  
                <!-- End current conditions -->



              <control type="image">
                    <posx>50</posx>
                    <posy>180</posy>
                    <width>720</width>
                    <height>4</height>
                    <texture>separator.png</texture>
                </control>

                <!-- EXTENDED WEATHER FORECAST -->
                <control type="label">
                    <description>extended forecast label</description>
                    <posx>-75</posx>
                    <posy>196</posy>
                    <width>510</width>
                    <height>20</height>
                    <font>font20_title</font>
                    <label>Current Extended Forecast</label>
                    <align>center</align>
                    <aligny>center</aligny>
                    <textcolor>white</textcolor>
                    <shadowcolor>black</shadowcolor>
                </control>              
                <control type="textbox">
                    <description>Long Weather Forecast</description>
                    <posx>47</posx>
                    <posy>220</posy>
                    <width>620</width>
                    <height>88</height>
                    <font>font20</font>
                    <align>justify</align>
                    <textcolor>white</textcolor>
                    <shadowcolor>black</shadowcolor>
                    <info>Window.Property(Current.ConditionLong)</info>
                    <autoscroll time="3000" delay="4000" repeat="5000"></autoscroll>
                </control>
            


                <control type="image">
                    <posx>50</posx>
                    <posy>320</posy>
                    <width>720</width>
                    <height>4</height>
                    <texture>separator.png</texture>
                </control>


                <!-- 7 DAY FORECAST -->

                <control type="group">
                    <description>day 5</description>
                    <posx>0</posx>
                    <posy>330</posy>
                    <control type="label">
                        <description>Day label</description>
                        <posx>220</posx>
                        <posy>3</posy>
                        <width>400</width>
                        <height>35</height>
                        <font>font20</font>
                        <label>[COLOR white]$INFO[Window.Property(Day0.Title)][/COLOR] - $INFO[Window.Property(Day0.Outlook)]</label>
                        <align>left</align>
                        <aligny>center</aligny>
                        <textcolor>gray</textcolor>
                        <shadowcolor>black</shadowcolor>
                    </control>
                    <control type="image">
                        <description>day icon</description>
                        <posx>30</posx>
                        <posy>5</posy>
                        <height>60</height>
                        <width>60</width>
                        <texture>$INFO[Window.Property(Day0.OutlookIcon)]</texture>
                        <aspectratio align="right">keep</aspectratio>
                    </control>
                    <control type="label">
                        <description>high value</description>
                        <posx>110</posx>
                        <posy>20</posy>
                        <height>30</height>
                        <label>$INFO[Window.Property(Day0.HighTemp)]$INFO[System.TemperatureUnits]</label>
                        <font>font30_title</font>
                        <align>left</align>
                        <aligny>center</aligny>
                        <textcolor>white</textcolor>
                        <shadowcolor>black</shadowcolor>
                        <visible>!IsEmpty(Window.Property(Day0.HighTemp))</visible>
                    </control>
                    <control type="label">
                        <description>low label</description>
                        <posx>220</posx>
                        <posy>30</posy>
                        <height>35</height>
                        <font>font20</font>
                        <align>left</align>
                        <aligny>center</aligny>
                        <label>$LOCALIZE[418] :</label>
                        <textcolor>grey2</textcolor>
                        <shadowcolor>black</shadowcolor>
                        <visible>Weather.IsFetched</visible>
                    </control>
                    <control type="label">
                        <description>low value</description>
                        <posx>290</posx>
                        <posy>30</posy>
                        <height>35</height>
                        <label>$INFO[Window.Property(Day0.LowTemp)]$INFO[System.TemperatureUnits]</label>
                        <font>font20</font>
                        <align>left</align>
                        <aligny>center</aligny>
                        <textcolor>white</textcolor>
                        <shadowcolor>black</shadowcolor>
                        <visible>!IsEmpty(Window.Property(Day0.LowTemp))</visible>
                    </control>
                    <control type="label">
                        <description>Rain Chance label</description>
                        <posx>550</posx>
                        <posy>3</posy>
                        <width>550</width>
                        <height>35</height>
                        <font>font20</font>
                        <label>Chance of Rain: $INFO[Window.Property(Day0.RainChance)]</label>
                        <align>left</align>
                        <aligny>center</aligny>
                        <textcolor>gray</textcolor>
                        <shadowcolor>black</shadowcolor>
                    </control>
                    <control type="label">
                        <description>Rain Chance Amount label</description>
                        <posx>550</posx>
                        <posy>30</posy>
                        <width>400</width>
                        <height>35</height>
                        <font>font20</font>
                        <label>Predicted Rain: $INFO[Window.Property(Day0.RainChanceAmount)]</label>
                        <align>left</align>
                        <aligny>center</aligny>
                        <textcolor>gray</textcolor>
                        <shadowcolor>black</shadowcolor>
                    </control>
                </control>


                <control type="group">
                    <description>day 5</description>
                    <posx>0</posx>
                    <posy>395</posy>
                    <control type="label">
                        <description>Day label</description>
                        <posx>220</posx>
                        <posy>3</posy>
                        <width>400</width>
                        <height>35</height>
                        <font>font20</font>
                        <label>[COLOR white]$INFO[Window.Property(Day1.Title)][/COLOR] - $INFO[Window.Property(Day1.Outlook)]</label>
                        <align>left</align>
                        <aligny>center</aligny>
                        <textcolor>gray</textcolor>
                        <shadowcolor>black</shadowcolor>
                    </control>
                    <control type="image">
                        <description>day icon</description>
                        <posx>30</posx>
                        <posy>5</posy>
                        <height>60</height>
                        <width>60</width>
                        <texture>$INFO[Window.Property(Day1.OutlookIcon)]</texture>
                        <aspectratio align="right">keep</aspectratio>
                    </control>
                    <control type="label">
                        <description>high value</description>
                        <posx>110</posx>
                        <posy>20</posy>
                        <height>30</height>
                        <label>$INFO[Window.Property(Day1.HighTemp)]$INFO[System.TemperatureUnits]</label>
                        <font>font30_title</font>
                        <align>left</align>
                        <aligny>center</aligny>
                        <textcolor>white</textcolor>
                        <shadowcolor>black</shadowcolor>
                        <visible>!IsEmpty(Window.Property(Day1.HighTemp))</visible>
                    </control>
                    <control type="label">
                        <description>low label</description>
                        <posx>220</posx>
                        <posy>30</posy>
                        <height>35</height>
                        <font>font20</font>
                        <align>left</align>
                        <aligny>center</aligny>
                        <label>$LOCALIZE[418] :</label>
                        <textcolor>grey2</textcolor>
                        <shadowcolor>black</shadowcolor>
                        <visible>Weather.IsFetched</visible>
                    </control>
                    <control type="label">
                        <description>low value</description>
                        <posx>290</posx>
                        <posy>30</posy>
                        <height>35</height>
                        <label>[COLOR orange]$INFO[Window.Property(Day1.LowTemp)]$INFO[System.TemperatureUnits][/COLOR][COLOR gray]  (tonight's low)[/COLOR]</label>
                        <font>font20</font>
                        <align>left</align>
                        <aligny>center</aligny>
                        <textcolor>white</textcolor>
                        <shadowcolor>black</shadowcolor>
                        <visible>!IsEmpty(Window.Property(Day1.LowTemp))</visible>
                    </control>
                    <control type="label">
                        <description>Rain Chance label</description>
                        <posx>550</posx>
                        <posy>3</posy>
                        <width>550</width>
                        <height>35</height>
                        <font>font20</font>
                        <label>Chance of Rain: $INFO[Window.Property(Day1.RainChance)]</label>
                        <align>left</align>
                        <aligny>center</aligny>
                        <textcolor>gray</textcolor>
                        <shadowcolor>black</shadowcolor>
                    </control>
                    <control type="label">
                        <description>Rain Chance Amount label</description>
                        <posx>550</posx>
                        <posy>30</posy>
                        <width>400</width>
                        <height>35</height>
                        <font>font20</font>
                        <label>Predicted Rain: $INFO[Window.Property(Day1.RainChanceAmount)]</label>
                        <align>left</align>
                        <aligny>center</aligny>
                        <textcolor>gray</textcolor>
                        <shadowcolor>black</shadowcolor>
                    </control>
                </control>

                <control type="group">
                    <description>day 5</description>
                    <posx>0</posx>
                    <posy>460</posy>
                    <control type="label">
                        <description>Day label</description>
                        <posx>220</posx>
                        <posy>3</posy>
                        <width>400</width>
                        <height>35</height>
                        <font>font20</font>
                        <label>[COLOR white]$INFO[Window.Property(Day2.Title)][/COLOR] - $INFO[Window.Property(Day2.Outlook)]</label>
                        <align>left</align>
                        <aligny>center</aligny>
                        <textcolor>gray</textcolor>
                        <shadowcolor>black</shadowcolor>
                    </control>
                    <control type="image">
                        <description>day icon</description>
                        <posx>30</posx>
                        <posy>5</posy>
                        <height>60</height>
                        <width>60</width>
                        <texture>$INFO[Window.Property(Day2.OutlookIcon)]</texture>
                        <aspectratio align="right">keep</aspectratio>
                    </control>
                    <control type="label">
                        <description>high value</description>
                        <posx>110</posx>
                        <posy>20</posy>
                        <height>30</height>
                        <label>$INFO[Window.Property(Day2.HighTemp)]$INFO[System.TemperatureUnits]</label>
                        <font>font30_title</font>
                        <align>left</align>
                        <aligny>center</aligny>
                        <textcolor>white</textcolor>
                        <shadowcolor>black</shadowcolor>
                        <visible>!IsEmpty(Window.Property(Day2.HighTemp))</visible>
                    </control>
                    <control type="label">
                        <description>low label</description>
                        <posx>220</posx>
                        <posy>30</posy>
                        <height>35</height>
                        <font>font20</font>
                        <align>left</align>
                        <aligny>center</aligny>
                        <label>$LOCALIZE[418] :</label>
                        <textcolor>grey2</textcolor>
                        <shadowcolor>black</shadowcolor>
                        <visible>Weather.IsFetched</visible>
                    </control>
                    <control type="label">
                        <description>low value</description>
                        <posx>290</posx>
                        <posy>30</posy>
                        <height>35</height>
                        <label>$INFO[Window.Property(Day2.LowTemp)]$INFO[System.TemperatureUnits]</label>
                        <font>font20</font>
                        <align>left</align>
                        <aligny>center</aligny>
                        <textcolor>white</textcolor>
                        <shadowcolor>black</shadowcolor>
                        <visible>!IsEmpty(Window.Property(Day2.LowTemp))</visible>
                    </control>
                    <control type="label">
                        <description>Rain Chance label</description>
                        <posx>550</posx>
                        <posy>3</posy>
                        <width>550</width>
                        <height>35</height>
                        <font>font20</font>
                        <label>Chance of Rain: $INFO[Window.Property(Day2.RainChance)]</label>
                        <align>left</align>
                        <aligny>center</aligny>
                        <textcolor>gray</textcolor>
                        <shadowcolor>black</shadowcolor>
                    </control>
                    <control type="label">
                        <description>Rain Chance Amount label</description>
                        <posx>550</posx>
                        <posy>30</posy>
                        <width>400</width>
                        <height>35</height>
                        <font>font20</font>
                        <label>Predicted Rain: $INFO[Window.Property(Day2.RainChanceAmount)]</label>
                        <align>left</align>
                        <aligny>center</aligny>
                        <textcolor>gray</textcolor>
                        <shadowcolor>black</shadowcolor>
                    </control>
                </control>


                <control type="group">
                    <description>day 5</description>
                    <posx>0</posx>
                    <posy>525</posy>
                    <control type="label">
                        <description>Day label</description>
                        <posx>220</posx>
                        <posy>3</posy>
                        <width>400</width>
                        <height>35</height>
                        <font>font20</font>
                        <label>[COLOR white]$INFO[Window.Property(Day3.Title)][/COLOR] - $INFO[Window.Property(Day3.Outlook)]</label>
                        <align>left</align>
                        <aligny>center</aligny>
                        <textcolor>gray</textcolor>
                        <shadowcolor>black</shadowcolor>
                    </control>
                    <control type="image">
                        <description>day icon</description>
                        <posx>30</posx>
                        <posy>5</posy>
                        <height>60</height>
                        <width>60</width>
                        <texture>$INFO[Window.Property(Day3.OutlookIcon)]</texture>
                        <aspectratio align="right">keep</aspectratio>
                    </control>
                    <control type="label">
                        <description>high value</description>
                        <posx>110</posx>
                        <posy>20</posy>
                        <height>30</height>
                        <label>$INFO[Window.Property(Day3.HighTemp)]$INFO[System.TemperatureUnits]</label>
                        <font>font30_title</font>
                        <align>left</align>
                        <aligny>center</aligny>
                        <textcolor>white</textcolor>
                        <shadowcolor>black</shadowcolor>
                        <visible>!IsEmpty(Window.Property(Day3.HighTemp))</visible>
                    </control>
                    <control type="label">
                        <description>low label</description>
                        <posx>220</posx>
                        <posy>30</posy>
                        <height>35</height>
                        <font>font20</font>
                        <align>left</align>
                        <aligny>center</aligny>
                        <label>$LOCALIZE[418] :</label>
                        <textcolor>grey2</textcolor>
                        <shadowcolor>black</shadowcolor>
                        <visible>Weather.IsFetched</visible>
                    </control>
                    <control type="label">
                        <description>low value</description>
                        <posx>290</posx>
                        <posy>30</posy>
                        <height>35</height>
                        <label>$INFO[Window.Property(Day3.LowTemp)]$INFO[System.TemperatureUnits]</label>
                        <font>font20</font>
                        <align>left</align>
                        <aligny>center</aligny>
                        <textcolor>white</textcolor>
                        <shadowcolor>black</shadowcolor>
                        <visible>!IsEmpty(Window.Property(Day3.LowTemp))</visible>
                    </control>
                    <control type="label">
                        <description>Rain Chance label</description>
                        <posx>550</posx>
                        <posy>3</posy>
                        <width>550</width>
                        <height>35</height>
                        <font>font20</font>
                        <label>Chance of Rain: $INFO[Window.Property(Day3.RainChance)]</label>
                        <align>left</align>
                        <aligny>center</aligny>
                        <textcolor>gray</textcolor>
                        <shadowcolor>black</shadowcolor>
                    </control>
                    <control type="label">
                        <description>Rain Chance Amount label</description>
                        <posx>550</posx>
                        <posy>30</posy>
                        <width>400</width>
                        <height>35</height>
                        <font>font20</font>
                        <label>Predicted Rain: $INFO[Window.Property(Day3.RainChanceAmount)]</label>
                        <align>left</align>
                        <aligny>center</aligny>
                        <textcolor>gray</textcolor>
                        <shadowcolor>black</shadowcolor>
                    </control>
                </control>

                <control type="group">
                    <description>day 5</description>
                    <posx>0</posx>
                    <posy>590</posy>
                    <control type="label">
                        <description>Day label</description>
                        <posx>220</posx>
                        <posy>3</posy>
                        <width>400</width>
                        <height>35</height>
                        <font>font20</font>
                        <label>[COLOR white]$INFO[Window.Property(Day4.Title)][/COLOR] - $INFO[Window.Property(Day4.Outlook)]</label>
                        <align>left</align>
                        <aligny>center</aligny>
                        <textcolor>gray</textcolor>
                        <shadowcolor>black</shadowcolor>
                    </control>
                    <control type="image">
                        <description>day icon</description>
                        <posx>30</posx>
                        <posy>5</posy>
                        <height>60</height>
                        <width>60</width>
                        <texture>$INFO[Window.Property(Day4.OutlookIcon)]</texture>
                        <aspectratio align="right">keep</aspectratio>
                    </control>
                    <control type="label">
                        <description>high value</description>
                        <posx>110</posx>
                        <posy>20</posy>
                        <height>30</height>
                        <label>$INFO[Window.Property(Day4.HighTemp)]$INFO[System.TemperatureUnits]</label>
                        <font>font30_title</font>
                        <align>left</align>
                        <aligny>center</aligny>
                        <textcolor>white</textcolor>
                        <shadowcolor>black</shadowcolor>
                        <visible>!IsEmpty(Window.Property(Day4.HighTemp))</visible>
                    </control>
                    <control type="label">
                        <description>low label</description>
                        <posx>220</posx>
                        <posy>30</posy>
                        <height>35</height>
                        <font>font20</font>
                        <align>left</align>
                        <aligny>center</aligny>
                        <label>$LOCALIZE[418] :</label>
                        <textcolor>grey2</textcolor>
                        <shadowcolor>black</shadowcolor>
                        <visible>Weather.IsFetched</visible>
                    </control>
                    <control type="label">
                        <description>low value</description>
                        <posx>290</posx>
                        <posy>30</posy>
                        <height>35</height>
                        <label>$INFO[Window.Property(Day4.LowTemp)]$INFO[System.TemperatureUnits]</label>
                        <font>font20</font>
                        <align>left</align>
                        <aligny>center</aligny>
                        <textcolor>white</textcolor>
                        <shadowcolor>black</shadowcolor>
                        <visible>!IsEmpty(Window.Property(Day4.LowTemp))</visible>
                    </control>
                    <control type="label">
                        <description>Rain Chance label</description>
                        <posx>550</posx>
                        <posy>3</posy>
                        <width>550</width>
                        <height>35</height>
                        <font>font20</font>
                        <label>Chance of Rain: $INFO[Window.Property(Day4.RainChance)]</label>
                        <align>left</align>
                        <aligny>center</aligny>
                        <textcolor>gray</textcolor>
                        <shadowcolor>black</shadowcolor>
                    </control>
                    <control type="label">
                        <description>Rain Chance Amount label</description>
                        <posx>550</posx>
                        <posy>30</posy>
                        <width>400</width>
                        <height>35</height>
                        <font>font20</font>
                        <label>Predicted Rain: $INFO[Window.Property(Day4.RainChanceAmount)]</label>
                        <align>left</align>
                        <aligny>center</aligny>
                        <textcolor>gray</textcolor>
                        <shadowcolor>black</shadowcolor>
                    </control>
                </control>

                <control type="group">
                    <description>day 5</description>
                    <posx>0</posx>
                    <posy>655</posy>
                    <control type="label">
                        <description>Day label</description>
                        <posx>220</posx>
                        <posy>3</posy>
                        <width>400</width>
                        <height>35</height>
                        <font>font20</font>
                        <label>[COLOR white]$INFO[Window.Property(Day5.Title)][/COLOR] - $INFO[Window.Property(Day5.Outlook)]</label>
                        <align>left</align>
                        <aligny>center</aligny>
                        <textcolor>gray</textcolor>
                        <shadowcolor>black</shadowcolor>
                    </control>
                    <control type="image">
                        <description>day icon</description>
                        <posx>30</posx>
                        <posy>5</posy>
                        <height>60</height>
                        <width>60</width>
                        <texture>$INFO[Window.Property(Day5.OutlookIcon)]</texture>
                        <aspectratio align="right">keep</aspectratio>
                    </control>
                    <control type="label">
                        <description>high value</description>
                        <posx>110</posx>
                        <posy>20</posy>
                        <height>30</height>
                        <label>$INFO[Window.Property(Day5.HighTemp)]$INFO[System.TemperatureUnits]</label>
                        <font>font30_title</font>
                        <align>left</align>
                        <aligny>center</aligny>
                        <textcolor>white</textcolor>
                        <shadowcolor>black</shadowcolor>
                        <visible>!IsEmpty(Window.Property(Day5.HighTemp))</visible>
                    </control>
                    <control type="label">
                        <description>low label</description>
                        <posx>220</posx>
                        <posy>30</posy>
                        <height>35</height>
                        <font>font20</font>
                        <align>left</align>
                        <aligny>center</aligny>
                        <label>$LOCALIZE[418] :</label>
                        <textcolor>grey2</textcolor>
                        <shadowcolor>black</shadowcolor>
                        <visible>Weather.IsFetched</visible>
                    </control>
                    <control type="label">
                        <description>low value</description>
                        <posx>290</posx>
                        <posy>30</posy>
                        <height>35</height>
                        <label>$INFO[Window.Property(Day5.LowTemp)]$INFO[System.TemperatureUnits]</label>
                        <font>font20</font>
                        <align>left</align>
                        <aligny>center</aligny>
                        <textcolor>white</textcolor>
                        <shadowcolor>black</shadowcolor>
                        <visible>!IsEmpty(Window.Property(Day5.LowTemp))</visible>
                    </control>
                    <control type="label">
                        <description>Rain Chance label</description>
                        <posx>550</posx>
                        <posy>3</posy>
                        <width>550</width>
                        <height>35</height>
                        <font>font20</font>
                        <label>Chance of Rain: $INFO[Window.Property(Day5.RainChance)]</label>
                        <align>left</align>
                        <aligny>center</aligny>
                        <textcolor>gray</textcolor>
                        <shadowcolor>black</shadowcolor>
                    </control>
                    <control type="label">
                        <description>Rain Chance Amount label</description>
                        <posx>550</posx>
                        <posy>30</posy>
                        <width>400</width>
                        <height>35</height>
                        <font>font20</font>
                        <label>Predicted Rain: $INFO[Window.Property(Day5.RainChanceAmount)]</label>
                        <align>left</align>
                        <aligny>center</aligny>
                        <textcolor>gray</textcolor>
                        <shadowcolor>black</shadowcolor>
                    </control>
                </control>


                <control type="group">
                    <description>day 6</description>
                    <posx>0</posx>
                    <posy>720</posy>

                    <control type="label">
                        <description>Day label</description>
                        <posx>220</posx>
                        <posy>3</posy>
                        <width>400</width>
                        <height>35</height>
                        <font>font20</font>
                        <label>[COLOR white]$INFO[Window.Property(Day6.Title)][/COLOR] - $INFO[Window.Property(Day6.Outlook)]</label>
                        <align>left</align>
                        <aligny>center</aligny>
                        <textcolor>gray</textcolor>
                        <shadowcolor>black</shadowcolor>
                    </control>
                    <control type="image">
                        <description>day icon</description>
                        <posx>30</posx>
                        <posy>5</posy>
                        <height>60</height>
                        <width>60</width>
                        <texture>$INFO[Window.Property(Day6.OutlookIcon)]</texture>
                        <aspectratio align="right">keep</aspectratio>
                    </control>
                    <control type="label">
                        <description>high value</description>
                        <posx>110</posx>
                        <posy>20</posy>
                        <height>30</height>
                        <label>$INFO[Window.Property(Day6.HighTemp)]$INFO[System.TemperatureUnits]</label>
                        <font>font30_title</font>
                        <align>left</align>
                        <aligny>center</aligny>
                        <textcolor>white</textcolor>
                        <shadowcolor>black</shadowcolor>
                        <visible>!IsEmpty(Window.Property(Day6.HighTemp))</visible>
                    </control>
                    <control type="label">
                        <description>low label</description>
                        <posx>220</posx>
                        <posy>30</posy>
                        <height>35</height>
                        <font>font20</font>
                        <align>left</align>
                        <aligny>center</aligny>
                        <label>$LOCALIZE[418] :</label>
                        <textcolor>grey2</textcolor>
                        <shadowcolor>black</shadowcolor>
                        <visible>Weather.IsFetched</visible>
                    </control>
                    <control type="label">
                        <description>low value</description>
                        <posx>290</posx>
                        <posy>30</posy>
                        <height>35</height>
                        <label>$INFO[Window.Property(Day6.LowTemp)]$INFO[System.TemperatureUnits]</label>
                        <font>font20</font>
                        <align>left</align>
                        <aligny>center</aligny>
                        <textcolor>white</textcolor>
                        <shadowcolor>black</shadowcolor>
                        <visible>!IsEmpty(Window.Property(Day6.LowTemp))</visible>
                    </control>
                    <control type="label">
                        <description>Rain Chance label</description>
                        <posx>550</posx>
                        <posy>3</posy>
                        <width>550</width>
                        <height>35</height>
                        <font>font20</font>
                        <label>Chance of Rain: $INFO[Window.Property(Day6.RainChance)]</label>
                        <align>left</align>
                        <aligny>center</aligny>
                        <textcolor>gray</textcolor>
                        <shadowcolor>black</shadowcolor>
                    </control>
                    <control type="label">
                        <description>Rain Chance Amount label</description>
                        <posx>550</posx>
                        <posy>30</posy>
                        <width>400</width>
                        <height>35</height>
                        <font>font20</font>
                        <label>Predicted Rain: $INFO[Window.Property(Day6.RainChanceAmount)]</label>
                        <align>left</align>
                        <aligny>center</aligny>
                        <textcolor>gray</textcolor>
                        <shadowcolor>black</shadowcolor>
                    </control>


                </control>


            </control>



        <!-- End OzWeather stuff -->

		<control type="panel" id="9002">
			<include>VisibleFadeEffect</include>
			<include>BottomMenuLayout</include>
			<content>
				<item>
					<label>31200</label>
					<onclick>ParentDir</onclick>
					<icon>icon_button_back.png</icon>
				</item>
                <item>
                    <label>ABC Weather Video</label>
                    <onclick>PlayMedia($INFO[Window.Property(Video.1)],noresume)</onclick>
                    <icon>icon_menu_videos.png</icon> 
                </item>  
				<item>
					<label>184</label>
					<onclick>Weather.Refresh</onclick>
					<icon>icon_button_refresh.png</icon>
				</item>              
				<item>
					<label>31201</label>
					<onclick>Weather.LocationNext</onclick>
					<icon>icon_button_city.png</icon>
				</item>
				<item>
					<label>1036</label>
					<onclick>ActivateWindow(Favourites)</onclick>
					<icon>icon_button_favourites.png</icon>
				</item>
			</content>
		</control>
	</controls>
</window>
