<?xml version="1.0" encoding="UTF-8" standalone="yes"?>
<addon id="script.ozweather-skinpatcher" name="OzWeather Skin Patcher" version="0.4.5" provider-name="bossanova808">
    <requires>
        <import addon="xbmc.python" version="3.0.0"/>
		<import addon="script.module.bossanova808" version="1.0.0"/>
    </requires>
    <extension point="xbmc.python.script" library="default.py">
        <provides>executable</provides>
    </extension>
    <extension point="xbmc.service" library="service.py" />
    <extension point="xbmc.addon.metadata">
        <summary lang="en_GB">Patch Kodi skins for OzWeather Radar Support.</summary>
        <description lang="en_GB">
Supports: Estuary, Estouchy, Confluence, A Confluence Zeitgeist, Xonfluence, OSMC, Amber, Aeon (Nox Silvo
and Tajo)
- This addon attempts to patch Kodi skins for OzWeather radar support.
- By default, will auto-patch your skin every time a new version of the skin arrives.
- Skin folder **must be writeable!**
- Creates a backup of the original skin files first and this addon can also restore those if need be).
- By default, patches only the actual weather page.
- For Estuary &amp; Confluence, this also patches your VideoFullScreen file for weather during playback when
video info is displayed.
        </description>
        <platform>all</platform>
        <license>GPL-3.0-only</license>
        <website>https://github.com/bossanova808/repository.bossanova808/</website>
        <source>https://github.com/bossanova808/repository.bossanova808/</source>
        <forum>https://forum.kodi.tv/showthread.php?tid=116905</forum>
        <email />
        <news>v0.4.5
- Add auto-patching         
        </news>
        <assets>
            <icon>resources/icon.png</icon>
        </assets>
    </extension>
</addon>
