<window id="2600">
	<defaultcontrol always="true">100</defaultcontrol>
	<allowoverlay>no</allowoverlay>
	<backgroundcolor>background</backgroundcolor>

	<controls>

		<include>DefaultBackground</include>
		<control type="multiimage">
			<depth>DepthBackground</depth>
			<include>FullScreenDimensions</include>
			<aspectratio>scale</aspectratio>
			<fadetime>600</fadetime>
			<animation effect="zoom" center="auto" end="102,102" time="0" condition="Integer.IsGreater(System.StereoscopicMode,0)">conditional</animation>
			<animation effect="fade" start="0" end="100" time="400">WindowOpen</animation>
			<animation effect="fade" start="100" end="0" time="300">WindowClose</animation>
			<animation effect="fade" time="400">VisibleChange</animation>
			<imagepath background="true" colordiffuse="bg_overlay">$VAR[HomeFanartVar]</imagepath>
			<visible>!Player.HasMedia</visible>
		</control>



		<!-- Major Panels -->
		<control type="group">
			<animation type="WindowOpen" reversible="false">
				<effect type="zoom" start="80" end="100" center="640,360" easing="out" tween="back" time="300" />
				<effect type="fade" start="0" end="100" time="300" />
			</animation>
			<animation type="WindowClose" reversible="false">
				<effect type="zoom" start="100" end="80" center="640,360" easing="in" tween="back" time="300" />
				<effect type="fade" start="100" end="0" time="300" />
			</animation>
			<include>VisibleFadeEffect</include>

			<!--  LEFT PANEL GROUP  -->
			<control type="group">
				<animation effect="slide" start="0,0" end="-40,0" time="200" condition="StringCompare(Weather.Plugin,weather.weatherplus)">Conditional</animation>
				<posx>0</posx>
				<posy>0</posy>


				<control type="label">
					<description>header label</description>
					<posx>200</posx>
					<posy>50</posy>
					<width>560</width>
					<height>30</height>
					<font>font10_title</font>
					<label>Radar ($INFO[Window.Property(Radar)]) @ $INFO[Window.Property(Updated)] </label>
					<align>center</align>
					<aligny>center</aligny>
					<textcolor>white</textcolor>
					<shadowcolor>black</shadowcolor>
				</control>
				
				<!-- RADAR BACKGROUND IMAGES -->

				<control type="group">
					<posx>80</posx>
					<posy>100</posy>

					<control type="image">
						<description>background image</description>
						<posx>0</posx>
						<posy>28</posy>
						<width>800</width>
						<height>840</height>
						<texture>special://profile/addon_data/weather.ozweather/radarbackgrounds/$INFO[Window.Property(Radar)]/legend.png</texture>
					</control>

					<control type="image">
						<description>background image</description>
						<posx>0</posx>
						<posy>0</posy>
						<width>800</width>
						<height>800</height>
						<texture>special://profile/addon_data/weather.ozweather/radarbackgrounds/$INFO[Window.Property(Radar)]/background.png</texture>
					</control>

					<control type="image">
						<description>background image</description>
						<posx>0</posx>
						<posy>0</posy>
						<width>800</width>
						<height>800</height>
						<texture>special://profile/addon_data/weather.ozweather/radarbackgrounds/$INFO[Window.Property(Radar)]/topography.png</texture>
					</control>

					<control type="image">
						<description>background image</description>
						<posx>0</posx>
						<posy>0</posy>
						<width>800</width>
						<height>800</height>
						<texture>special://profile/addon_data/weather.ozweather/radarbackgrounds/$INFO[Window.Property(Radar)]/catchments.png</texture>
					</control>

					<control type="image">
						<description>background image</description>
						<posx>0</posx>
						<posy>0</posy>
						<width>800</width>
						<height>800</height>
						<texture>special://profile/addon_data/weather.ozweather/radarbackgrounds/$INFO[Window.Property(Radar)]/range.png</texture>
					</control>

					<control type="image">
						<description>locations image</description>
						<posx>0</posx>
						<posy>0</posy>
						<width>800</width>
						<height>800</height>
						<texture>special://profile/addon_data/weather.ozweather/radarbackgrounds/$INFO[Window.Property(Radar)]/locations.png</texture>
					</control>			

					<!-- RADAR OVERLAY SLIDESHOW -->
					<control type="multiimage">
						<description>maps multiimage</description>
						<posx>0</posx>
						<posy>0</posy>
						<width>800</width>
						<height>800</height>
						<imagepath>special://profile/addon_data/weather.ozweather/currentloop/$INFO[Window.Property(Radar)]/</imagepath>
						<timeperimage>500</timeperimage>
						<pauseatend>1000</pauseatend>
						<fadetime>0</fadetime>
						<randomize>false</randomize>
						<loop>yes</loop>
					</control>

				</control>

				<!-- BUTTONS - PLAY ABC WETHER AND NEXT LOCATION -->
                <control type="button" id="100">
					<posx>60</posx>
					<posy>960</posy>
					<height>80</height>
					<width>275</width>
					<align>center</align>
                    <description>ABC video button</description>
                    <label>Play ABC Weather</label>
                    <font>font10</font>
                    <onclick>PlayMedia($INFO[Window.Property(Video.1)],noresume)</onclick>
                    <visible>!IsEmpty(Window.Property(Video.1))</visible>
                    <include>ButtonCommonValues</include>
					<onup>200</onup>
					<ondown>200</ondown>                    
 					<onleft>200</onleft>
					<onright>200</onright>                    
                </control>

				<control type="button" id="200">
					<posx>60</posx>
					<posy>1010</posy>
					<height>80</height>
					<width>275</width>
					<align>center</align>
					<texturefocus border="40" colordiffuse="button_focus">buttons/button-fo.png</texturefocus>
					<font>font10</font>
					<onclick>Weather.LocationNext</onclick>
					<label>Next Location</label>
					<onup>100</onup>
					<ondown>100</ondown>                    
 					<onleft>100</onleft>
					<onright>100</onright>   
				</control>


				<!-- TEXTBOX BELOW RADAR -->			
				<control type="textbox">
					<description>Refresh Notes</description>
					<posx>335</posx>
					<posy>995</posy>
					<width>540</width>
					<height>80</height>
					<font>font10</font>
					<align>left</align>
					<textcolor>gray</textcolor>
					<shadowcolor>black</shadowcolor>
					<label>OzWeather for Kodi ($INFO[Window.Property(WeatherVersion)]) [CR]Data from and (C) Australian Bureau of Meteorology</label>
					<autoscroll time="3000" delay="4000" repeat="5000"></autoscroll>
				</control>






			</control> 
			<!--  END LEFT PANEL GROUP -->
			
		

			<!-- RIGHT PANEL GROUP  -->
			<control type="group">
				<posx>920</posx>
				<posy>40</posy>
				
				<control type="label">
					<description>header label</description>
					<posx>250</posx>
					<posy>13</posy>
					<width>510</width>
					<height>30</height>
					<font>font12_title</font>
					<label>Observations - $INFO[Window.Property(Location)]</label>
					<align>center</align>
					<aligny>center</aligny>
					<textcolor>white</textcolor>
					<shadowcolor>black</shadowcolor>
				</control>

				<!-- CURRENT OBSERVATIONS -->
				<control type="group">
					<posx>0</posx>
					<posy>0</posy>       
					
					<!-- Left hand side of CURRENT OBSERVATIONS -->
					<control type="image">
						<description>current weather icon</description>
						<posx>0</posx>
						<posy>60</posy>
						<width>175</width>
						<height>150</height>
						<info>Window.Property(Current.ConditionIcon)</info>
						<aspectratio>keep</aspectratio>
					</control>
					<control type="label">
						<description>now label</description>
						<posx>175</posx>
						<posy>0</posy>
						<width>460</width>
						<height>160</height>
						<label>Now:</label>
						<wrapmultiline>true</wrapmultiline>
						<font>font10</font>
						<align>left</align>
						<scroll>true</scroll>
						<aligny>center</aligny>
						<textcolor>gray</textcolor>
						<shadowcolor>black</shadowcolor>
					</control>
					<control type="label">
						<description>current condition label</description>
						<posx>175</posx>
						<posy>30</posy>
						<width>460</width>
						<height>160</height>
						<info>Window.Property(Current.Condition)</info>
						<wrapmultiline>true</wrapmultiline>
						<font>font10</font>
						<align>left</align>
						<scroll>true</scroll>
						<aligny>center</aligny>
						<textcolor>white</textcolor>
						<shadowcolor>black</shadowcolor>
					</control>
					<control type="label">
						<description>current temp Value</description>
						<posx>320</posx>
						<posy>115</posy>
						<width>180</width>
						<height>40</height>
						<font>font_MainMenu</font>
						<align>right</align>
						<aligny>top</aligny>
						<label>$INFO[Window.Property(Current.Temperature)]$INFO[System.TemperatureUnits]</label>
						<textcolor>white</textcolor>
						<shadowcolor>black</shadowcolor>
					</control>				

					<!-- Right hand side of CURRENT OBSERVATIONS -->
					<control type="label">
						<description>current feels like label</description>
						<posx>530</posx>
						<posy>60</posy>
						<width>170</width>
						<height>35</height>
						<font>font10</font>
						<align>right</align>
						<aligny>center</aligny>
						<label>$LOCALIZE[402] :</label>
						<textcolor>gray</textcolor>
						<shadowcolor>black</shadowcolor>
					</control>
					<control type="label">
						<description>current dew label</description>
						<posx>530</posx>
						<posy>85</posy>
						<width>170</width>
						<height>35</height>
						<font>font10</font>
						<align>right</align>
						<aligny>center</aligny>
						<label>$LOCALIZE[405] :</label>
						<textcolor>gray</textcolor>
						<shadowcolor>black</shadowcolor>
					</control>
					<control type="label">
						<description>current humidity label</description>
						<posx>530</posx>
						<posy>110</posy>
						<width>170</width>
						<height>35</height>
						<font>font10</font>
						<align>right</align>
						<aligny>center</aligny>
						<label>$LOCALIZE[406] :</label>
						<textcolor>gray</textcolor>
						<shadowcolor>black</shadowcolor>
					</control>
					<control type="label">
						<description>current UV Index label</description>
						<posx>530</posx>
						<posy>135</posy>
						<width>170</width>
						<height>35</height>
						<font>font10</font>
						<align>right</align>
						<aligny>center</aligny>
						<label>UV Max Today :</label>
						<textcolor>gray</textcolor>
						<shadowcolor>black</shadowcolor>
					</control>
					<control type="label">
						<description>Fire Danger Label</description>
						<posx>530</posx>
						<posy>160</posy>
						<width>170</width>
						<height>35</height>
						<font>font10</font>
						<align>right</align>
						<aligny>center</aligny>
						<label>Fire Danger :</label>
						<textcolor>gray</textcolor>
						<shadowcolor>black</shadowcolor>
					</control>
					<control type="label">
						<description>current Wind label</description>
						<posx>530</posx>
						<posy>185</posy>
						<width>170</width>
						<height>35</height>
						<font>font10</font>
						<align>right</align>
						<aligny>center</aligny>
						<label>$LOCALIZE[404] :</label>
						<textcolor>gray</textcolor>
						<shadowcolor>black</shadowcolor>
					</control>

 					<control type="label">
						<description>current feels like Value</description>
						<posx>540</posx>
						<posy>60</posy>
						<width>300</width>
						<height>35</height>
						<font>font10</font>
						<align>left</align>
						<aligny>center</aligny>
						<label>$INFO[Window.Property(Current.FeelsLike)]$INFO[System.TemperatureUnits]</label>
						<textcolor>white</textcolor>
						<shadowcolor>black</shadowcolor>
					</control>
					<control type="label">
						<description>current dew Value</description>
						<posx>540</posx>
						<posy>85</posy>
						<width>300</width>
						<height>35</height>
						<font>font10</font>
						<align>left</align>
						<aligny>center</aligny>
						<label>$INFO[Window.Property(Current.DewPoint)]$INFO[System.TemperatureUnits]</label>
						<textcolor>white</textcolor>
						<shadowcolor>black</shadowcolor>
					</control>
					<control type="label">
						<description>current humidity Value</description>
						<posx>540</posx>
						<posy>110</posy>
						<width>300</width>
						<height>35</height>
						<font>font10</font>
						<align>left</align>
						<aligny>center</aligny>
						<info>Window.Property(Current.Humidity)</info>
						<textcolor>white</textcolor>
						<shadowcolor>black</shadowcolor>
					</control>
					<control type="label">
						<description>current UV Index Value</description>
						<posx>540</posx>
						<posy>135</posy>
						<width>300</width>
						<height>35</height>
						<font>font10</font>
						<align>left</align>
						<aligny>center</aligny>
						<info>Window.Property(Current.UVIndex)</info>
						<textcolor>white</textcolor>
						<shadowcolor>black</shadowcolor>
					</control>
					<control type="label">
						<description>Fire Danger Value</description>
						<posx>540</posx>
						<posy>160</posy>
						<width>300</width>
						<height>35</height>
						<font>font10</font>
						<align>left</align>
						<aligny>center</aligny>
						<label>$INFO[Window.Property(Current.FireDangerText)] ($INFO[Window.Property(Current.FireDanger)])</label>
						<textcolor>white</textcolor>
						<shadowcolor>black</shadowcolor>
					</control>
					<control type="label">
						<description>current Wind Value</description>
						<posx>540</posx>
						<posy>185</posy>
						<width>400</width>
						<height>35</height>
						<font>font10</font>
						<align>left</align>
						<aligny>center</aligny>
						<label>$INFO[Window.Property(Current.Wind)], gusts $INFO[Window.Property(Current.WindGust)] km/h</label>
						<textcolor>white</textcolor>
						<shadowcolor>black</shadowcolor>
					</control>



					<control type="label">
						<description>Rain Since 9 label</description>
						<posx>700</posx>
						<posy>65</posy>
						<height>20</height>
						<font>font10</font>
						<align>left</align>
						<aligny>center</aligny>
						<label>Rain Since 9 :</label>
						<textcolor>gray</textcolor>
						<shadowcolor>black</shadowcolor>
						<visible>Weather.IsFetched</visible>
					</control>
					<control type="label">
						<description>Rain Since 9 Hr label</description>
						<posx>698</posx>
						<posy>90</posy>
						<height>20</height>
						<font>font10</font>
						<align>left</align>
						<aligny>center</aligny>
						<label>Rain Last Hr :</label>
						<textcolor>gray</textcolor>
						<shadowcolor>black</shadowcolor>
						<visible>Weather.IsFetched</visible>
					</control>
					<control type="label">
						<description>Sunrise label</description>
						<posx>745</posx>
						<posy>115</posy>
						<height>20</height>
						<font>font10</font>
						<align>left</align>
						<aligny>center</aligny>
						<label>Sunrise :</label>
						<textcolor>gray</textcolor>
						<shadowcolor>black</shadowcolor>
						<visible>Weather.IsFetched</visible>
					</control>
					<control type="label">
						<description>Sundown label</description>
						<posx>751</posx>
						<posy>140</posy>
						<height>20</height>
						<font>font10</font>
						<align>left</align>
						<aligny>center</aligny>
						<label>Sunset :</label>
						<textcolor>gray</textcolor>
						<shadowcolor>black</shadowcolor>
						<visible>Weather.IsFetched</visible>
					</control>
					<control type="label">
						<description>Pressure label</description>
						<posx>730</posx>
						<posy>165</posy>
						<height>20</height>
						<font>font10</font>
						<align>left</align>
						<aligny>center</aligny>
						<label>Pressure :</label>
						<textcolor>gray</textcolor>
						<shadowcolor>black</shadowcolor>
						<visible>Weather.IsFetched</visible>
					</control>



					<control type="label">
						<description>Rain Since 9</description>
						<posx>840</posx>
						<posy>65</posy>
						<height>20</height>
						<font>font10</font>
						<align>left</align>
						<aligny>center</aligny>
						<label>$INFO[Window.Property(Current.RainSince9)]</label>
						<textcolor>white</textcolor>
						<shadowcolor>black</shadowcolor>
						<visible>Weather.IsFetched</visible>
					</control>
					<control type="label">
						<description>Rain Last Hr</description>
						<posx>840</posx>
						<posy>90</posy>
						<height>20</height>
						<font>font10</font>
						<align>left</align>
						<aligny>center</aligny>
						<label>$INFO[Window.Property(Current.RainLastHr)]</label>
						<textcolor>white</textcolor>
						<shadowcolor>black</shadowcolor>
						<visible>Weather.IsFetched</visible>
					</control>
					<control type="label">
						<description>Sun up</description>
						<posx>840</posx>
						<posy>115</posy>
						<height>20</height>
						<font>font10</font>
						<align>left</align>
						<aligny>center</aligny>
						<label>$INFO[Window.Property(Current.Sunrise)]</label>
						<textcolor>white</textcolor>
						<shadowcolor>black</shadowcolor>
						<visible>Weather.IsFetched</visible>
					</control>
					<control type="label">
						<description>Sun down</description>
						<posx>840</posx>
						<posy>140</posy>
						<height>20</height>
						<font>font10</font>
						<align>left</align>
						<aligny>center</aligny>
						<label>$INFO[Window.Property(Current.Sunset)]</label>
						<textcolor>white</textcolor>
						<shadowcolor>black</shadowcolor>
						<visible>Weather.IsFetched</visible>
					</control>
					<control type="label">
						<description>Pressure Value</description>
						<posx>840</posx>
						<posy>165</posy>
						<height>20</height>
						<font>font10</font>
						<align>left</align>
						<aligny>center</aligny>
						<label>$INFO[Window.Property(Current.Pressure)] hPa</label>
						<textcolor>white</textcolor>
						<shadowcolor>black</shadowcolor>
						<visible>Weather.IsFetched</visible>
					</control>


					<!-- EXTENDED FORECAST -->

	                <control type="label">
	                    <description>extended forecast label</description>
	                    <posx>250</posx>
	                    <posy>240</posy>
	                    <width>510</width>
	                    <height>20</height>
	                    <font>font12_title</font>
	                    <label>Forecast - $INFO[Window.Property(Location)]</label>
	                    <align>center</align>
	                    <aligny>center</aligny>
	                    <textcolor>white</textcolor>
	                    <shadowcolor>black</shadowcolor>
	                </control>              
	                <control type="textbox">
	                    <description>Long Weather Forecast</description>
	                    <posx>30</posx>
	                    <posy>270</posy>
	                    <width>900</width>
	                    <height>175</height>
	                    <font>font10</font>
	                    <align>justify</align>
	                    <textcolor>white</textcolor>
	                    <shadowcolor>black</shadowcolor>
	                    <info>Window.Property(Current.ConditionLong)</info>
	                    <autoscroll time="3000" delay="4000" repeat="0"></autoscroll>
	                </control>
            
		
					<!-- TODAY -->

	                <!-- DAY 0 - TODAY -->                  
	                <control type="group">
	                    <description>day 0</description>
	                    <posx>20</posx>
	                    <posy>440</posy>

	                    <control type="image">
	                        <description>day icon</description>
	                        <posx>30</posx>
	                        <posy>0</posy>
	                        <height>75</height>
	                        <width>75</width>
	                        <info>Window.Property(Day0.OutlookIcon)</info>
	                        <aspectratio align="right">keep</aspectratio>
	                    </control>

	                    <control type="label">
	                        <description>high value</description>
	                        <posx>130</posx>
	                        <posy>30</posy>
	                        <height>20</height>
	                        <label>$INFO[Window.Property(Day0.HighTemp)]$INFO[System.TemperatureUnits]</label>
	                        <font>font36_title</font>
	                        <align>left</align>
	                        <aligny>center</aligny>
	                        <textcolor>white</textcolor>
	                        <shadowcolor>black</shadowcolor>
	                        <visible>!IsEmpty(Window.Property(Day0.HighTemp))</visible>
	                    </control>

	                    <control type="label">
	                        <description>Day label</description>
	                        <posx>250</posx>
	                        <posy>10</posy>
	                        <width>400</width>
	                        <height>35</height>
	                        <font>font10</font>
	                        <label>[COLOR gray]Today - [/COLOR]$INFO[Window.Property(Day0.Outlook)]</label>
	                        <!--<label>COLOR white]$INFO[Window.Property(Day0.Title)][/COLOR] - $INFO[Window.Property(Day0.Outlook)]</label>-->
	                        <align>left</align>
	                        <aligny>center</aligny>
	                        <textcolor>white</textcolor>
	                        <shadowcolor>black</shadowcolor>
	                    </control>


	                    <control type="label">
	                        <description>low label</description>
	                        <posx>250</posx>
	                        <posy>44</posy>
	                        <height>20</height>
	                        <font>font10</font>
	                        <align>left</align>
	                        <aligny>center</aligny>
	                        <label>$LOCALIZE[418] :</label>
	                        <textcolor>gray</textcolor>
	                        <shadowcolor>black</shadowcolor>
	                        <visible>Weather.IsFetched</visible>
	                    </control>
	                    <control type="label">
	                        <description>low value</description>
	                        <posx>370</posx>
	                        <posy>44</posy>
	                        <height>20</height>
	                        <label>$INFO[Window.Property(Day0.LowTemp)]$INFO[System.TemperatureUnits]</label>
	                        <font>font10</font>
	                        <align>left</align>
	                        <aligny>center</aligny>
	                        <textcolor>white</textcolor>
	                        <shadowcolor>black</shadowcolor>
	                        <visible>!IsEmpty(Window.Property(Day0.LowTemp))</visible>
	                    </control>
	                    <control type="label">
	                        <description>Rain Chance label</description>
	                        <posx>640</posx>
	                        <posy>17</posy>
	                        <width>400</width>
	                        <height>20</height>
	                        <font>font10</font>
	                        <label>Chance of Rain: $INFO[Window.Property(Day0.RainChance)]</label>
	                        <align>left</align>
	                        <aligny>center</aligny>
	                        <textcolor>gray</textcolor>
	                        <shadowcolor>black</shadowcolor>
	                    </control>
	                    <control type="label">
	                        <description>Rain Chance Amount label</description>
	                        <posx>640</posx>
	                        <posy>46</posy>
	                        <width>400</width>
	                        <height>20</height>
	                        <font>font10</font>
	                        <label>Predicted Rain: $INFO[Window.Property(Day0.RainChanceAmount)]</label>
	                        <align>left</align>
	                        <aligny>center</aligny>
	                        <textcolor>gray</textcolor>
	                        <shadowcolor>black</shadowcolor>
	                    </control>
	                    
	                </control>

					<!-- 6 DAY FORECAST -->

	                <!-- DAY 1 - TOMORROW -->                  
	                <control type="group">
	                    <description>day 1</description>
	                    <posx>20</posx>
	                    <posy>520</posy>

	                    <control type="image">
	                        <description>day icon</description>
	                        <posx>30</posx>
	                        <posy>0</posy>
	                        <height>75</height>
	                        <width>75</width>
	                        <info>Window.Property(Day1.OutlookIcon)</info>
	                        <aspectratio align="right">keep</aspectratio>
	                    </control>

	                    <control type="label">
	                        <description>high value</description>
	                        <posx>130</posx>
	                        <posy>30</posy>
	                        <height>20</height>
	                        <label>$INFO[Window.Property(Day1.HighTemp)]$INFO[System.TemperatureUnits]</label>
	                        <font>font36_title</font>
	                        <align>left</align>
	                        <aligny>center</aligny>
	                        <textcolor>white</textcolor>
	                        <shadowcolor>black</shadowcolor>
	                        <visible>!IsEmpty(Window.Property(Day1.HighTemp))</visible>
	                    </control>

	                    <control type="label">
	                        <description>Day label</description>
	                        <posx>250</posx>
	                        <posy>10</posy>
	                        <width>400</width>
	                        <height>35</height>
	                        <font>font10</font>
	                        <label>[COLOR gray]$INFO[Window.Property(Day1.Title)] - [/COLOR]$INFO[Window.Property(Day1.Outlook)]</label>
	                        <!--<label>COLOR white]$INFO[Window.Property(Day1.Title)][/COLOR] - $INFO[Window.Property(Day1.Outlook)]</label>-->
	                        <align>left</align>
	                        <aligny>center</aligny>
	                        <textcolor>white</textcolor>
	                        <shadowcolor>black</shadowcolor>
	                    </control>


	                    <control type="label">
	                        <description>low label</description>
	                        <posx>250</posx>
	                        <posy>44</posy>
	                        <height>20</height>
	                        <font>font10</font>
	                        <align>left</align>
	                        <aligny>center</aligny>
	                        <label>$LOCALIZE[418] :</label>
	                        <textcolor>gray</textcolor>
	                        <shadowcolor>black</shadowcolor>
	                        <visible>Weather.IsFetched</visible>
	                    </control>
	                    <control type="label">
	                        <description>low value</description>
	                        <posx>370</posx>
	                        <posy>44</posy>
	                        <height>20</height>
	                        <label>[COLOR orange]$INFO[Window.Property(Day1.LowTemp)]$INFO[System.TemperatureUnits][/COLOR][COLOR gray]  (tonight's low)[/COLOR]</label>
	                        <font>font10</font>
	                        <align>left</align>
	                        <aligny>center</aligny>
	                        <textcolor>white</textcolor>
	                        <shadowcolor>black</shadowcolor>
	                        <visible>!IsEmpty(Window.Property(Day1.LowTemp))</visible>
	                    </control>
	                    <control type="label">
	                        <description>Rain Chance label</description>
	                        <posx>640</posx>
	                        <posy>17</posy>
	                        <width>400</width>
	                        <height>20</height>
	                        <font>font10</font>
	                        <label>Chance of Rain: $INFO[Window.Property(Day1.RainChance)]</label>
	                        <align>left</align>
	                        <aligny>center</aligny>
	                        <textcolor>gray</textcolor>
	                        <shadowcolor>black</shadowcolor>
	                    </control>
	                    <control type="label">
	                        <description>Rain Chance Amount label</description>
	                        <posx>640</posx>
	                        <posy>46</posy>
	                        <width>400</width>
	                        <height>20</height>
	                        <font>font10</font>
	                        <label>Predicted Rain: $INFO[Window.Property(Day1.RainChanceAmount)]</label>
	                        <align>left</align>
	                        <aligny>center</aligny>
	                        <textcolor>gray</textcolor>
	                        <shadowcolor>black</shadowcolor>
	                    </control>
	                    
	                </control>



	                <!-- DAY 2 - TOMORROW + 1 -->                  
	                <control type="group">
	                    <description>day 2</description>
	                    <posx>20</posx>
	                    <posy>600</posy>

	                    <control type="image">
	                        <description>day icon</description>
	                        <posx>30</posx>
	                        <posy>0</posy>
	                        <height>75</height>
	                        <width>75</width>
	                        <info>Window.Property(Day2.OutlookIcon)</info>
	                        <aspectratio align="right">keep</aspectratio>
	                    </control>

	                    <control type="label">
	                        <description>high value</description>
	                        <posx>130</posx>
	                        <posy>30</posy>
	                        <height>20</height>
	                        <label>$INFO[Window.Property(Day2.HighTemp)]$INFO[System.TemperatureUnits]</label>
	                        <font>font36_title</font>
	                        <align>left</align>
	                        <aligny>center</aligny>
	                        <textcolor>white</textcolor>
	                        <shadowcolor>black</shadowcolor>
	                        <visible>!IsEmpty(Window.Property(Day2.HighTemp))</visible>
	                    </control>

	                    <control type="label">
	                        <description>Day label</description>
	                        <posx>250</posx>
	                        <posy>10</posy>
	                        <width>400</width>
	                        <height>35</height>
	                        <font>font10</font>
	                        <label>[COLOR gray]$INFO[Window.Property(Day2.Title)] - [/COLOR]$INFO[Window.Property(Day2.Outlook)]</label>
	                        <!--<label>COLOR white]$INFO[Window.Property(Day2.Title)][/COLOR] - $INFO[Window.Property(Day2.Outlook)]</label>-->
	                        <align>left</align>
	                        <aligny>center</aligny>
	                        <textcolor>white</textcolor>
	                        <shadowcolor>black</shadowcolor>
	                    </control>


	                    <control type="label">
	                        <description>low label</description>
	                        <posx>250</posx>
	                        <posy>44</posy>
	                        <height>20</height>
	                        <font>font10</font>
	                        <align>left</align>
	                        <aligny>center</aligny>
	                        <label>$LOCALIZE[418] :</label>
	                        <textcolor>gray</textcolor>
	                        <shadowcolor>black</shadowcolor>
	                        <visible>Weather.IsFetched</visible>
	                    </control>
	                    <control type="label">
	                        <description>low value</description>
	                        <posx>370</posx>
	                        <posy>44</posy>
	                        <height>20</height>
	                        <label>$INFO[Window.Property(Day2.LowTemp)]$INFO[System.TemperatureUnits]</label>
	                        <font>font10</font>
	                        <align>left</align>
	                        <aligny>center</aligny>
	                        <textcolor>white</textcolor>
	                        <shadowcolor>black</shadowcolor>
	                        <visible>!IsEmpty(Window.Property(Day2.LowTemp))</visible>
	                    </control>
	                    <control type="label">
	                        <description>Rain Chance label</description>
	                        <posx>640</posx>
	                        <posy>17</posy>
	                        <width>400</width>
	                        <height>20</height>
	                        <font>font10</font>
	                        <label>Chance of Rain: $INFO[Window.Property(Day2.RainChance)]</label>
	                        <align>left</align>
	                        <aligny>center</aligny>
	                        <textcolor>gray</textcolor>
	                        <shadowcolor>black</shadowcolor>
	                    </control>
	                    <control type="label">
	                        <description>Rain Chance Amount label</description>
	                        <posx>640</posx>
	                        <posy>46</posy>
	                        <width>400</width>
	                        <height>20</height>
	                        <font>font10</font>
	                        <label>Predicted Rain: $INFO[Window.Property(Day2.RainChanceAmount)]</label>
	                        <align>left</align>
	                        <aligny>center</aligny>
	                        <textcolor>gray</textcolor>
	                        <shadowcolor>black</shadowcolor>
	                    </control>
	                    
	                </control>


	                <!-- DAY 3 - TOMORROW + 2 -->                  
	                <control type="group">
	                    <description>day 3</description>
	                    <posx>20</posx>
	                    <posy>680</posy>

	                    <control type="image">
	                        <description>day icon</description>
	                        <posx>30</posx>
	                        <posy>0</posy>
	                        <height>75</height>
	                        <width>75</width>
	                        <info>Window.Property(Day3.OutlookIcon)</info>
	                        <aspectratio align="right">keep</aspectratio>
	                    </control>

	                    <control type="label">
	                        <description>high value</description>
	                        <posx>130</posx>
	                        <posy>30</posy>
	                        <height>20</height>
	                        <label>$INFO[Window.Property(Day3.HighTemp)]$INFO[System.TemperatureUnits]</label>
	                        <font>font36_title</font>
	                        <align>left</align>
	                        <aligny>center</aligny>
	                        <textcolor>white</textcolor>
	                        <shadowcolor>black</shadowcolor>
	                        <visible>!IsEmpty(Window.Property(Day3.HighTemp))</visible>
	                    </control>

	                    <control type="label">
	                        <description>Day label</description>
	                        <posx>250</posx>
	                        <posy>10</posy>
	                        <width>400</width>
	                        <height>35</height>
	                        <font>font10</font>
	                        <label>[COLOR gray]$INFO[Window.Property(Day3.Title)] - [/COLOR]$INFO[Window.Property(Day3.Outlook)]</label>
	                        <!--<label>COLOR white]$INFO[Window.Property(Day3.Title)][/COLOR] - $INFO[Window.Property(Day3.Outlook)]</label>-->
	                        <align>left</align>
	                        <aligny>center</aligny>
	                        <textcolor>white</textcolor>
	                        <shadowcolor>black</shadowcolor>
	                    </control>


	                    <control type="label">
	                        <description>low label</description>
	                        <posx>250</posx>
	                        <posy>44</posy>
	                        <height>20</height>
	                        <font>font10</font>
	                        <align>left</align>
	                        <aligny>center</aligny>
	                        <label>$LOCALIZE[418] :</label>
	                        <textcolor>gray</textcolor>
	                        <shadowcolor>black</shadowcolor>
	                        <visible>Weather.IsFetched</visible>
	                    </control>
	                    <control type="label">
	                        <description>low value</description>
	                        <posx>370</posx>
	                        <posy>44</posy>
	                        <height>20</height>
	                        <label>$INFO[Window.Property(Day3.LowTemp)]$INFO[System.TemperatureUnits]</label>
	                        <font>font10</font>
	                        <align>left</align>
	                        <aligny>center</aligny>
	                        <textcolor>white</textcolor>
	                        <shadowcolor>black</shadowcolor>
	                        <visible>!IsEmpty(Window.Property(Day3.LowTemp))</visible>
	                    </control>
	                    <control type="label">
	                        <description>Rain Chance label</description>
	                        <posx>640</posx>
	                        <posy>17</posy>
	                        <width>400</width>
	                        <height>20</height>
	                        <font>font10</font>
	                        <label>Chance of Rain: $INFO[Window.Property(Day3.RainChance)]</label>
	                        <align>left</align>
	                        <aligny>center</aligny>
	                        <textcolor>gray</textcolor>
	                        <shadowcolor>black</shadowcolor>
	                    </control>
	                    <control type="label">
	                        <description>Rain Chance Amount label</description>
	                        <posx>640</posx>
	                        <posy>46</posy>
	                        <width>400</width>
	                        <height>20</height>
	                        <font>font10</font>
	                        <label>Predicted Rain: $INFO[Window.Property(Day3.RainChanceAmount)]</label>
	                        <align>left</align>
	                        <aligny>center</aligny>
	                        <textcolor>gray</textcolor>
	                        <shadowcolor>black</shadowcolor>
	                    </control>
	                    
	                </control>
	

	                <!-- DAY 4 - TOMORROW + 3 -->                  
	                <control type="group">
	                    <description>day 4</description>
	                    <posx>20</posx>
	                    <posy>760</posy>

	                    <control type="image">
	                        <description>day icon</description>
	                        <posx>30</posx>
	                        <posy>0</posy>
	                        <height>75</height>
	                        <width>75</width>
	                        <info>Window.Property(Day4.OutlookIcon)</info>
	                        <aspectratio align="right">keep</aspectratio>
	                    </control>

	                    <control type="label">
	                        <description>high value</description>
	                        <posx>130</posx>
	                        <posy>30</posy>
	                        <height>20</height>
	                        <label>$INFO[Window.Property(Day4.HighTemp)]$INFO[System.TemperatureUnits]</label>
	                        <font>font36_title</font>
	                        <align>left</align>
	                        <aligny>center</aligny>
	                        <textcolor>white</textcolor>
	                        <shadowcolor>black</shadowcolor>
	                        <visible>!IsEmpty(Window.Property(Day4.HighTemp))</visible>
	                    </control>

	                    <control type="label">
	                        <description>Day label</description>
	                        <posx>250</posx>
	                        <posy>10</posy>
	                        <width>400</width>
	                        <height>35</height>
	                        <font>font10</font>
	                        <label>[COLOR gray]$INFO[Window.Property(Day4.Title)] - [/COLOR]$INFO[Window.Property(Day4.Outlook)]</label>
	                        <!--<label>COLOR white]$INFO[Window.Property(Day4.Title)][/COLOR] - $INFO[Window.Property(Day4.Outlook)]</label>-->
	                        <align>left</align>
	                        <aligny>center</aligny>
	                        <textcolor>white</textcolor>
	                        <shadowcolor>black</shadowcolor>
	                    </control>


	                    <control type="label">
	                        <description>low label</description>
	                        <posx>250</posx>
	                        <posy>44</posy>
	                        <height>20</height>
	                        <font>font10</font>
	                        <align>left</align>
	                        <aligny>center</aligny>
	                        <label>$LOCALIZE[418] :</label>
	                        <textcolor>gray</textcolor>
	                        <shadowcolor>black</shadowcolor>
	                        <visible>Weather.IsFetched</visible>
	                    </control>
	                    <control type="label">
	                        <description>low value</description>
	                        <posx>370</posx>
	                        <posy>44</posy>
	                        <height>20</height>
	                        <label>$INFO[Window.Property(Day4.LowTemp)]$INFO[System.TemperatureUnits]</label>
	                        <font>font10</font>
	                        <align>left</align>
	                        <aligny>center</aligny>
	                        <textcolor>white</textcolor>
	                        <shadowcolor>black</shadowcolor>
	                        <visible>!IsEmpty(Window.Property(Day4.LowTemp))</visible>
	                    </control>
	                    <control type="label">
	                        <description>Rain Chance label</description>
	                        <posx>640</posx>
	                        <posy>17</posy>
	                        <width>400</width>
	                        <height>20</height>
	                        <font>font10</font>
	                        <label>Chance of Rain: $INFO[Window.Property(Day4.RainChance)]</label>
	                        <align>left</align>
	                        <aligny>center</aligny>
	                        <textcolor>gray</textcolor>
	                        <shadowcolor>black</shadowcolor>
	                    </control>
	                    <control type="label">
	                        <description>Rain Chance Amount label</description>
	                        <posx>640</posx>
	                        <posy>46</posy>
	                        <width>400</width>
	                        <height>20</height>
	                        <font>font10</font>
	                        <label>Predicted Rain: $INFO[Window.Property(Day4.RainChanceAmount)]</label>
	                        <align>left</align>
	                        <aligny>center</aligny>
	                        <textcolor>gray</textcolor>
	                        <shadowcolor>black</shadowcolor>
	                    </control>
	                    
	                </control>
	

	                <!-- DAY 5 - TOMORROW + 4 -->                  
	                <control type="group">
	                    <description>day 5</description>
	                    <posx>20</posx>
	                    <posy>840</posy>

	                    <control type="image">
	                        <description>day icon</description>
	                        <posx>30</posx>
	                        <posy>0</posy>
	                        <height>75</height>
	                        <width>75</width>
	                        <info>Window.Property(Day5.OutlookIcon)</info>
	                        <aspectratio align="right">keep</aspectratio>
	                    </control>

	                    <control type="label">
	                        <description>high value</description>
	                        <posx>130</posx>
	                        <posy>30</posy>
	                        <height>20</height>
	                        <label>$INFO[Window.Property(Day5.HighTemp)]$INFO[System.TemperatureUnits]</label>
	                        <font>font36_title</font>
	                        <align>left</align>
	                        <aligny>center</aligny>
	                        <textcolor>white</textcolor>
	                        <shadowcolor>black</shadowcolor>
	                        <visible>!IsEmpty(Window.Property(Day5.HighTemp))</visible>
	                    </control>

	                    <control type="label">
	                        <description>Day label</description>
	                        <posx>250</posx>
	                        <posy>10</posy>
	                        <width>400</width>
	                        <height>35</height>
	                        <font>font10</font>
	                        <label>[COLOR gray]$INFO[Window.Property(Day5.Title)] - [/COLOR]$INFO[Window.Property(Day5.Outlook)]</label>
	                        <!--<label>COLOR white]$INFO[Window.Property(Day5.Title)][/COLOR] - $INFO[Window.Property(Day5.Outlook)]</label>-->
	                        <align>left</align>
	                        <aligny>center</aligny>
	                        <textcolor>white</textcolor>
	                        <shadowcolor>black</shadowcolor>
	                    </control>


	                    <control type="label">
	                        <description>low label</description>
	                        <posx>250</posx>
	                        <posy>44</posy>
	                        <height>20</height>
	                        <font>font10</font>
	                        <align>left</align>
	                        <aligny>center</aligny>
	                        <label>$LOCALIZE[418] :</label>
	                        <textcolor>gray</textcolor>
	                        <shadowcolor>black</shadowcolor>
	                        <visible>Weather.IsFetched</visible>
	                    </control>
	                    <control type="label">
	                        <description>low value</description>
	                        <posx>370</posx>
	                        <posy>44</posy>
	                        <height>20</height>
	                        <label>$INFO[Window.Property(Day5.LowTemp)]$INFO[System.TemperatureUnits]</label>
	                        <font>font10</font>
	                        <align>left</align>
	                        <aligny>center</aligny>
	                        <textcolor>white</textcolor>
	                        <shadowcolor>black</shadowcolor>
	                        <visible>!IsEmpty(Window.Property(Day5.LowTemp))</visible>
	                    </control>
	                    <control type="label">
	                        <description>Rain Chance label</description>
	                        <posx>640</posx>
	                        <posy>17</posy>
	                        <width>400</width>
	                        <height>20</height>
	                        <font>font10</font>
	                        <label>Chance of Rain: $INFO[Window.Property(Day5.RainChance)]</label>
	                        <align>left</align>
	                        <aligny>center</aligny>
	                        <textcolor>gray</textcolor>
	                        <shadowcolor>black</shadowcolor>
	                    </control>
	                    <control type="label">
	                        <description>Rain Chance Amount label</description>
	                        <posx>640</posx>
	                        <posy>46</posy>
	                        <width>400</width>
	                        <height>20</height>
	                        <font>font10</font>
	                        <label>Predicted Rain: $INFO[Window.Property(Day5.RainChanceAmount)]</label>
	                        <align>left</align>
	                        <aligny>center</aligny>
	                        <textcolor>gray</textcolor>
	                        <shadowcolor>black</shadowcolor>
	                    </control>
	                    
	                </control>

	                <!-- DAY 6 - TOMORROW + 5 -->                  
	                <control type="group">
	                    <description>day 6</description>
	                    <posx>20</posx>
	                    <posy>920</posy>

	                    <control type="image">
	                        <description>day icon</description>
	                        <posx>30</posx>
	                        <posy>0</posy>
	                        <height>75</height>
	                        <width>75</width>
	                        <info>Window.Property(Day6.OutlookIcon)</info>
	                        <aspectratio align="right">keep</aspectratio>
	                    </control>

	                    <control type="label">
	                        <description>high value</description>
	                        <posx>130</posx>
	                        <posy>30</posy>
	                        <height>20</height>
	                        <label>$INFO[Window.Property(Day6.HighTemp)]$INFO[System.TemperatureUnits]</label>
	                        <font>font36_title</font>
	                        <align>left</align>
	                        <aligny>center</aligny>
	                        <textcolor>white</textcolor>
	                        <shadowcolor>black</shadowcolor>
	                        <visible>!IsEmpty(Window.Property(Day6.HighTemp))</visible>
	                    </control>

	                    <control type="label">
	                        <description>Day label</description>
	                        <posx>250</posx>
	                        <posy>10</posy>
	                        <width>400</width>
	                        <height>35</height>
	                        <font>font10</font>
	                        <label>[COLOR gray]$INFO[Window.Property(Day6.Title)] - [/COLOR]$INFO[Window.Property(Day6.Outlook)]</label>
	                        <!--<label>COLOR white]$INFO[Window.Property(Day6.Title)][/COLOR] - $INFO[Window.Property(Day6.Outlook)]</label>-->
	                        <align>left</align>
	                        <aligny>center</aligny>
	                        <textcolor>white</textcolor>
	                        <shadowcolor>black</shadowcolor>
	                    </control>


	                    <control type="label">
	                        <description>low label</description>
	                        <posx>250</posx>
	                        <posy>44</posy>
	                        <height>20</height>
	                        <font>font10</font>
	                        <align>left</align>
	                        <aligny>center</aligny>
	                        <label>$LOCALIZE[418] :</label>
	                        <textcolor>gray</textcolor>
	                        <shadowcolor>black</shadowcolor>
	                        <visible>Weather.IsFetched</visible>
	                    </control>
	                    <control type="label">
	                        <description>low value</description>
	                        <posx>370</posx>
	                        <posy>44</posy>
	                        <height>20</height>
	                        <label>$INFO[Window.Property(Day6.LowTemp)]$INFO[System.TemperatureUnits]</label>
	                        <font>font10</font>
	                        <align>left</align>
	                        <aligny>center</aligny>
	                        <textcolor>white</textcolor>
	                        <shadowcolor>black</shadowcolor>
	                        <visible>!IsEmpty(Window.Property(Day6.LowTemp))</visible>
	                    </control>
	                    <control type="label">
	                        <description>Rain Chance label</description>
	                        <posx>640</posx>
	                        <posy>17</posy>
	                        <width>400</width>
	                        <height>20</height>
	                        <font>font10</font>
	                        <label>Chance of Rain: $INFO[Window.Property(Day6.RainChance)]</label>
	                        <align>left</align>
	                        <aligny>center</aligny>
	                        <textcolor>gray</textcolor>
	                        <shadowcolor>black</shadowcolor>
	                    </control>
	                    <control type="label">
	                        <description>Rain Chance Amount label</description>
	                        <posx>640</posx>
	                        <posy>46</posy>
	                        <width>400</width>
	                        <height>20</height>
	                        <font>font10</font>
	                        <label>Predicted Rain: $INFO[Window.Property(Day6.RainChanceAmount)]</label>
	                        <align>left</align>
	                        <aligny>center</aligny>
	                        <textcolor>gray</textcolor>
	                        <shadowcolor>black</shadowcolor>
	                    </control>
	                    
	                </control>
		


				</control>	
				<!-- End current conditions -->




			</control>
			<!-- End Right Panel Group -->

		</control>



	</controls>
</window>