<?xml version="1.0" encoding="UTF-8"?>
<addon
  id="skin.confluence.bossanova808.frodo"
  version="0.1.3"
  name="Confluence Bossanova808 Frodo PVR"
  provider-name="Jezz_X, Team XBMC, bossanova808">
  <requires>
    <import addon="xbmc.gui" version="4.0.0"/>
  </requires>
  <extension
    point="xbmc.gui.skin"
    defaultthemename="textures.xbt"
    debugging="false"
    effectslowdown="0.75">
    <res width="1280" height="720" aspect="16:9" default="true" folder="720p" />
  </extension>
  <extension point="xbmc.addon.metadata">
    <summary lang="en">Confluence skin by Jezz_X modded by Bossanova808. (XBMC's default skin)</summary>
    <description lang="en">Bossanova808's personal mode of Confluence - just basic Confluence with a few extra nice bits and some hard coded paths - only for use by bossanova808!</description>
    <platform>all</platform>
  </extension>
</addon>
