<?xml version="1.0" encoding="UTF-8" standalone="yes"?>
<addon 
  id="repository.bossanova808" 
  name="bossanova808's XBMC Addons" 
  version="0.0.1" 
  provider-name="bossanova808 [bossanova808@gmail.com]">
	<extension point="xbmc.addon.repository" 
             name="bossanova808's XBMC Addon Repository">
    <info compressed="true">http://github.com/bossanova808/bossanova808-xbmc-addons/raw/master/addons.xml</info>
    <checksum>http://github.com/bossanova808/bossanova808-xbmc-addons/raw/master/addons.xml.md5</checksum>
    <datadir zip="true">http://github.com/bossanova808/bossanova808-xbmc-addons/raw/master/download</datadir>
	</extension>
	<extension point="xbmc.addon.metadata">
		<summary>Install bossanova808's XBMC Addons</summary>
		<description>Download and install addons by bossanova808</description>
		<platform>all</platform>
	</extension>
</addon>