<includes>

    <include name="FontHuge">
        <font>font_MainMenu</font>
    </include>
    <include name="FontBig">
        <font>font30_title</font>
    </include>
    <include name="FontHeader">
        <font>font12_title</font>
    </include>
    <include name="FontBody">
        <font>font10</font>
    </include>

    <constant name="RadarSquare" condition="$PARAM[test]">40%</constant>
    <constant name="RadarLegend">48%</constant>

    <constant name="MasterXOffset">0%</constant>
    <constant name="MasterYOffset">-2%</constant>
    <constant name="WeatherInfoLineHeight">30%</constant>

    <include name="ConfluenceLeftPanelContainer">
        <control type="image">
            <description>Confluence Only - ok to use non percents here as Confluence = 720p fixed</description>
            <visible>String.IsEqual(Window(weather).Property(SkinInUse),"Confluence")</visible>
            <posx>0</posx>
            <posy>0</posy>
            <width>550</width>
            <height>670</height>
            <texture border="20">ContentPanel.png</texture>
        </control>
    </include>

    <include name="ConfluenceRightPanelContainer">
        <control type="image">
            <description>Confluence Only - ok to use non percents here as Confluence = 720p fixed</description>
            <visible>String.IsEqual(Window(weather).Property(SkinInUse),"Confluence")</visible>
            <posx>0</posx>
            <posy>0</posy>
            <width>680</width>
            <height>670</height>
            <texture border="20">ContentPanel.png</texture>
            <visible>String.IsEqual(Window(weather).Property(SkinInUse),"Confluence")</visible>
        </control>
    </include>

</includes>
