<includes>
	<include name="WeatherWeekendForcast">
		<control type="group">
			<visible>StringCompare(Window.Property(Weather.CurrentView),weekend)</visible>
			<include>VisibleFadeEffect</include>
			<control type="button" id="998">
				<description>Hidden Button for focus</description>
				<posx>-600</posx>
				<posy>-20</posy>
				<width>1</width>
				<height>1</height>
				<texturenofocus>-</texturenofocus>
				<texturefocus>-</texturefocus>
				<onleft>9000</onleft>
				<onright>9000</onright>
			</control>
			<control type="label">
				<description>header label</description>
				<posx>20</posx>
				<posy>13</posy>
				<width>610</width>
				<height>30</height>
				<font>font13_title</font>
				<label>31903</label>
				<align>center</align>
				<aligny>center</aligny>
				<textcolor>white</textcolor>
				<shadowcolor>black</shadowcolor>
			</control>
			<control type="label">
				<posx>0</posx>
				<posy>200</posy>
				<width>600</width>
				<height>30</height>
				<font>font13</font>
				<textcolor>white</textcolor>
				<align>center</align>
				<aligny>center</aligny>
				<label>$LOCALIZE[31909]</label>
				<visible>IsEmpty(Window.Property(Weekend.IsFetched))</visible>
			</control>
			<control type="group">
				<posx>20</posx>
				<posy>50</posy>
				<visible>!IsEmpty(Window.Property(Weekend.IsFetched))</visible>
				<include>VisibleFadeEffect</include>
				<control type="group">
					<posx>0</posx>
					<posy>0</posy>
					<control type="label">
						<posx>0</posx>
						<posy>5</posy>
						<width>600</width>
						<height>30</height>
						<font>font13_title</font>
						<textcolor>blue</textcolor>
						<align>center</align>
						<aligny>center</aligny>
						<label>$INFO[Window.Property(Weekend.2.LongDay)] - $INFO[Window.Property(Weekend.2.ShortDate)]</label>
					</control>
					<control type="image">
						<posx>10</posx>
						<posy>20</posy>
						<width>130</width>
						<height>160</height>
						<aspectratio>keep</aspectratio>
						<texture>$INFO[Window.Property(Weekend.2.OutlookIcon)]</texture>
					</control>
					<control type="label">
						<posx>140</posx>
						<posy>40</posy>
						<width>100</width>
						<height>50</height>
						<font>font13_title</font>
						<textcolor>white</textcolor>
						<selectedcolor>selected</selectedcolor>
						<align>center</align>
						<aligny>center</aligny>
						<label>[COLOR=grey2]$LOCALIZE[393][CR][/COLOR]$INFO[Window.Property(Weekend.2.HighTemperature),[B] ,[/B]]</label>
					</control>
					<control type="label">
						<posx>140</posx>
						<posy>100</posy>
						<width>100</width>
						<height>50</height>
						<font>font13_title</font>
						<textcolor>white</textcolor>
						<selectedcolor>selected</selectedcolor>
						<align>center</align>
						<aligny>center</aligny>
						<label>[COLOR=grey2]$LOCALIZE[391][CR][/COLOR]$INFO[Window.Property(Weekend.2.LowTemperature),[B] ,[/B]]</label>
					</control>
					<control type="textbox">
						<posx>240</posx>
						<posy>40</posy>
						<width>350</width>
						<height>130</height>
						<font>font12</font>
						<textcolor>white</textcolor>
						<align>right</align>
						<label>$INFO[Window.Property(Weekend.2.Humidity),[COLOR=grey2]$LOCALIZE[406] :[/COLOR][B] ,[/B]][CR][CR]$INFO[Window.Property(Weekend.2.ShortWindDirection),[COLOR=grey2]$LOCALIZE[404] :[/COLOR][B] ,[/B]][CR][CR]$INFO[Window.Property(Weekend.2.Precipitation),[COLOR=grey2]$LOCALIZE[33021] :[/COLOR][B] ,[/B]]</label>
					</control>
					<control type="label">
						<posx>0</posx>
						<posy>170</posy>
						<width>590</width>
						<height>20</height>
						<font>font12</font>
						<textcolor>white</textcolor>
						<selectedcolor>selected</selectedcolor>
						<align>center</align>
						<aligny>center</aligny>
						<label>$INFO[Window.Property(Weekend.2.Outlook),[COLOR=grey2]$LOCALIZE[33030]: [/COLOR]]</label>
					</control>
					<control type="textbox">
						<posx>0</posx>
						<posy>210</posy>
						<width>590</width>
						<height>70</height>
						<font>font12</font>
						<textcolor>white</textcolor>
						<selectedcolor>selected</selectedcolor>
						<align>center</align>
						<label>$INFO[Window.Property(Weekend.2.LongOutlookDay),[COLOR=grey2]$LOCALIZE[31905]: [/COLOR]][CR]</label>
					</control>
					<control type="image">
						<posx>0</posx>
						<posy>270</posy>
						<width>650</width>
						<height>4</height>
						<texture>separator.png</texture>
					</control>
				</control>
				<control type="group">
					<posx>0</posx>
					<posy>280</posy>
					<control type="label">
						<posx>0</posx>
						<posy>5</posy>
						<width>600</width>
						<height>30</height>
						<font>font13_title</font>
						<textcolor>blue</textcolor>
						<align>center</align>
						<aligny>center</aligny>
						<label>$INFO[Window.Property(Weekend.3.LongDay)] - $INFO[Window.Property(Weekend.3.ShortDate)]</label>
					</control>
					<control type="image">
						<posx>10</posx>
						<posy>20</posy>
						<width>130</width>
						<height>160</height>
						<aspectratio>keep</aspectratio>
						<texture>$INFO[Window.Property(Weekend.3.OutlookIcon)]</texture>
					</control>
					<control type="label">
						<posx>140</posx>
						<posy>40</posy>
						<width>100</width>
						<height>50</height>
						<font>font13_title</font>
						<textcolor>white</textcolor>
						<selectedcolor>selected</selectedcolor>
						<align>center</align>
						<aligny>center</aligny>
						<label>[COLOR=grey2]$LOCALIZE[393][CR][/COLOR]$INFO[Window.Property(Weekend.3.HighTemperature),[B] ,[/B]]</label>
					</control>
					<control type="label">
						<posx>140</posx>
						<posy>100</posy>
						<width>100</width>
						<height>50</height>
						<font>font13_title</font>
						<textcolor>white</textcolor>
						<selectedcolor>selected</selectedcolor>
						<align>center</align>
						<aligny>center</aligny>
						<label>[COLOR=grey2]$LOCALIZE[391][CR][/COLOR]$INFO[Window.Property(Weekend.3.LowTemperature),[B] ,[/B]]</label>
					</control>
					<control type="textbox">
						<posx>240</posx>
						<posy>40</posy>
						<width>350</width>
						<height>130</height>
						<font>font12</font>
						<textcolor>white</textcolor>
						<align>right</align>
						<label>$INFO[Window.Property(Weekend.3.Humidity),[COLOR=grey2]$LOCALIZE[406] :[/COLOR][B] ,[/B]][CR][CR]$INFO[Window.Property(Weekend.3.ShortWindDirection),[COLOR=grey2]$LOCALIZE[404] :[/COLOR][B] ,[/B]][CR][CR]$INFO[Window.Property(Weekend.3.Precipitation),[COLOR=grey2]$LOCALIZE[33021] :[/COLOR][B] ,[/B]]</label>
					</control>
					<control type="label">
						<posx>0</posx>
						<posy>170</posy>
						<width>590</width>
						<height>20</height>
						<font>font12</font>
						<textcolor>white</textcolor>
						<selectedcolor>selected</selectedcolor>
						<align>center</align>
						<aligny>center</aligny>
						<label>$INFO[Window.Property(Weekend.3.Outlook),[COLOR=grey2]$LOCALIZE[33030]: [/COLOR]]</label>
					</control>
					<control type="textbox">
						<posx>0</posx>
						<posy>210</posy>
						<width>590</width>
						<height>70</height>
						<font>font12</font>
						<textcolor>white</textcolor>
						<selectedcolor>selected</selectedcolor>
						<align>center</align>
						<label>$INFO[Window.Property(Weekend.3.LongOutlookDay),[COLOR=grey2]$LOCALIZE[31905]: [/COLOR]][CR]</label>
					</control>
				</control>
			</control>
		</control>
	</include>
</includes>
