<?xml version="1.0" encoding="UTF-8" standalone="yes"?>
<addon id="script.xsqueeze"
       name="XSqueeze"
       version="0.2.3"
       provider-name="bossanova808">
  <requires>
    <import addon="xbmc.python" version="2.0"/>
  </requires>
  <extension point="xbmc.python.script"
             library="default.py">
    <provides>executable</provides>
  </extension>
  <extension point="xbmc.addon.metadata">
    <platform>all</platform>
    <summary lang="en">Control squeezebox players from XBMC.  Turn your XBMC into a Squeeze player!</summary>
    <description lang="en">Control squeezebox players from XBMC.  Turn your XBMC into a Squeeze player!  Uses pysqueezecenter as a bridge to the CLI for squeezeboxes.  Uses squeezeslave for local playback.</description>
    <disclaimer lang="en"></disclaimer>
  </extension>
</addon>
