<?xml version="1.0" encoding="UTF-8"?>
<window>
	<defaultcontrol always="true">7</defaultcontrol>
	<coordinates>
		<system>1</system>
		<left>20</left>
		<top>30</top>
		<origin x="245" y="30">![Window.IsVisible(FullscreenVideo) | Window.IsVisible(Visualisation)]</origin>
	</coordinates>
	<include>dialogeffect</include>
	<controls>
		<control type="group">
			<include name="DialogBackgroundCommons">
				<param name="DialogBackgroundWidth" value="790" />
				<param name="DialogBackgroundHeight" value="660" />
				<param name="DialogHeaderWidth" value="710" />
				<param name="DialogHeaderLabel" value="$LOCALIZE[19047]" />
				<param name="DialogHeaderId" value="2" />
				<param name="CloseButtonLeft" value="700" />
				<param name="CloseButtonNav" value="10" />
			</include>
			<control type="label">
				<description>Title label</description>
				<left>40</left>
				<top>70</top>
				<width>700</width>
				<height>30</height>
				<font>font13_title</font>
				<label>$INFO[ListItem.Title]</label>
				<align>center</align>
				<aligny>center</aligny>
				<textcolor>blue</textcolor>
				<shadowcolor>black</shadowcolor>
			</control>
			<control type="group">
				<control type="group">
					<left>40</left>
					<top>120</top>
					<control type="label">
						<description>Time description</description>
						<left>0</left>
						<top>0</top>
						<width>170</width>
						<height>25</height>
						<align>right</align>
						<aligny>center</aligny>
						<font>font13</font>
						<textcolor>blue</textcolor>
						<label>$LOCALIZE[142]</label>
					</control>
					<control type="label">
						<description>Time value</description>
						<left>180</left>
						<top>0</top>
						<width>470</width>
						<height>25</height>
						<align>left</align>
						<aligny>center</aligny>
						<font>font13</font>
						<textcolor>white</textcolor>
						<label>$INFO[ListItem.StartTime] - $INFO[ListItem.EndTime] ($INFO[ListItem.StartDate])</label>
					</control>
					<control type="label">
						<description>Duration</description>
						<left>0</left>
						<top>35</top>
						<width>170</width>
						<height>25</height>
						<align>right</align>
						<aligny>center</aligny>
						<font>font13</font>
						<textcolor>blue</textcolor>
						<label>$LOCALIZE[180]:</label>
					</control>
					<control type="label">
						<description>Duration value</description>
						<left>180</left>
						<top>35</top>
						<width>470</width>
						<height>25</height>
						<align>left</align>
						<aligny>center</aligny>
						<font>font13</font>
						<textcolor>white</textcolor>
						<label>$INFO[ListItem.Duration]</label>
					</control>
					<control type="label">
						<description>Channel Name</description>
						<left>0</left>
						<top>70</top>
						<width>170</width>
						<height>25</height>
						<align>right</align>
						<aligny>center</aligny>
						<font>font13</font>
						<textcolor>blue</textcolor>
						<label>$LOCALIZE[19148]:</label>
					</control>
					<control type="fadelabel">
						<description>Channel Value</description>
						<left>180</left>
						<top>70</top>
						<width>470</width>
						<height>25</height>
						<align>left</align>
						<aligny>center</aligny>
						<font>font13</font>
						<textcolor>white</textcolor>
						<label>$INFO[ListItem.ChannelName]</label>
					</control>
					<control type="label">
						<description>Genre</description>
						<left>0</left>
						<top>105</top>
						<width>170</width>
						<height>25</height>
						<align>right</align>
						<aligny>center</aligny>
						<font>font13</font>
						<textcolor>blue</textcolor>
						<label>$LOCALIZE[135]:</label>
					</control>
					<control type="label">
						<description>Genre value</description>
						<left>180</left>
						<top>105</top>
						<width>470</width>
						<label fallback="161">$INFO[ListItem.Genre]</label>
						<align>left</align>
						<font>font13</font>
						<scroll>true</scroll>
					</control>
				</control>
				<control type="textbox" id="400">
					<description>Plot value</description>
					<left>40</left>
					<top>277</top>
					<width>710</width>
					<height>283</height>
					<font>font13</font>
					<align>justify</align>
					<textcolor>white</textcolor>
					<shadowcolor>black</shadowcolor>
					<pagecontrol>-</pagecontrol>
					<autoscroll time="2000" delay="3000" repeat="5000">true</autoscroll>
					<label fallback="161">$INFO[ListItem.Plot]</label>
				</control>
				<control type="grouplist" id="9000">
					<left>40</left>
					<top>590</top>
					<width>700</width>
					<height>40</height>
					<itemgap>5</itemgap>
					<align>center</align>
					<orientation>horizontal</orientation>
					<onleft>9000</onleft>
					<onright>9000</onright>
					<onup>60</onup>
					<ondown>60</ondown>
					<control type="button" id="4">
						<description>Find similar</description>
						<include>ButtonInfoDialogsCommonValues</include>
						<label>19003</label>
					</control>
					<control type="button" id="5">
						<description>Switch to Channel</description>
						<include>ButtonInfoDialogsCommonValues</include>
						<label>19165</label>
					</control>
					<control type="button" id="8">
						<description>Play recording</description>
						<include>ButtonInfoDialogsCommonValues</include>
						<label>19687</label>
					</control>
					<control type="button" id="6">
						<description>Record</description>
						<include>ButtonInfoDialogsCommonValues</include>
						<label>-</label>
					</control>
					<control type="button" id="7">
						<description>OK</description>
						<include>ButtonInfoDialogsCommonValues</include>
						<label>186</label>
					</control>
				</control>
			</control>
		</control>
	</controls>
</window>
