<!-- BOSSANOVA808 - This whole file is pretty much changed entirely for OzWeather-->
<window id="2600">
	<defaultcontrol always="true">50</defaultcontrol>
	<allowoverlay>no</allowoverlay>
	<controls>
		<include>CommonWeatherBackground</include>
		<include>CommonMediaPlayingBackground</include>
		<control type="image">
			<posx>0</posx>
			<posy>100r</posy>
			<width>1280</width>
			<height>100</height>
			<texture>floor.png</texture>
			<include>VisibleFadeEffect</include>
			<animation effect="slide" start="0,10" end="0,0" time="200" condition="Window.Previous(Home)">WindowOpen</animation>
			<animation effect="slide" start="0,0" end="0,10" time="200" condition="Window.Next(Home)">WindowClose</animation>
		</control>
		<control type="group">
			<animation type="WindowOpen" reversible="false">
				<effect type="zoom" start="80" end="100" center="640,360" easing="out" tween="back" time="300" />
				<effect type="fade" start="0" end="100" time="300" />
			</animation>
			<animation type="WindowClose" reversible="false">
				<effect type="zoom" start="100" end="80" center="640,360" easing="in" tween="back" time="300" />
				<effect type="fade" start="100" end="0" time="300" />
			</animation>
			<include>VisibleFadeEffect</include>
			<control type="group">
				<animation effect="slide" start="0,0" end="-40,0" time="200" condition="StringCompare(Weather.Plugin,weather.weatherplus)">Conditional</animation>
				<posx>60</posx>
				<posy>40</posy>
				<control type="image">
					<posx>0</posx>
					<posy>0</posy>
					<width>620</width>
					<height>670</height>
					<texture border="20">ContentPanel.png</texture>
				</control>
				<control type="image">
					<posx>0</posx>
					<posy>662</posy>
					<width>620</width>
					<height>64</height>
					<texture border="10">ContentPanelMirror.png</texture>
				</control>
				<control type="image">
					<posx>20</posx>
					<posy>5</posy>
					<width>600</width>
					<height>90</height>
					<aspectratio>stretch</aspectratio>
					<texture>GlassTitleBar.png</texture>
				</control>
				<control type="label">
					<description>header label</description>
					<posx>0</posx>
					<posy>13</posy>
					<width>600</width>
					<height>30</height>
					<font>font12_title</font>
					<label>Radar ($INFO[Window.Property(Radar)]) @ $INFO[Window.Property(Updated)] </label>
					<align>center</align>
					<aligny>center</aligny>
					<textcolor>white</textcolor>
					<shadowcolor>black</shadowcolor>
				</control>
				
				<control type="group">
					<visible>StringCompare(Weather.Plugin,weather.weatherplus) + !IsEmpty(Window.Property(36Hour.IsFetched))</visible>
					<control type="label">
						<description>Sunrise Label</description>
						<posx>30</posx>
						<posy>570</posy>
						<width>300</width>
						<height>35</height>
						<font>font13</font>
						<align>left</align>
						<aligny>center</aligny>
						<label>$LOCALIZE[33027] : [COLOR=white]$INFO[Window.Property(Current.Sunrise)][/COLOR]</label>
						<textcolor>grey2</textcolor>
						<shadowcolor>black</shadowcolor>
					</control>
					<control type="label">
						<description>Sunset label</description>
						<posx>470</posx>
						<posy>570</posy>
						<width>300</width>
						<height>35</height>
						<font>font13</font>
						<align>right</align>
						<aligny>center</aligny>
						<label>$LOCALIZE[33028] : [COLOR=white]$INFO[Window.Property(Current.Sunset)][/COLOR]</label>
						<textcolor>grey2</textcolor>
						<shadowcolor>black</shadowcolor>
					</control>
				</control>
			</control>
			
			
			<!-- RADAR BACKGROUND IMAGES -->
			
     	<control type="image">
				<description>background image</description>
				<posx>115</posx>
				<posy>100</posy>
				<width>512</width>
				<height>557</height>
				<texture>special://home/userdata/addon_data/weather.ozweather/radarbackgrounds/$INFO[Window.Property(Radar)]/legend.png</texture>
			</control>
						
			<control type="image">
				<description>background image</description>
				<posx>115</posx>
				<posy>100</posy>
				<width>512</width>
				<height>512</height>
				<texture>special://home/userdata/addon_data/weather.ozweather/radarbackgrounds/$INFO[Window.Property(Radar)]/background.png</texture>
			</control>

			<control type="image">
				<description>background image</description>
				<posx>115</posx>
				<posy>100</posy>
				<width>512</width>
				<height>512</height>
				<texture>special://home/userdata/addon_data/weather.ozweather/radarbackgrounds/$INFO[Window.Property(Radar)]/topography.png</texture>
			</control>

     <control type="image">
				<description>background image</description>
				<posx>115</posx>
				<posy>100</posy>
				<width>512</width>
				<height>512</height>
				<texture>special://home/userdata/addon_data/weather.ozweather/radarbackgrounds/$INFO[Window.Property(Radar)]/catchments.png</texture>
			</control>
       
      <control type="image">
				<description>background image</description>
				<posx>115</posx>
				<posy>100</posy>
				<width>512</width>
				<height>512</height>
				<texture>special://home/userdata/addon_data/weather.ozweather/radarbackgrounds/$INFO[Window.Property(Radar)]/range.png</texture>
			</control>

			<control type="image">
				<description>locations image</description>
				<posx>115</posx>
				<posy>100</posy>
				<width>512</width>
				<height>512</height>
				<texture>special://home/userdata/addon_data/weather.ozweather/radarbackgrounds/$INFO[Window.Property(Radar)]/locations.png</texture>
			</control>			
      
			<!-- TEXTBOX BELOW RADAR -->
			
			<control type="textbox">
					<description>Refresh Notes</description>
					<posx>100</posx>
					<posy>660</posy>
					<width>540</width>
					<height>40</height>
					<font>font11</font>
					<align>center</align>
					<textcolor>gray</textcolor>
					<shadowcolor>black</shadowcolor>
					<label>Bossanova808's $INFO[Window.Property(WeatherVersion)] for XBMC[CR]Data from and (C) Australian Bureau of Meteorology[CR]Sourced via a WeatherZone scrape[CR][CR]Radar images direct from the public BOM FTP server[CR]Radar not up to date or working?[CR]Try hitting refresh in the menu (accessed via left arrow on your remote)[CR]If radar backgrounds are not appearing, restart XBMC[CR](Reloads the skin and triggers a full texture update)</label>
					<autoscroll time="3000" delay="4000" repeat="5000"></autoscroll>
				</control>
			
	

      <!-- RADAR OVERLAY SLIDESHOW -->
      
			<control type="multiimage">
				<description>maps multiimage</description>
				<posx>115</posx>
				<posy>93</posy>
				<width>512</width>
				<height>512</height>
				<imagepath>special://home/userdata/addon_data/weather.ozweather/currentloop/$INFO[Window.Property(Radar)]/</imagepath>
				<timeperimage>500</timeperimage>
				<pauseatend>1000</pauseatend>
				<fadetime>0</fadetime>
				<randomize>false</randomize>
				<loop>yes</loop>
				<!--<aspectratio>keep</aspectratio>-->
				<texture border="10">ContentPanel.png</texture>
			</control>
			
			
			<control type="group">
				<visible>!StringCompare(Weather.Plugin,weather.weatherplus)</visible>
				<posx>700</posx>
				<posy>40</posy>
				<control type="image">
					<posx>0</posx>
					<posy>0</posy>
					<width>560</width>
					<height>670</height>
					<texture border="20">ContentPanel.png</texture>
				</control>
				<control type="image">
					<posx>0</posx>
					<posy>662</posy>
					<width>560</width>
					<height>64</height>
					<texture border="10">ContentPanelMirror.png</texture>
				</control>
				<control type="image">
					<posx>20</posx>
					<posy>5</posy>
					<width>525</width>
					<height>90</height>
					<aspectratio>stretch</aspectratio>
					<texture>GlassTitleBar.png</texture>
				</control>
				<control type="label">
					<description>header label</description>
					<posx>20</posx>
					<posy>13</posy>
					<width>510</width>
					<height>30</height>
					<font>font12_title</font>
					<label>Observations & Forecast - $INFO[Window.Property(Location)]</label>
					<align>center</align>
					<aligny>center</aligny>
					<textcolor>white</textcolor>
					<shadowcolor>black</shadowcolor>
				</control>





        <!-- EXTENDED WEATHER FORECAST -->

				<control type="label">
					<description>extended forecast label</description>
					<posx>20</posx>
					<posy>144</posy>
					<width>510</width>
					<height>20</height>
					<font>font12_title</font>
					<label>Current Extended Forecast</label>
					<align>center</align>
					<aligny>center</aligny>
					<textcolor>white</textcolor>
					<shadowcolor>black</shadowcolor>
				</control>
				
				<control type="textbox">
					<description>Long Weather Forecast</description>
					<posx>30</posx>
					<posy>170</posy>
					<width>490</width>
					<height>82</height>
					<font>font12</font>
					<align>justify</align>
					<textcolor>white</textcolor>
					<shadowcolor>black</shadowcolor>
					<info>Window.Property(Current.ConditionLong)</info>
					<autoscroll time="3000" delay="4000" repeat="5000"></autoscroll>
				</control>

				
        	<control type="image">
						<posx>20</posx>
						<posy>262</posy>
						<width>460</width>
						<height>4</height>
						<texture>separator.png</texture>
					</control>
					
				<!-- DAY 0 - TODAY -->	
				
				<control type="group">
					<description>day 0</description>
					<posx>20</posx>
					<posy>260</posy>
					
					<control type="label">
						<description>Day label</description>
						<posx>220</posx>
						<posy>3</posy>
						<width>400</width>
						<height>35</height>
						<font>font11_title</font>
						<label>[COLOR white]Today[/COLOR] - $INFO[Window.Property(Day0.Outlook)]</label>
						<!--<label>COLOR white]$INFO[Window.Property(Day0.Title)][/COLOR] - $INFO[Window.Property(Day0.Outlook)]</label>-->
						<align>left</align>
						<aligny>center</aligny>
						<textcolor>gray</textcolor>
						<shadowcolor>black</shadowcolor>
					</control>
					<control type="image">
						<description>day icon</description>
						<posx>30</posx>
						<posy>8</posy>
						<height>50</height>
						<width>50</width>
						<info>Window.Property(Day0.OutlookIcon)</info>
						<aspectratio align="right">keep</aspectratio>
					</control>
					<!--
          <control type="label">
						<description>high label</description>
						<posx>40</posx>
						<posy>30</posy>
						<height>20</height>
						<font>font12</font>
						<align>left</align>
						<aligny>center</aligny>
						<label>$LOCALIZE[419] :</label>
						<textcolor>grey2</textcolor>
						<shadowcolor>black</shadowcolor>
						<visible>Weather.IsFetched</visible>
					</control>
					-->
          <control type="label">
						<description>high value</description>
						<posx>110</posx>
						<posy>20</posy>
						<height>20</height>
						<label>$INFO[Window.Property(Day0.HighTemp)]$INFO[System.TemperatureUnits]</label>
						<font>font30_title</font>
						<align>left</align>
						<aligny>center</aligny>
						<textcolor>white</textcolor>
						<shadowcolor>black</shadowcolor>
						<visible>!IsEmpty(Window.Property(Day0.HighTemp))</visible>
					</control>
					<control type="label">
						<description>low label</description>
						<posx>220</posx>
						<posy>30</posy>
						<height>20</height>
						<font>font11</font>
						<align>left</align>
						<aligny>center</aligny>
						<label>$LOCALIZE[418] :</label>
						<textcolor>grey2</textcolor>
						<shadowcolor>black</shadowcolor>
						<visible>Weather.IsFetched</visible>
					</control>
					<control type="label">
						<description>low value</description>
						<posx>290</posx>
						<posy>30</posy>
						<height>20</height>
						<label>$INFO[Window.Property(Day0.LowTemp)]$INFO[System.TemperatureUnits]</label>
						<font>font11</font>
						<align>left</align>
						<aligny>center</aligny>
						<textcolor>white</textcolor>
						<shadowcolor>black</shadowcolor>
						<visible>!IsEmpty(Window.Property(Day0.LowTemp))</visible>
					</control>
					<control type="image">
						<posx>20</posx>
						<posy>55</posy>
						<width>460</width>
						<height>4</height>
						<texture>separator.png</texture>
					</control>
				</control>



    <!-- CURRENT OBSERVATIONS -->

		<control type="group">
					<posx>0</posx>
					<posy>7</posy>       
				<control type="image">
					<description>current weather icon</description>
					<posx>20</posx>
					<posy>48</posy>
					<width>100</width>
					<height>80</height>
					<info>Window.Property(Current.ConditionIcon)</info>
					<aspectratio>keep</aspectratio>
				</control>
			<control type="label">
					<description>current temp Value</description>
					<posx>235</posx>
					<posy>65</posy>
					<width>180</width>
					<height>40</height>
					<font>WeatherTemp</font>
					<align>right</align>
					<aligny>top</aligny>
					<label>$INFO[Window.Property(Current.Temperature)]</label>
					<textcolor>white</textcolor>
					<shadowcolor>black</shadowcolor>
				</control>				
				<control type="label">
					<description>current temp Value Units</description>
					<posx>235</posx>
					<posy>75</posy>
					<width>100</width>
					<height>40</height>
					<font>font12caps</font>
					<align>left</align>
					<aligny>top</aligny>
					<label>$INFO[System.TemperatureUnits]</label>
					<textcolor>white</textcolor>
					<shadowcolor>black</shadowcolor>
				</control>

 				<control type="label">
					<description>now label</description>
					<posx>125</posx>
					<posy>17</posy>
					<width>460</width>
					<height>160</height>
					<label>Now:</label>
					<wrapmultiline>true</wrapmultiline>
					<font>font12</font>
					<align>left</align>
					<scroll>true</scroll>
					<aligny>center</aligny>
					<textcolor>white</textcolor>
					<shadowcolor>black</shadowcolor>
				</control>


				<control type="label">
					<description>current condition label</description>
					<posx>120</posx>
					<posy>-20</posy>
					<width>460</width>
					<height>160</height>
					<info>Window.Property(Current.Condition)</info>
					<wrapmultiline>true</wrapmultiline>
					<font>font12</font>
					<align>left</align>
					<scroll>true</scroll>
					<aligny>center</aligny>
					<textcolor>gray</textcolor>
					<shadowcolor>black</shadowcolor>
				</control>

				
        <control type="label">
					<description>current feels like label</description>
					<posx>390</posx>
					<posy>40</posy>
					<width>170</width>
					<height>35</height>
					<font>font11</font>
					<align>right</align>
					<aligny>center</aligny>
					<label>$LOCALIZE[402] :</label>
					<textcolor>grey2</textcolor>
					<shadowcolor>black</shadowcolor>
				</control>
				
				<control type="label">
					<description>current dew label</description>
					<posx>390</posx>
					<posy>55</posy>
					<width>170</width>
					<height>35</height>
					<font>font11</font>
					<align>right</align>
					<aligny>center</aligny>
					<label>$LOCALIZE[405] :</label>
					<textcolor>grey2</textcolor>
					<shadowcolor>black</shadowcolor>
				</control>
				<control type="label">
					<description>current humidity label</description>
					<posx>390</posx>
					<posy>70</posy>
					<width>170</width>
					<height>35</height>
					<font>font11</font>
					<align>right</align>
					<aligny>center</aligny>
					<label>$LOCALIZE[406] :</label>
					<textcolor>grey2</textcolor>
					<shadowcolor>black</shadowcolor>
				</control>
				<control type="label">
					<description>current UV Index label</description>
					<posx>390</posx>
					<posy>85</posy>
					<width>170</width>
					<height>35</height>
					<font>font11</font>
					<align>right</align>
					<aligny>center</aligny>
					<label>UV Max Today :</label>
					<textcolor>grey2</textcolor>
					<shadowcolor>black</shadowcolor>
				</control>
				<control type="label">
					<description>current Wind label</description>
					<posx>390</posx>
					<posy>100</posy>
					<width>170</width>
					<height>35</height>
					<font>font11</font>
					<align>right</align>
					<aligny>center</aligny>
					<label>$LOCALIZE[404] :</label>
					<textcolor>grey2</textcolor>
					<shadowcolor>black</shadowcolor>
				</control>
				<control type="label">
					<description>current feels like Value</description>
					<posx>395</posx>
					<posy>40</posy>
					<width>300</width>
					<height>35</height>
					<font>font11</font>
					<align>left</align>
					<aligny>center</aligny>
					<label>$INFO[Window.Property(Current.FeelsLike)]$INFO[System.TemperatureUnits]</label>
					<textcolor>white</textcolor>
					<shadowcolor>black</shadowcolor>
				</control>
				<control type="label">
					<description>current dew Value</description>
					<posx>395</posx>
					<posy>55</posy>
					<width>300</width>
					<height>35</height>
					<font>font11</font>
					<align>left</align>
					<aligny>center</aligny>
					<label>$INFO[Window.Property(Current.DewPoint)]$INFO[System.TemperatureUnits]</label>
					<textcolor>white</textcolor>
					<shadowcolor>black</shadowcolor>
				</control>
				<control type="label">
					<description>current humidity Value</description>
					<posx>395</posx>
					<posy>70</posy>
					<width>300</width>
					<height>35</height>
					<font>font11</font>
					<align>left</align>
					<aligny>center</aligny>
					<info>Window.Property(Current.Humidity)</info>
					<textcolor>white</textcolor>
					<shadowcolor>black</shadowcolor>
				</control>
				<control type="label">
					<description>current UV Index Value</description>
					<posx>395</posx>
					<posy>85</posy>
					<width>300</width>
					<height>35</height>
					<font>font11</font>
					<align>left</align>
					<aligny>center</aligny>
					<info>Window.Property(Current.UVIndex)</info>
					<textcolor>white</textcolor>
					<shadowcolor>black</shadowcolor>
				</control>
				<control type="label">
					<description>current Wind Value</description>
					<posx>395</posx>
					<posy>100</posy>
					<width>300</width>
					<height>35</height>
					<font>font11</font>
					<align>left</align>
					<aligny>center</aligny>
					<info>Window.Property(Current.Wind)</info>
					<textcolor>white</textcolor>
					<shadowcolor>black</shadowcolor>
				</control>
			</control>	

 					<control type="image">
						<posx>60</posx>
						<posy>137</posy>
						<width>500</width>
						<height>4</height>
						<texture>separator.png</texture>
					</control>



       <!-- 7 DAY FORECAST -->
				
				<control type="group">
					<description>day 1</description>
					<posx>20</posx>
					<posy>315</posy>
					
					<control type="label">
						<description>Day label</description>
						<posx>220</posx>
						<posy>3</posy>
						<width>400</width>
						<height>35</height>
						<font>font11_title</font>
						<label>[COLOR white]$INFO[Window.Property(Day1.Title)][/COLOR] - $INFO[Window.Property(Day1.Outlook)]</label>
						<align>left</align>
						<aligny>center</aligny>
						<textcolor>gray</textcolor>
						<shadowcolor>black</shadowcolor>
					</control>
					<control type="image">
						<description>day icon</description>
						<posx>30</posx>
						<posy>8</posy>
						<height>50</height>
						<width>50</width>
						<info>Window.Property(Day1.OutlookIcon)</info>
						<aspectratio align="right">keep</aspectratio>
					</control>
          <control type="label">
						<description>high value</description>
						<posx>110</posx>
						<posy>20</posy>
						<height>20</height>
						<label>$INFO[Window.Property(Day1.HighTemp)]$INFO[System.TemperatureUnits]</label>
						<font>font30_title</font>
						<align>left</align>
						<aligny>center</aligny>
						<textcolor>white</textcolor>
						<shadowcolor>black</shadowcolor>
						<visible>!IsEmpty(Window.Property(Day1.HighTemp))</visible>
					</control>
					<control type="label">
						<description>low label</description>
						<posx>220</posx>
						<posy>30</posy>
						<height>20</height>
						<font>font11</font>
						<align>left</align>
						<aligny>center</aligny>
						<label>$LOCALIZE[418] :</label>
						<textcolor>grey2</textcolor>
						<shadowcolor>black</shadowcolor>
						<visible>Weather.IsFetched</visible>
					</control>
					<control type="label">
						<description>low value</description>
						<posx>290</posx>
						<posy>30</posy>
						<height>20</height>
						<label>[COLOR orange]$INFO[Window.Property(Day1.LowTemp)]$INFO[System.TemperatureUnits][/COLOR][COLOR gray]  (tonight's low)[/COLOR]</label>
						<font>font11</font>
						<align>left</align>
						<aligny>center</aligny>
						<textcolor>white</textcolor>
						<shadowcolor>black</shadowcolor>
						<visible>!IsEmpty(Window.Property(Day1.LowTemp))</visible>
					</control>
					<control type="image">
						<posx>20</posx>
						<posy>55</posy>
						<width>460</width>
						<height>4</height>
						<texture>separator.png</texture>
					</control>
				</control>

				<control type="group">
					<description>day 2</description>
					<posx>20</posx>
					<posy>370</posy>
					
					<control type="label">
						<description>Day label</description>
						<posx>220</posx>
						<posy>3</posy>
						<width>400</width>
						<height>35</height>
						<font>font11_title</font>
						<label>[COLOR white]$INFO[Window.Property(Day2.Title)][/COLOR] - $INFO[Window.Property(Day2.Outlook)]</label>
						<align>left</align>
						<aligny>center</aligny>
						<textcolor>gray</textcolor>
						<shadowcolor>black</shadowcolor>
					</control>
					<control type="image">
						<description>day icon</description>
						<posx>30</posx>
						<posy>8</posy>
						<height>50</height>
						<width>50</width>
						<info>Window.Property(Day2.OutlookIcon)</info>
						<aspectratio align="right">keep</aspectratio>
					</control>
          <control type="label">
						<description>high value</description>
						<posx>110</posx>
						<posy>20</posy>
						<height>20</height>
						<label>$INFO[Window.Property(Day2.HighTemp)]$INFO[System.TemperatureUnits]</label>
						<font>font30_title</font>
						<align>left</align>
						<aligny>center</aligny>
						<textcolor>white</textcolor>
						<shadowcolor>black</shadowcolor>
						<visible>!IsEmpty(Window.Property(Day2.HighTemp))</visible>
					</control>
					<control type="label">
						<description>low label</description>
						<posx>220</posx>
						<posy>30</posy>
						<height>20</height>
						<font>font11</font>
						<align>left</align>
						<aligny>center</aligny>
						<label>$LOCALIZE[418] :</label>
						<textcolor>grey2</textcolor>
						<shadowcolor>black</shadowcolor>
						<visible>Weather.IsFetched</visible>
					</control>
					<control type="label">
						<description>low value</description>
						<posx>290</posx>
						<posy>30</posy>
						<height>20</height>
						<label>$INFO[Window.Property(Day2.LowTemp)]$INFO[System.TemperatureUnits]</label>
						<font>font11</font>
						<align>left</align>
						<aligny>center</aligny>
						<textcolor>white</textcolor>
						<shadowcolor>black</shadowcolor>
						<visible>!IsEmpty(Window.Property(Day2.LowTemp))</visible>
					</control>
					<control type="image">
						<posx>20</posx>
						<posy>55</posy>
						<width>460</width>
						<height>4</height>
						<texture>separator.png</texture>
					</control>
				</control>

				<control type="group">
					<description>day 3</description>
					<posx>20</posx>
					<posy>425</posy>
					
					<control type="label">
						<description>Day label</description>
						<posx>220</posx>
						<posy>3</posy>
						<width>400</width>
						<height>35</height>
						<font>font11_title</font>
						<label>[COLOR white]$INFO[Window.Property(Day3.Title)][/COLOR] - $INFO[Window.Property(Day3.Outlook)]</label>
						<align>left</align>
						<aligny>center</aligny>
						<textcolor>gray</textcolor>
						<shadowcolor>black</shadowcolor>
					</control>
					<control type="image">
						<description>day icon</description>
						<posx>30</posx>
						<posy>8</posy>
						<height>50</height>
						<width>50</width>
						<info>Window.Property(Day3.OutlookIcon)</info>
						<aspectratio align="right">keep</aspectratio>
					</control>
          <control type="label">
						<description>high value</description>
						<posx>110</posx>
						<posy>20</posy>
						<height>20</height>
						<label>$INFO[Window.Property(Day3.HighTemp)]$INFO[System.TemperatureUnits]</label>
						<font>font30_title</font>
						<align>left</align>
						<aligny>center</aligny>
						<textcolor>white</textcolor>
						<shadowcolor>black</shadowcolor>
						<visible>!IsEmpty(Window.Property(Day3.HighTemp))</visible>
					</control>
					<control type="label">
						<description>low label</description>
						<posx>220</posx>
						<posy>30</posy>
						<height>20</height>
						<font>font11</font>
						<align>left</align>
						<aligny>center</aligny>
						<label>$LOCALIZE[418] :</label>
						<textcolor>grey2</textcolor>
						<shadowcolor>black</shadowcolor>
						<visible>Weather.IsFetched</visible>
					</control>
					<control type="label">
						<description>low value</description>
						<posx>290</posx>
						<posy>30</posy>
						<height>20</height>
						<label>$INFO[Window.Property(Day3.LowTemp)]$INFO[System.TemperatureUnits]</label>
						<font>font11</font>
						<align>left</align>
						<aligny>center</aligny>
						<textcolor>white</textcolor>
						<shadowcolor>black</shadowcolor>
						<visible>!IsEmpty(Window.Property(Day3.LowTemp))</visible>
					</control>
					<control type="image">
						<posx>20</posx>
						<posy>55</posy>
						<width>460</width>
						<height>4</height>
						<texture>separator.png</texture>
					</control>
				</control>
				

				<control type="group">
					<description>day 4</description>
					<posx>20</posx>
					<posy>480</posy>
					
					<control type="label">
						<description>Day label</description>
						<posx>220</posx>
						<posy>3</posy>
						<width>400</width>
						<height>35</height>
						<font>font11_title</font>
						<label>[COLOR white]$INFO[Window.Property(Day4.Title)][/COLOR] - $INFO[Window.Property(Day4.Outlook)]</label>
						<align>left</align>
						<aligny>center</aligny>
						<textcolor>gray</textcolor>
						<shadowcolor>black</shadowcolor>
					</control>
					<control type="image">
						<description>day icon</description>
						<posx>30</posx>
						<posy>8</posy>
						<height>50</height>
						<width>50</width>
						<texture>$INFO[Window.Property(Day4.OutlookIcon)]</texture>
						<aspectratio align="right">keep</aspectratio>
					</control>
          <control type="label">
						<description>high value</description>
						<posx>110</posx>
						<posy>20</posy>
						<height>20</height>
						<label>$INFO[Window.Property(Day4.HighTemp)]$INFO[System.TemperatureUnits]</label>
						<font>font30_title</font>
						<align>left</align>
						<aligny>center</aligny>
						<textcolor>white</textcolor>
						<shadowcolor>black</shadowcolor>
						<visible>!IsEmpty(Window.Property(Day4.HighTemp))</visible>
					</control>
					<control type="label">
						<description>low label</description>
						<posx>220</posx>
						<posy>30</posy>
						<height>20</height>
						<font>font11</font>
						<align>left</align>
						<aligny>center</aligny>
						<label>$LOCALIZE[418] :</label>
						<textcolor>grey2</textcolor>
						<shadowcolor>black</shadowcolor>
						<visible>Weather.IsFetched</visible>
					</control>
					<control type="label">
						<description>low value</description>
						<posx>290</posx>
						<posy>30</posy>
						<height>20</height>
						<label>$INFO[Window.Property(Day4.LowTemp)]$INFO[System.TemperatureUnits]</label>
						<font>font11</font>
						<align>left</align>
						<aligny>center</aligny>
						<textcolor>white</textcolor>
						<shadowcolor>black</shadowcolor>
						<visible>!IsEmpty(Window.Property(Day4.LowTemp))</visible>
					</control>
					<control type="image">
						<posx>20</posx>
						<posy>55</posy>
						<width>460</width>
						<height>4</height>
						<texture>separator.png</texture>
					</control>
				</control>


				<control type="group">
					<description>day 5</description>
					<posx>20</posx>
					<posy>535</posy>
					
					<control type="label">
						<description>Day label</description>
						<posx>220</posx>
						<posy>3</posy>
						<width>400</width>
						<height>35</height>
						<font>font11_title</font>
						<label>[COLOR white]$INFO[Window.Property(Day5.Title)][/COLOR] - $INFO[Window.Property(Day5.Outlook)]</label>
						<align>left</align>
						<aligny>center</aligny>
						<textcolor>gray</textcolor>
						<shadowcolor>black</shadowcolor>
					</control>
					<control type="image">
						<description>day icon</description>
						<posx>30</posx>
						<posy>8</posy>
						<height>50</height>
						<width>50</width>
						<texture>$INFO[Window.Property(Day5.OutlookIcon)]</texture>
						<aspectratio align="right">keep</aspectratio>
					</control>
          <control type="label">
						<description>high value</description>
						<posx>110</posx>
						<posy>20</posy>
						<height>20</height>
						<label>$INFO[Window.Property(Day5.HighTemp)]$INFO[System.TemperatureUnits]</label>
						<font>font30_title</font>
						<align>left</align>
						<aligny>center</aligny>
						<textcolor>white</textcolor>
						<shadowcolor>black</shadowcolor>
						<visible>!IsEmpty(Window.Property(Day5.HighTemp))</visible>
					</control>
					<control type="label">
						<description>low label</description>
						<posx>220</posx>
						<posy>30</posy>
						<height>20</height>
						<font>font11</font>
						<align>left</align>
						<aligny>center</aligny>
						<label>$LOCALIZE[418] :</label>
						<textcolor>grey2</textcolor>
						<shadowcolor>black</shadowcolor>
						<visible>Weather.IsFetched</visible>
					</control>
					<control type="label">
						<description>low value</description>
						<posx>290</posx>
						<posy>30</posy>
						<height>20</height>
						<label>$INFO[Window.Property(Day5.LowTemp)]$INFO[System.TemperatureUnits]</label>
						<font>font11</font>
						<align>left</align>
						<aligny>center</aligny>
						<textcolor>white</textcolor>
						<shadowcolor>black</shadowcolor>
						<visible>!IsEmpty(Window.Property(Day5.LowTemp))</visible>
					</control>
					<control type="image">
						<posx>20</posx>
						<posy>55</posy>
						<width>460</width>
						<height>4</height>
						<texture>separator.png</texture>
					</control>
				</control>


				<control type="group">
					<description>day 6</description>
					<posx>20</posx>
					<posy>590</posy>
					
					<control type="label">
						<description>Day label</description>
						<posx>220</posx>
						<posy>3</posy>
						<width>400</width>
						<height>35</height>
						<font>font11_title</font>
						<label>[COLOR white]$INFO[Window.Property(Day6.Title)][/COLOR] - $INFO[Window.Property(Day6.Outlook)]</label>
						<align>left</align>
						<aligny>center</aligny>
						<textcolor>gray</textcolor>
						<shadowcolor>black</shadowcolor>
					</control>
					<control type="image">
						<description>day icon</description>
						<posx>30</posx>
						<posy>8</posy>
						<height>50</height>
						<width>50</width>
						<texture>$INFO[Window.Property(Day6.OutlookIcon)]</texture>
						<aspectratio align="right">keep</aspectratio>
					</control>
          <control type="label">
						<description>high value</description>
						<posx>110</posx>
						<posy>20</posy>
						<height>20</height>
						<label>$INFO[Window.Property(Day6.HighTemp)]$INFO[System.TemperatureUnits]</label>
						<font>font30_title</font>
						<align>left</align>
						<aligny>center</aligny>
						<textcolor>white</textcolor>
						<shadowcolor>black</shadowcolor>
						<visible>!IsEmpty(Window.Property(Day6.HighTemp))</visible>
					</control>
					<control type="label">
						<description>low label</description>
						<posx>220</posx>
						<posy>30</posy>
						<height>20</height>
						<font>font11</font>
						<align>left</align>
						<aligny>center</aligny>
						<label>$LOCALIZE[418] :</label>
						<textcolor>grey2</textcolor>
						<shadowcolor>black</shadowcolor>
						<visible>Weather.IsFetched</visible>
					</control>
					<control type="label">
						<description>low value</description>
						<posx>290</posx>
						<posy>30</posy>
						<height>20</height>
						<label>$INFO[Window.Property(Day6.LowTemp)]$INFO[System.TemperatureUnits]</label>
						<font>font11</font>
						<align>left</align>
						<aligny>center</aligny>
						<textcolor>white</textcolor>
						<shadowcolor>black</shadowcolor>
						<visible>!IsEmpty(Window.Property(Day6.LowTemp))</visible>
					</control>
					<control type="image">
						<posx>20</posx>
						<posy>55</posy>
						<width>460</width>
						<height>4</height>
						<texture>separator.png</texture>
					</control>
				</control>

  
  		</control>
			
			
      

			
			
			
			<control type="group">
				<visible>StringCompare(Weather.Plugin,weather.weatherplus)</visible>
				<posx>580</posx>
				<posy>40</posy>
				<control type="image">
					<posx>0</posx>
					<posy>0</posy>
					<width>650</width>
					<height>670</height>
					<texture border="20">ContentPanel.png</texture>
				</control>
				<control type="image">
					<posx>0</posx>
					<posy>662</posy>
					<width>650</width>
					<height>64</height>
					<texture border="10">ContentPanelMirror.png</texture>
				</control>
				<control type="image">
					<posx>20</posx>
					<posy>5</posy>
					<width>610</width>
					<height>90</height>
					<aspectratio>stretch</aspectratio>
					<texture>GlassTitleBar.png</texture>
				</control>
				<control type="group" id="50">
					<include condition="StringCompare(Weather.Plugin,weather.weatherplus)">Weather+10DayForcast</include>
					<include condition="StringCompare(Weather.Plugin,weather.weatherplus)">Weather+36HourForcast</include>
					<include condition="StringCompare(Weather.Plugin,weather.weatherplus)">Weather+WeekendForcast</include>
					<include condition="StringCompare(Weather.Plugin,weather.weatherplus)">Weather+HourlyForcast</include>
					<include condition="StringCompare(Weather.Plugin,weather.weatherplus)">Weather+MapsVideo</include>
				</control>
			</control>
		</control>
		<include>CommonNowPlaying</include>
		<control type="group">
			<posx>-250</posx>
			<include>SideBladeLeft</include>
			<control type="grouplist" id="9000">
				<posx>0</posx>
				<posy>110</posy>
				<width>250</width>
				<height>610</height>
				<onleft>9000</onleft>
				<onright>50</onright>
				<onup>9000</onup>
				<ondown>9000</ondown>
				<onback>50</onback>
				<itemgap>0</itemgap>
				<control type="label" id="200">
					<width>250</width>
					<height>35</height>
					<font>font12caps</font>
					<label>31006</label>
					<textcolor>blue</textcolor>
					<align>center</align>
					<aligny>center</aligny>
				</control>
				<control type="group" id="300">
					<width>250</width>
					<height>40</height>
					<control type="spincontrolex" id="3">
						<description>change location button</description>
						<posx>0</posx>
						<posy>0</posy>
						<font>-</font>
						<include>ButtonCommonValues</include>
						<onleft>50</onleft>
						<onright>50</onright>
						<onup>200</onup>
						<ondown>302</ondown>
						<onback>50</onback>
					</control>
					<control type="label" id="301">
						<posx>10</posx>
						<posy>0</posy>
						<width>200</width>
						<height>40</height>
						<font>font13</font>
						<label>31027</label>
						<textcolor>white</textcolor>
						<align>left</align>
						<aligny>center</aligny>
					</control>
				</control>
				<control type="button" id="302">
					<description>10 day forcast button</description>
					<textwidth>235</textwidth>
					<include>ButtonCommonValues</include>
					<label>31904</label>
					<onclick>ClearProperty(Weather.CurrentView)</onclick>
					<visible>StringCompare(Weather.Plugin,weather.weatherplus)</visible>
				</control>
				<control type="button" id="303">
					<description>36 hour forcast button</description>
					<textwidth>235</textwidth>
					<include>ButtonCommonValues</include>
					<label>31901</label>
					<onclick>SetProperty(Weather.CurrentView,36hour)</onclick>
					<visible>StringCompare(Weather.Plugin,weather.weatherplus)</visible>
				</control>
				<control type="button" id="304">
					<description>Weekend forcast button</description>
					<textwidth>235</textwidth>
					<include>ButtonCommonValues</include>
					<label>31903</label>
					<onclick>SetProperty(Weather.CurrentView,weekend)</onclick>
					<visible>StringCompare(Weather.Plugin,weather.weatherplus)</visible>
				</control>
				<control type="button" id="305">
					<description>Hourly forcast button</description>
					<textwidth>235</textwidth>
					<include>ButtonCommonValues</include>
					<label>31902</label>
					<onclick>SetProperty(Weather.CurrentView,hourly)</onclick>
					<visible>StringCompare(Weather.Plugin,weather.weatherplus)</visible>
				</control>
				<control type="button" id="306">
					<description>Hourly forcast button</description>
					<textwidth>235</textwidth>
					<include>ButtonCommonValues</include>
					<label>31906</label>
					<onclick>SetProperty(Weather.CurrentView,maps)</onclick>
					<visible>StringCompare(Weather.Plugin,weather.weatherplus)</visible>
				</control>
				<control type="label" id="201">
					<width>250</width>
					<height>35</height>
					<font>font12caps</font>
					<label>31026</label>
					<textcolor>blue</textcolor>
					<align>center</align>
					<aligny>center</aligny>
				</control>
				<control type="button" id="4">
					<description>Refresh button</description>
					<textwidth>235</textwidth>
					<include>ButtonCommonValues</include>
					<label>103</label>
				</control>
				<control type="button" id="5">
					<description>Custom Weather Script Button</description>
					<label>$INFO[Skin.String(WeatherScript_Label)]</label>
					<onclick>SetFocus(50)</onclick>
					<onclick>XBMC.RunScript($INFO[Skin.String(WeatherScript_Path)])</onclick>
					<onclick>SetFocus(50)</onclick>
					<textwidth>235</textwidth>
					<include>ButtonCommonValues</include>
					<visible>Skin.HasSetting(WeatherScript_Enable) + !IsEmpty(Skin.String(WeatherScript_Label))</visible>
				</control>
				<control type="button" id="6">
					<description>Settings button</description>
					<label>5</label>
					<onclick>ActivateWindow(MyWeatherSettings)</onclick>
					<textwidth>235</textwidth>
					<include>ButtonCommonValues</include>
				</control>
				<control type="button" id="7">
					<description>ABC video button</description>
					<label>ABC Weather in 90 secs</label>
						<onclick>PlayMedia($INFO[Window.Property(Video.1)],noresume)</onclick>
						<visible>!IsEmpty(Window.Property(Video.1))</visible>
					<textwidth>235</textwidth>
					<include>ButtonCommonValues</include>
				</control>
				<control type="radiobutton" id="250">
					<description>Fanart Toggle</description>
					<include>ButtonCommonValues</include>
					<label>31307</label>
					<onclick>Skin.ToggleSetting(ShowWeatherFanart)</onclick>
					<selected>!Skin.HasSetting(ShowWeatherFanart)</selected>
				</control>
				<control type="button" id="251">
					<include>ButtonCommonValues</include>
					<label>31317</label>
					<onclick>Skin.SetPath(WeatherFanartDir)</onclick>
					<enable>Skin.HasSetting(ShowWeatherFanart)</enable>
				</control>
				<include>CommonNowPlaying_Controls</include>
			</control>
		</control>
		<control type="button" id="50">
			<description>Fake Button to fix Side Menu Navigation</description>
			<onleft>3</onleft>
			<onright>3</onright>
			<onup>3</onup>
			<ondown>3</ondown>
			<visible allowhiddenfocus="true">false</visible>
		</control>
		<control type="group">
			<posx>40</posx>
			<posy>0</posy>
			<animation effect="slide" end="-310,0" time="400" tween="quadratic" easing="out">WindowClose</animation>
			<animation effect="slide" start="-310,0" time="400" tween="quadratic" easing="out">WindowOpen</animation>
			<control type="image">
				<posx>0</posx>
				<posy>0</posy>
				<width>250</width>
				<height>35</height>
				<texture border="0,0,32,0">header.png</texture>
			</control>
			<control type="label">
				<include>WindowTitleCommons</include>
				<posx>220</posx>
				<label>$LOCALIZE[8]</label>
			</control>
		</control>
		<include>WindowTitleHomeButton</include>
		<include>Clock</include>
	</controls>
</window>
