<includes>

    <include name="FontHuge">
        <font>font_MainMenu</font>
    </include>
    <include name="FontBig">
        <font>font30_title</font>
    </include>
    <include name="FontHeader">
        <font>font12_title</font>
    </include>
    <include name="FontBody">
        <font>font10</font>
    </include>

    <constant name="RadarSquare" condition="$PARAM[test]">40%</constant>
    <constant name="RadarLegend">48%</constant>

    <constant name="MasterXOffset">0%</constant>
    <constant name="MasterYOffset">0%</constant>
    <constant name="WeatherInfoLineHeight">30%</constant>

    <include name="ConfluenceLeftPanelContainer">
        <control type="image">
            <description>Confluence Only Left Panel</description>
            <visible>String.IsEqual(Window(weather).Property(SkinInUse),"Confluence")</visible>
            <posx>0</posx>
            <posy>0</posy>
            <width>825</width>
            <height>1005</height>
            <texture border="30">ContentPanel.png</texture>
        </control>
    </include>

    <include name="ConfluenceRightPanelContainer">
        <control type="image">
            <description>Confluence Only Right Panel</description>
            <visible>String.IsEqual(Window(weather).Property(SkinInUse),"Confluence")</visible>
            <posx>0</posx>
            <posy>0</posy>
            <width>1020</width>
            <height>1005</height>
            <texture border="30">ContentPanel.png</texture>
        </control>
    </include>

    <include name="ConfluenceBladeMenu">
         <!--  BLADE MENU ETC -->
        <control type="group">
            <visible>String.IsEqual(Window(weather).Property(SkinInUse),"Confluence")</visible>
            <posx>-375</posx>
            <include>SideBladeLeft</include>
            <control type="grouplist" id="9000">
                <posx>0</posx>
                <posy>165</posy>
                <width>375</width>
                <height>915</height>
                <onleft>111</onleft>
                <onright>111</onright>
                <onup>111</onup>
                <ondown>111</ondown>
                <onback>111</onback>
                <itemgap>30</itemgap>
                <control type="group" id="300">
                    <width>250</width>
                    <height>80</height>
                    <control type="label" id="301">
                        <posx>10</posx>
                        <posy>0</posy>
                        <width>200</width>
                        <height>40</height>
                        <font>font13</font>
                        <label>31027</label>
                        <textcolor>white</textcolor>
                        <align>left</align>
                        <aligny>center</aligny>
                    </control>
                    <control type="spincontrolex" id="3">
                        <description>change location button</description>
                        <posx>0</posx>
                        <posy>50</posy>
                        <font>-</font>
                        <include>ButtonCommonValues</include>
                        <onleft>222</onleft>
                        <onright>222</onright>
                        <onup>999</onup>
                        <ondown>999</ondown>
                        <onback>111</onback>
                    </control>
                </control>
                <control type="button" id="999">
                    <description>Settings button</description>
                    <label>Weather Settings</label>
                    <onclick>ActivateWindow(servicesettings,weather)</onclick>
                    <textwidth>353</textwidth>
                    <include>ButtonCommonValues</include>
                    <onup>3</onup>
                    <ondown>3</ondown>
                    <onback>111</onback>
                </control>
                <include>CommonNowPlaying_Controls</include>
            </control>
        </control>
    </include>
    
</includes>
