<?xml version="1.0" encoding="UTF-8"?>
<window id="1103" type="dialog">
	<onunload>ActivateWindow(videoosd)</onunload>
	<depth>DepthDialog+</depth>
	<defaultcontrol>11</defaultcontrol>
	<animation effect="fade" start="0" end="100" time="150">WindowOpen</animation>
	<animation effect="fade" start="100" end="0" time="150">WindowClose</animation>m
	<controls>
		<control type="group">
			<left>20</left>
			<top>-9</top>
			<control type="image">
				<left>0</left>
				<top>0</top>
				<width>240</width>
				<height>105</height>
				<colordiffuse>EEFFFFFF</colordiffuse>
				<texture border="12">OverlayDialogBackground.png</texture>
			</control>
			<control type="label">
				<description>Play speed header label</description>
				<left>20</left>
				<top>15</top>
				<width>200</width>
				<height>30</height>
				<align>left</align>
				<aligny>center</aligny>
				<font>font12_title</font>
				<textcolor>blue</textcolor>
				<scroll>true</scroll>
				<label>31022</label>
			</control>
			<control type="label">
				<description>Play speed label</description>
				<left>20</left>
				<top>50</top>
				<width>80</width>
				<height>35</height>
				<align>left</align>
				<aligny>center</aligny>
				<font>font13_title</font>
				<textcolor>grey2</textcolor>
				<label>$INFO[Player.playspeed]</label>
			</control>
			<control type="button" id="11">
				<left>120</left>
				<top>50</top>
				<width>50</width>
				<height>35</height>
				<onleft>12</onleft>
				<onright>12</onright>
				<texturefocus>scroll-down-focus-2.png</texturefocus>
				<texturenofocus>scroll-down-2.png</texturenofocus>
				<onclick>PlayerControl(TempoDown)</onclick>
			</control>
			<control type="button" id="12">
				<left>170</left>
				<top>50</top>
				<width>50</width>
				<height>35</height>
				<onleft>11</onleft>
				<onright>11</onright>
				<texturefocus>scroll-up-focus-2.png</texturefocus>
				<texturenofocus>scroll-up-2.png</texturenofocus>
				<onclick>PlayerControl(TempoUp)</onclick>
			</control>
		</control>
	</controls>
</window>
