<?xml version="1.0" encoding="UTF-8" standalone="yes"?>
<addon id="script.kodi.yoctodisplay" name="Kodi YoctoDisplay" version="0.2.7" provider-name="bossanova808">
    <requires>
        <import addon="xbmc.python" version="3.0.0"/>
        <import addon="script.module.bossanova808" version="1.0.0"/>
    </requires>
    <extension point="xbmc.service" library="default.py" />
    <extension point="xbmc.python.script" library="default.py">
        <provides>executable</provides>
    </extension>
    <extension point="xbmc.addon.metadata">
        <summary lang="en_GB">Kodi YoctoDisplay</summary>
        <description lang="en_GB">
            Display current time, current temperature and media playing time remaining on a YoctoMaxiDisplay screen.
        </description>
        <platform>all</platform>
        <license>GPL-3.0-only</license>
        <website>https://github.com/bossanova808/script.kodi.yoctodisplay/</website>
        <source>https://github.com/bossanova808/script.kodi.yoctodisplay/</source>
        <forum />
        <email />
        <news>v0.2.7
- Fail gracefully if can't connect to a YoctoDisplay
- Update Yocto libs
        </news>
        <assets>
            <icon>resources/icon.png</icon>
        </assets>        
    </extension>
</addon>
