<includes>

    <include name="FontHuge">
        <font>font35_title</font>
    </include>
    <include name="FontBig">
        <font>font30_title</font>
    </include>
    <include name="FontHeader">
        <font>font20_title</font>
    </include>
    <include name="FontBody">
        <font>font20</font>
    </include>

    <constant name="RadarSquare">40%</constant>
    <constant name="RadarLegend">48%</constant>

    <constant name="MasterXOffset">0</constant>
    <constant name="MasterYOffset">-7%</constant>
    <constant name="WeatherInfoLineHeight">25%</constant>


</includes>
