<?xml version="1.0" encoding="UTF-8"?>
<addon id="skin.confluence.bossanova808.matrix" version="4.7.611" name="Confluence Bossanova808 Matrix" provider-name="Jezz_X, Team Kodi, Bossanova808">
	<requires>
		<import addon="xbmc.gui" version="5.15.0"/>
	</requires>
	<extension point="xbmc.gui.skin" debugging="false" effectslowdown="1.0">
		<res width="1280" height="720" aspect="16:9" default="true" folder="720p" />
	</extension>
	<extension point="xbmc.addon.metadata">
		<summary lang="en_GB">Confluence skin by Jezz_X.</summary>
		<description lang="en_GB">Confluence is a combination of concepts from many popular skins, and attempts to embrace and integrate their good ideas into a skin that should be easy for first time Kodi users to understand and use.</description>
		<platform>all</platform>
		<license>GNU General Public License version 2</license>
		<forum>https://forum.kodi.tv/forumdisplay.php?fid=125</forum>
		<source>https://github.com/xbmc/skin.confluence</source>
		<assets>
			<icon>resources/icon.png</icon>
			<fanart>resources/fanart.jpg</fanart>
			<screenshot>resources/screenshot-01.jpg</screenshot>
			<screenshot>resources/screenshot-02.jpg</screenshot>
			<screenshot>resources/screenshot-03.jpg</screenshot>
			<screenshot>resources/screenshot-04.jpg</screenshot>
			<screenshot>resources/screenshot-05.jpg</screenshot>
			<screenshot>resources/screenshot-06.jpg</screenshot>
			<screenshot>resources/screenshot-07.jpg</screenshot>
			<screenshot>resources/screenshot-08.jpg</screenshot>
			<screenshot>resources/screenshot-09.jpg</screenshot>
		</assets>
		<news>- OzWeather V2.0.1 Support, add tempo change PR
		</news>
	</extension>
</addon>
