<?xml version="1.0" encoding="UTF-8"?>
<window>
	<defaultcontrol>1</defaultcontrol>
	<visible>Player.Seeking | Player.DisplayAfterSeek | Player.Paused | Player.Forwarding | Player.Rewinding</visible>
	<animation effect="fade" start="0" end="100" time="150">WindowOpen</animation>
	<animation effect="fade" start="100" end="0" time="150">WindowClose</animation>
	<depth>DepthOSD</depth>
	<controls>


	<!--  BOSSANOVA808 CLEARART MOD  -->
	<!--  SHOWS CLEARART BY DEFAULT, OTHERWISE FALLS BACK TO LOGO or BORING THUMB -->

<!-- 	   	<control type="group" id="10121">

	      	<visible>[Player.Paused]</visible>
   		   	<visible>VideoPlayer.Content(Movies)</visible>
			<visible>!Skin.HasSetting(HideSeekBarOSD) | Window.IsActive(VideoOSD) | Player.ShowInfo</visible>

			<control type="image" id="1">
				<description>clearart image</description>
				<posx>10</posx>
				<posy>260r</posy>
				<width>300</width>
				<height>230</height>
				<texture>$INFO[Player.Art(clearart)]</texture>
				<aspectratio aligny="bottom">keep</aspectratio>
				<visible>!IsEmpty(Player.Art(clearart))</visible>
			</control>
			<control type="image" id="1">
				<description>logo image</description>
				<posx>10</posx>
				<posy>260r</posy>
				<width>300</width>
				<height>230</height>
				<texture>$INFO[Player.Art(clearlogo)]</texture>
				<aspectratio aligny="bottom">keep</aspectratio>
				<visible>!IsEmpty(Player.Art(clearlogo)) + IsEmpty(Player.Art(clearart))</visible>
			</control>
			<control type="image" id="1">
				<description>Movie cover image</description>
				<posx>20</posx>
				<posy>350r</posy>
				<width>300</width>
				<height>330</height>
				<texture fallback="DefaultVideoCover.png">$INFO[Player.Art(thumb)]</texture>
				<aspectratio aligny="bottom">keep</aspectratio>
				<bordertexture border="8">ThumbShadow.png</bordertexture>
				<bordersize>8</bordersize>
				<visible>[IsEmpty(Player.Art(clearart)) + IsEmpty(Player.Art(clearlogo))] | [IsEmpty(Player.Art(clearlogo))] </visible>
			</control>
		</control>
 -->
		<control type="group" id="10122">

	      	<visible>[Player.Paused]</visible>
			<visible>VideoPlayer.Content(Episodes)</visible>
			<visible>!Skin.HasSetting(HideSeekBarOSD) | Window.IsActive(VideoOSD) | Player.ShowInfo</visible>

			<control type="image" id="1">
				<description>clearart image</description>
				<posx>10</posx>
				<posy>260r</posy>
				<width>300</width>
				<height>230</height>
				<texture>$INFO[Player.Art(tvshow.clearart)]</texture>
				<aspectratio aligny="bottom">keep</aspectratio>
				<visible>!IsEmpty(Player.Art(tvshow.clearart))</visible>
			</control>
			<control type="image" id="1">
				<description>logo image</description>
				<posx>10</posx>
				<posy>260r</posy>
				<width>300</width>
				<height>230</height>
				<texture>$INFO[Player.Art(tvshow.clearlogo)]</texture>
				<aspectratio aligny="bottom">keep</aspectratio>
				<visible>!IsEmpty(Player.Art(tvshow.clearlogo)) + IsEmpty(Player.Art(tvshow.clearart))</visible>
			</control>
		</control>



  <!-- BOSSANOVA808 - OzWeather Radar and Short Forecast -->

	   <control type="group" id="10125">
  			<posx>25</posx>
  			<posy>25</posy>

  			<!-- Only show weather if it is available - using a predicted high of zero since this never happens where I live, but it's dodgy -->
  			<!-- Should use Weather.IsFetched but for some reason it doesn't work as expected -->
			<!-- <visible>!Weather.IsFetched</visible> -->
	      	<visible>[!StringCompare(Window(2600).Property(Day0.HighTemp),"0") + !StringCompare(Window(2600).Property(Day0.HighTemp),"")]</visible>

 			<control type="image" id="19547">
  				<description>media info background image</description>
  				<posx>25</posx>
  				<posy>25</posy>
  				<width>100</width>
  				<height>185</height>
  				<texture>black-back.png</texture>
  			</control>
 			<control type="label" id="19547">
					<description>currently label</description>
					<posx>35</posx>
					<posy>-40</posy>
					<width>460</width>
					<height>160</height>
					<label>Currently</label>
					<font>font12</font>
					<align>left</align>
					<scroll>true</scroll>
					<aligny>center</aligny>
					<textcolor>grey</textcolor>
					<shadowcolor>black</shadowcolor>
			</control>
  			<control type="label" id="19547">
					<description>current temp Value</description>
					<posx>90</posx>
					<posy>42</posy>
					<width>180</width>
					<height>40</height>
					<font>font35_title</font>
					<align>right</align>
					<aligny>top</aligny>
					<label>$INFO[Window(2600).Property(Current.Temperature)]</label>
					<textcolor>white</textcolor>
					<shadowcolor>black</shadowcolor>
			</control>
			<control type="label" id="19547">
					<description>current temp Value Units</description>
					<posx>90</posx>
					<posy>50</posy>
					<width>100</width>
					<height>40</height>
					<font>font12caps</font>
					<align>left</align>
					<aligny>top</aligny>
					<label>$INFO[System.TemperatureUnits]</label>
					<textcolor>white</textcolor>
					<shadowcolor>black</shadowcolor>
				</control>
 				<control type="label" id="19547">
					<description>predicted high label</description>
					<posx>35</posx>
					<posy>35</posy>
					<width>460</width>
					<height>160</height>
					<label>Predicted[CR]High: [COLOR white]$INFO[Window(2600).Property(Day0.HighTemp)] $INFO[System.TemperatureUnits][/COLOR]</label>
					<font>font10</font>
					<align>left</align>
					<scroll>true</scroll>
					<aligny>center</aligny>
					<textcolor>gray</textcolor>
					<shadowcolor>black</shadowcolor>
				</control>
        <control type="label" id="19547">
					<description>low label</description>
					<posx>35</posx>
					<posy>70</posy>
					<width>460</width>
					<height>160</height>
					<label>Overnight[CR]Low:  [COLOR white]$INFO[Window(2600).Property(Day1.LowTemp)] $INFO[System.TemperatureUnits][/COLOR]</label>
					<font>font10</font>
					<align>left</align>
					<scroll>true</scroll>
					<aligny>center</aligny>
					<textcolor>gray</textcolor>
					<shadowcolor>black</shadowcolor>
				</control>
        <control type="label" id="19547">
 					<description>tomorrow high label</description>
					<posx>35</posx>
					<posy>105</posy>
					<width>460</width>
					<height>160</height>
					<label>Tomorrow[CR]High: [COLOR white]$INFO[Window(2600).Property(Day1.HighTemp)] $INFO[System.TemperatureUnits][/COLOR]</label>
					<font>font10</font>
					<align>left</align>
					<scroll>true</scroll>
					<aligny>center</aligny>
					<textcolor>gray</textcolor>
					<shadowcolor>black</shadowcolor>
				</control>

        <control type="group">
  				<posx>140</posx>
  				<posy>15</posy>

        <control type="image" id="19547">
  				<posx>0</posx>
  				<posy>0</posy>
  				<width>256</width>
  				<height>256</height>
  				<texture>special://home/userdata/addon_data/weather.ozweather/radarbackgrounds/$INFO[Window(2600).Property(Radar)]/background.png</texture>
				  <bordertexture border="8">ThumbShadow.png</bordertexture>
				  <bordersize>8</bordersize>
  			</control>
  			<control type="image" id="19547">
  				<posx>0</posx>
  				<posy>0</posy>
  				<width>256</width>
  				<height>256</height>
  				<texture>special://home/userdata/addon_data/weather.ozweather/radarbackgrounds/$INFO[Window(2600).Property(Radar)]/topography.png</texture>
				  <bordertexture border="8">ThumbShadow.png</bordertexture>
				  <bordersize>8</bordersize>
 			</control>
  			<control type="image" id="19547">
  				<posx>0</posx>
  				<posy>0</posy>
  				<width>256</width>
  				<height>256</height>
  				<texture>special://home/userdata/addon_data/weather.ozweather/radarbackgrounds/$INFO[Window(2600).Property(Radar)]/locations.png</texture>
				  <bordertexture border="8">ThumbShadow.png</bordertexture>
				  <bordersize>8</bordersize>
  			</control>
  			<control type="image" id="19547">
  				<posx>0</posx>
  				<posy>0</posy>
  				<width>256</width>
  				<height>256</height>
  				<texture>special://home/userdata/addon_data/weather.ozweather/radarbackgrounds/$INFO[Window(2600).Property(Radar)]/range.png</texture>
				  <bordertexture border="8">ThumbShadow.png</bordertexture>
				  <bordersize>8</bordersize>
 			</control>
  			<control type="multiimage" id="19547">
  				<description>maps multiimage</description>
  				<posx>8</posx>
  				<posy>8</posy>
  				<width>240</width>
  				<height>240</height>
  				<imagepath>special://home/userdata/addon_data/weather.ozweather/currentloop/$INFO[Window(2600).Property(Radar)]/</imagepath>
  				<timeperimage>500</timeperimage>
  				<pauseatend>1000</pauseatend>
  				<fadetime>0</fadetime>
  				<randomize>false</randomize>
  				<loop>yes</loop>
				  <bordertexture border="8">ThumbShadow.png</bordertexture>
				  <bordersize>8</bordersize>
  			</control>
      </control>

    </control>

	  <!-- BOSSANOVA808 Section -->



		<control type="group">
			<visible>player.chaptercount + Window.IsVisible(FullScreenVideo)</visible>
			<left>705r</left>
			<top>-6</top>
			<include>VisibleFadeEffect</include>
			<control type="image">
				<left>0</left>
				<top>0</top>
				<width>150</width>
				<height>70</height>
				<colordiffuse>EEFFFFFF</colordiffuse>
				<texture border="12">OverlayDialogBackground.png</texture>
			</control>
			<control type="label" id="1">
				<description>Chapter Pos No</description>
				<left>20</left>
				<top>10</top>
				<width>110</width>
				<height>20</height>
				<align>center</align>
				<aligny>center</aligny>
				<font>font12_title</font>
				<textcolor>blue</textcolor>
				<label>$LOCALIZE[21396]</label>
				<visible>player.chaptercount</visible>
			</control>
			<control type="label" id="1">
				<description>Chapter Pos No</description>
				<left>20</left>
				<top>30</top>
				<width>110</width>
				<height>20</height>
				<align>center</align>
				<aligny>center</aligny>
				<font>font13_title</font>
				<textcolor>grey2</textcolor>
				<label>$INFO[player.chapter]$INFO[player.chaptercount, / ]</label>
				<visible>player.chaptercount</visible>
			</control>
		</control>
		<control type="group">
			<left>560r</left>
			<top>-6</top>
			<control type="image">
				<left>0</left>
				<top>0</top>
				<width>370</width>
				<height>70</height>
				<colordiffuse>EEFFFFFF</colordiffuse>
				<texture border="12">OverlayDialogBackground.png</texture>
			</control>
			<control type="group">
				<left>260</left>
				<top>10</top>
				<control type="image">
					<left>10</left>
					<top>0</top>
					<width>80</width>
					<height>50</height>
					<texture>OSDSeekFrame.png</texture>
				</control>
				<control type="image">
					<left>0</left>
					<top>3</top>
					<width>20</width>
					<height>44</height>
					<texture>OSDSeekRewind.png</texture>
					<visible>Player.Rewinding</visible>
				</control>
				<control type="image">
					<left>80</left>
					<top>3</top>
					<width>20</width>
					<height>44</height>
					<texture>OSDSeekForward.png</texture>
					<visible>Player.Forwarding</visible>
				</control>
				<control type="image">
					<left>31</left>
					<top>4</top>
					<width>40</width>
					<height>40</height>
					<texture>OSDPause.png</texture>
					<visible>Player.Paused</visible>
				</control>
				<control type="image">
					<left>31</left>
					<top>4</top>
					<width>40</width>
					<height>40</height>
					<texture>OSDPlay.png</texture>
					<visible>Player.Playing</visible>
				</control>

				<control type="image">
					<left>28</left>
					<top>4</top>
					<width>40</width>
					<height>40</height>
					<texture>OSD2x.png</texture>
					<visible>Player.Rewinding2x</visible>
				</control>
				<control type="image">
					<left>25</left>
					<top>4</top>
					<width>40</width>
					<height>40</height>
					<texture>OSD4x.png</texture>
					<visible>Player.Rewinding4x</visible>
				</control>
				<control type="image">
					<left>22</left>
					<top>4</top>
					<width>40</width>
					<height>40</height>
					<texture>OSD8x.png</texture>
					<visible>Player.Rewinding8x</visible>
				</control>
				<control type="image">
					<left>19</left>
					<top>4</top>
					<width>40</width>
					<height>40</height>
					<texture>OSD16x.png</texture>
					<visible>Player.Rewinding16x</visible>
				</control>
				<control type="image">
					<left>17</left>
					<top>4</top>
					<width>40</width>
					<height>40</height>
					<texture>OSD32x.png</texture>
					<visible>Player.Rewinding32x</visible>
				</control>

				<control type="image">
					<left>34</left>
					<top>4</top>
					<width>40</width>
					<height>40</height>
					<texture>OSD2x.png</texture>
					<visible>Player.Forwarding2x</visible>
				</control>
				<control type="image">
					<left>37</left>
					<top>4</top>
					<width>40</width>
					<height>40</height>
					<texture>OSD4x.png</texture>
					<visible>Player.Forwarding4x</visible>
				</control>
				<control type="image">
					<left>40</left>
					<top>4</top>
					<width>40</width>
					<height>40</height>
					<texture>OSD8x.png</texture>
					<visible>Player.Forwarding8x</visible>
				</control>
				<control type="image">
					<left>43</left>
					<top>4</top>
					<width>40</width>
					<height>40</height>
					<texture>OSD16x.png</texture>
					<visible>Player.Forwarding16x</visible>
				</control>
				<control type="image">
					<left>45</left>
					<top>4</top>
					<width>40</width>
					<height>40</height>
					<texture>OSD32x.png</texture>
					<visible>Player.Forwarding32x</visible>
				</control>
			</control>
			<control type="label">
				<description>Seekbar Label</description>
				<left>20</left>
				<top>7</top>
				<width>240</width>
				<height>20</height>
				<align>left</align>
				<aligny>center</aligny>
				<font>font10_title</font>
				<textcolor>blue</textcolor>
				<label>$VAR[SeekLabel]</label>
			</control>
			<control type="label">
				<description>Elapsed Time Label</description>
				<left>20</left>
				<top>23</top>
				<width>240</width>
				<height>20</height>
				<font>font10</font>
				<textcolor>white</textcolor>
				<align>left</align>
				<aligny>center</aligny>
				<label>$INFO[Player.Time] / $INFO[Player.Duration] [-$INFO[Player.TimeRemaining]]</label>
				<visible>!Player.Seeking</visible>
			</control>
			<control type="label">
				<description>Seek Time Label</description>
				<left>20</left>
				<top>23</top>
				<width>240</width>
				<height>20</height>
				<font>font10</font>
				<textcolor>white</textcolor>
				<align>left</align>
				<aligny>center</aligny>
				<label>$INFO[Player.SeekTime] / $INFO[Player.Duration]</label>
				<visible>Player.Seeking</visible>
			</control>
			<control type="progress">
				<description>ProgressbarCache</description>
				<left>20</left>
				<top>45</top>
				<width>240</width>
				<height>15</height>
				<info>Player.ProgressCache</info>
				<midtexture border="6,0,6,0">OSDProgressMidLight.png</midtexture>
				<visible>true</visible>
			</control>
			<control type="progress" id="23">
				<description>Progressbar</description>
				<left>20</left>
				<top>45</top>
				<width>240</width>
				<height>15</height>
				<info>Player.Progress</info>
				<visible>true</visible>
			</control>
			<control type="slider" id="401">
				<description>Seek Slider</description>
				<left>20</left>
				<top>42</top>
				<width>240</width>
				<height>12</height>
				<texturesliderbar>seekslider.png</texturesliderbar>
				<textureslidernib>osd_slider_nib.png</textureslidernib>
				<textureslidernibfocus>osd_slider_nib.png</textureslidernibfocus>
				<visible>Player.Seeking</visible>
			</control>
		</control>
	</controls>
</window>
