	<!-- Aeon MQ 5 -->
	<!-- V1.1 by Uksa007 -->
	<window id="2600">
	<defaultcontrol always="true">51</defaultcontrol>
	<allowoverlay>no</allowoverlay>
	<controls>
	<control type="multiimage">
	<include>WindowBG</include>
	<imagepath background="true">$VAR[value_menutheme_weather]</imagepath>
	</control>

		<control type="image">
			<posx>0</posx>
			<posy>100r</posy>
			<width>1280</width>
			<height>100</height>
			<texture>floor.png</texture>
			<include>VisibleFadeEffect</include>
			<animation effect="slide" start="0,10" end="0,0" time="200" condition="Window.Previous(Home)">WindowOpen</animation>
			<animation effect="slide" start="0,0" end="0,10" time="200" condition="Window.Next(Home)">WindowClose</animation>
		</control>
		<!-- Major Panels -->
		<control type="group">
			<animation type="WindowOpen" reversible="false">
				<effect type="zoom" start="80" end="100" center="640,360" easing="out" tween="back" time="300" />
				<effect type="fade" start="0" end="100" time="300" />
			</animation>
			<animation type="WindowClose" reversible="false">
				<effect type="zoom" start="100" end="80" center="640,360" easing="in" tween="back" time="300" />
				<effect type="fade" start="100" end="0" time="300" />
			</animation>
			<include>VisibleFadeEffect</include>


			<!--  LEFT PANEL GROUP  -->
			<control type="group">
				<animation effect="slide" start="0,0" end="-40,0" time="200" condition="StringCompare(Weather.Plugin,weather.weatherplus)">Conditional</animation>
				<posx>35</posx>
				<posy>40</posy>
				<control type="image">
					<posx>0</posx>
					<posy>0</posy>
					<width>550</width>
					<height>670</height>
					<texture border="20">special://profile/addon_data/weather.ozweather/weatherart/ContentPanel.png</texture>
				</control>



				<control type="image">
					<posx>20</posx>
					<posy>5</posy>
					<width>560</width>
					<height>90</height>
					<aspectratio>stretch</aspectratio>
					<texture>GlassTitleBar.png</texture>
				</control>
				<control type="label">
					<description>header label</description>
					<posx>0</posx>
					<posy>13</posy>
					<width>560</width>
					<height>30</height>
					<font>Font_17</font>
					<label>Radar ($INFO[Window.Property(Radar)]) @ $INFO[Window.Property(Updated)] </label>
					<align>center</align>
					<aligny>center</aligny>
					<textcolor>white</textcolor>
					<shadowcolor>black</shadowcolor>
				</control>
				

				<!-- RADAR BACKGROUND IMAGES -->
				<control type="image">
					<description>background image</description>
					<posx>20</posx>
					<posy>60</posy>
					<width>512</width>
					<height>557</height>
					<texture>special://profile/addon_data/weather.ozweather/radarbackgrounds/$INFO[Window.Property(Radar)]/legend.png</texture>
				</control>

				<control type="image">
					<description>background image</description>
					<posx>20</posx>
					<posy>60</posy>
					<width>512</width>
					<height>512</height>
					<texture>special://profile/addon_data/weather.ozweather/radarbackgrounds/$INFO[Window.Property(Radar)]/background.png</texture>
				</control>

				<control type="image">
					<description>background image</description>
					<posx>20</posx>
					<posy>60</posy>
					<width>512</width>
					<height>512</height>
					<texture>special://profile/addon_data/weather.ozweather/radarbackgrounds/$INFO[Window.Property(Radar)]/topography.png</texture>
				</control>

				<control type="image">
					<description>background image</description>
					<posx>20</posx>
					<posy>60</posy>
					<width>512</width>
					<height>512</height>
					<texture>special://profile/addon_data/weather.ozweather/radarbackgrounds/$INFO[Window.Property(Radar)]/catchments.png</texture>
				</control>

				<control type="image">
					<description>background image</description>
					<posx>20</posx>
					<posy>60</posy>
					<width>512</width>
					<height>512</height>
					<texture>special://profile/addon_data/weather.ozweather/radarbackgrounds/$INFO[Window.Property(Radar)]/range.png</texture>
				</control>

				<control type="image">
					<description>locations image</description>
					<posx>20</posx>
					<posy>60</posy>
					<width>512</width>
					<height>512</height>
					<texture>special://profile/addon_data/weather.ozweather/radarbackgrounds/$INFO[Window.Property(Radar)]/locations.png</texture>
				</control>			

				<!-- RADAR OVERLAY SLIDESHOW -->
				<control type="multiimage">
					<description>maps multiimage</description>
					<posx>20</posx>
					<posy>53</posy>
					<width>512</width>
					<height>512</height>
					<imagepath>special://profile/addon_data/weather.ozweather/currentloop/$INFO[Window.Property(Radar)]/</imagepath>
					<timeperimage>500</timeperimage>
					<pauseatend>1000</pauseatend>
					<fadetime>0</fadetime>
					<randomize>false</randomize>
					<loop>yes</loop>
					<texture border="10">special://profile/addon_data/weather.ozweather/weatherart/ContentPanel.png</texture>
				</control>

				<!-- TEXTBOX BELOW RADAR -->			
				<control type="textbox">
					<description>Refresh Notes</description>
					<posx>10</posx>
					<posy>620</posy>
					<width>540</width>
					<height>40</height>
					<font>Font_15</font>
					<align>center</align>
					<textcolor>gray</textcolor>
					<shadowcolor>black</shadowcolor>
					<label>OzWeather for XBMC ($INFO[Window.Property(WeatherVersion)]) [CR]Data from and (C) Australian Bureau of Meteorology</label>
					<autoscroll time="3000" delay="4000" repeat="5000"></autoscroll>
				</control>
 			</control>
		
			<!-- RIGHT PANEL GROUP  -->		
			<control type="group">
				<visible>!StringCompare(Weather.Plugin,weather.weatherplus)</visible>
				<posx>590</posx>
				<posy>40</posy>
				<control type="image">
					<posx>0</posx>
					<posy>0</posy>
					<width>680</width>
					<height>670</height>
					<texture border="20">special://profile/addon_data/weather.ozweather/weatherart/ContentPanel.png</texture>
				</control>


				<control type="image">
					<posx>80</posx>
					<posy>5</posy>
					<width>525</width>
					<height>90</height>
					<aspectratio>stretch</aspectratio>
					<texture>GlassTitleBar.png</texture>
				</control>
				<control type="label">
					<description>header label</description>
					<posx>80</posx>
					<posy>13</posy>
					<width>510</width>
					<height>30</height>
					<font>Font_17</font>
					<label>Observations &amp; Forecast - $INFO[Window.Property(Location)]</label>
					<align>center</align>
					<textcolor>azure</textcolor>
					<shadowcolor>darkred</shadowcolor>					<shadowcolor>darkred</shadowcolor>
				</control>



		<!-- CURRENT OBSERVATIONS -->
				<control type="group">
					<posx>0</posx>
					<posy>7</posy>       
					<control type="image">
						<description>current weather icon</description>
						<posx>20</posx>
						<posy>48</posy>
						<width>100</width>
						<height>80</height>
						<info>Window.Property(Current.ConditionIcon)</info>
						<aspectratio>keep</aspectratio>
					</control>
					<control type="label">
						<description>current temp Value</description>
						<posx>250</posx>
						<posy>70</posy>
						<width>180</width>
						<height>40</height>
						<font>font_40</font>
						<align>right</align>
						<aligny>top</aligny>
						<label>$INFO[Window.Property(Current.Temperature)]$INFO[System.TemperatureUnits]</label>
						<textcolor>white</textcolor>
						<shadowcolor>black</shadowcolor>
					</control>				
					<control type="label">
						<description>now label</description>
						<posx>125</posx>
						<posy>17</posy>
						<width>460</width>
						<height>160</height>
						<label>Now:</label>
						<wrapmultiline>true</wrapmultiline>
						<font>Font_17</font>
						<align>left</align>
						<scroll>true</scroll>
						<aligny>center</aligny>
						<textcolor>white</textcolor>
						<shadowcolor>black</shadowcolor>
					</control>
					<control type="label">
						<description>current condition label</description>
						<posx>120</posx>
						<posy>-15</posy>
						<width>460</width>
						<height>160</height>
						<info>Window.Property(Current.Condition)</info>
						<wrapmultiline>true</wrapmultiline>
						<font>Font_17</font>
						<align>left</align>
						<scroll>true</scroll>
						<aligny>center</aligny>
						<textcolor>white</textcolor>
						<shadowcolor>black</shadowcolor>
					</control>
					<control type="label">
						<description>current feels like label</description>
						<posx>390</posx>
						<posy>40</posy>
						<width>170</width>
						<height>35</height>
						<font>Font_17</font>
						<align>right</align>
						<aligny>center</aligny>
						<label>$LOCALIZE[402] :</label>
						<textcolor>azure</textcolor>
						<shadowcolor>darkred</shadowcolor>
					</control>
					<control type="label">
						<description>current dew label</description>
						<posx>390</posx>
						<posy>55</posy>
						<width>170</width>
						<height>35</height>
						<font>Font_17</font>
						<align>right</align>
						<aligny>center</aligny>
						<label>$LOCALIZE[405] :</label>
						<textcolor>azure</textcolor>
						<shadowcolor>darkred</shadowcolor>
					</control>
					<control type="label">
						<description>current humidity label</description>
						<posx>390</posx>
						<posy>70</posy>
						<width>170</width>
						<height>35</height>
						<font>Font_17</font>
						<align>right</align>
						<aligny>center</aligny>
						<label>$LOCALIZE[406] :</label>
						<textcolor>azure</textcolor>
						<shadowcolor>darkred</shadowcolor>
					</control>
					<control type="label">
						<description>current UV Index label</description>
						<posx>390</posx>
						<posy>85</posy>
						<width>170</width>
						<height>35</height>
						<font>Font_17</font>
						<align>right</align>
						<aligny>center</aligny>
						<label>UV Max Today :</label>
						<textcolor>azure</textcolor>
						<shadowcolor>darkred</shadowcolor>
					</control>
					<control type="label">
						<description>current Wind label</description>
						<posx>390</posx>
						<posy>100</posy>
						<width>170</width>
						<height>35</height>
						<font>Font_17</font>
						<align>right</align>
						<aligny>center</aligny>
						<label>$LOCALIZE[404] :</label>
						<textcolor>azure</textcolor>
						<shadowcolor>darkred</shadowcolor>
					</control>
					<control type="label">
						<description>current feels like Value</description>
						<posx>395</posx>
						<posy>40</posy>
						<width>300</width>
						<height>35</height>
						<font>Font_17</font>
						<align>left</align>
						<aligny>center</aligny>
						<label>$INFO[Window.Property(Current.FeelsLike)]$INFO[System.TemperatureUnits]</label>
						<textcolor>white</textcolor>
						<shadowcolor>black</shadowcolor>
					</control>
					<control type="label">
						<description>current dew Value</description>
						<posx>395</posx>
						<posy>55</posy>
						<width>300</width>
						<height>35</height>
						<font>Font_17</font>
						<align>left</align>
						<aligny>center</aligny>
						<label>$INFO[Window.Property(Current.DewPoint)]$INFO[System.TemperatureUnits]</label>
						<textcolor>white</textcolor>
						<shadowcolor>black</shadowcolor>
					</control>
					<control type="label">
						<description>current humidity Value</description>
						<posx>395</posx>
						<posy>70</posy>
						<width>300</width>
						<height>35</height>
						<font>Font_17</font>
						<align>left</align>
						<aligny>center</aligny>
						<info>Window.Property(Current.Humidity)</info>
						<textcolor>white</textcolor>
						<shadowcolor>black</shadowcolor>
					</control>
					<control type="label">
						<description>current UV Index Value</description>
						<posx>395</posx>
						<posy>85</posy>
						<width>300</width>
						<height>35</height>
						<font>Font_17</font>
						<align>left</align>
						<aligny>center</aligny>
						<info>Window.Property(Current.UVIndex)</info>
						<textcolor>white</textcolor>
						<shadowcolor>black</shadowcolor>
					</control>
					<control type="label">
						<description>current Wind Value</description>
						<posx>395</posx>
						<posy>100</posy>
						<width>300</width>
						<height>35</height>
						<font>Font_17</font>
						<align>left</align>
						<aligny>center</aligny>
						<info>Window.Property(Current.Wind)</info>
						<textcolor>white</textcolor>
						<shadowcolor>black</shadowcolor>
					</control>
					<control type="label">
						<description>Rain Since 9 label</description>
						<posx>508</posx>
						<posy>46</posy>
						<height>20</height>
						<font>Font_17</font>
						<align>left</align>
						<aligny>center</aligny>
						<label>Rain Since 9 :</label>
						<textcolor>azure</textcolor>
						<shadowcolor>darkred</shadowcolor>>
						<visible>Weather.IsFetched</visible>
					</control>
					<control type="label">
						<description>Rain Since 9 label</description>
						<posx>508</posx>
						<posy>61</posy>
						<height>20</height>
						<font>Font_17</font>
						<align>left</align>
						<aligny>center</aligny>
						<label>Rain Last Hr :</label>
						<textcolor>azure</textcolor>
						<shadowcolor>darkred</shadowcolor>
						<visible>Weather.IsFetched</visible>
					</control>
					<control type="label">
						<description>Sunrise label</description>
						<posx>537</posx>
						<posy>76</posy>
						<height>20</height>
						<font>Font_17</font>
						<align>left</align>
						<aligny>center</aligny>
						<label>Sunrise :</label>
						<textcolor>azure</textcolor>
						<shadowcolor>darkred</shadowcolor>
						<visible>Weather.IsFetched</visible>
					</control>
					<control type="label">
						<description>Sundown label</description>
						<posx>541</posx>
						<posy>91</posy>
						<height>20</height>
						<font>Font_17</font>
						<align>left</align>
						<aligny>center</aligny>
						<label>Sunset :</label>
						<textcolor>azure</textcolor>
						<shadowcolor>darkred</shadowcolor>
						<visible>Weather.IsFetched</visible>
					</control>
					<control type="label">
						<description>Rain Since 9</description>
						<posx>605</posx>
						<posy>46</posy>
						<height>20</height>
						<font>Font_17</font>
						<align>left</align>
						<aligny>center</aligny>
						<label>$INFO[Window.Property(Current.RainSince9)]</label>
						<textcolor>white</textcolor>
						<shadowcolor>black</shadowcolor>
						<visible>Weather.IsFetched</visible>
					</control>
					<control type="label">
						<description>Rain Last Hr</description>
						<posx>605</posx>
						<posy>61</posy>
						<height>20</height>
						<font>Font_17</font>
						<align>left</align>
						<aligny>center</aligny>
						<label>$INFO[Window.Property(Current.RainLastHr)]</label>
						<textcolor>white</textcolor>
						<shadowcolor>black</shadowcolor>
						<visible>Weather.IsFetched</visible>
					</control>
					<control type="label">
						<description>Sun up</description>
						<posx>600</posx>
						<posy>76</posy>
						<height>20</height>
						<font>Font_17</font>
						<align>left</align>
						<aligny>center</aligny>
						<label>$INFO[Window.Property(Current.Sunrise)]</label>
						<textcolor>white</textcolor>
						<shadowcolor>black</shadowcolor>
						<visible>Weather.IsFetched</visible>
					</control>
					<control type="label">
						<description>Sun  down</description>
						<posx>600</posx>
						<posy>91</posy>
						<height>20</height>
						<font>Font_17</font>
						<align>left</align>
						<aligny>center</aligny>
						<label>$INFO[Window.Property(Current.Sunset)]</label>
						<textcolor>white</textcolor>
						<shadowcolor>black</shadowcolor>
						<visible>Weather.IsFetched</visible>
					</control>
				</control>	
				<!-- End current conditions -->


        <!-- EXTENDED WEATHER FORECAST -->

				<control type="label">
					<description>extended forecast label</description>
					<posx>80</posx>
					<posy>144</posy>
					<width>510</width>
					<height>20</height>
					<font>Font_17</font>
					<label>Current Extended Forecast</label>
					<align>center</align>
					<aligny>center</aligny>
					<textcolor>azure</textcolor>
					<shadowcolor>darkred</shadowcolor>
				</control>				
				<control type="textbox">
					<description>Long Weather Forecast</description>
					<posx>30</posx>
					<posy>170</posy>
					<width>620</width>
					<height>82</height>
					<font>Font_17</font>
					<align>justify</align>
					<textcolor>white</textcolor>
					<shadowcolor>black</shadowcolor>
					<info>Window.Property(Current.ConditionLong)</info>
					<autoscroll time="3000" delay="4000" repeat="5000"></autoscroll>
				</control>
			
				<control type="image">
					<posx>20</posx>
					<posy>262</posy>
					<width>660</width>
					<height>4</height>
					<texture>divider.png</texture>
				</control>

				<!-- DAY 0 - TODAY -->					
				<control type="group">
					<description>day 0</description>
					<posx>20</posx>
					<posy>260</posy>
					
					<control type="label">
						<description>Day label</description>
						<posx>210</posx>
						<posy>3</posy>
						<width>400</width>
						<height>35</height>
						<font>Font_17</font>
						<label>[COLOR white]Today[/COLOR] - $INFO[Window.Property(Day0.Outlook)]</label>
						<!--<label>COLOR white]$INFO[Window.Property(Day0.Title)][/COLOR] - $INFO[Window.Property(Day0.Outlook)]</label>-->
						<align>left</align>
						<aligny>center</aligny>
						<textcolor>gray</textcolor>
						<shadowcolor>black</shadowcolor>
					</control>
					<control type="image">
						<description>day icon</description>
						<posx>30</posx>
						<posy>8</posy>
						<height>50</height>
						<width>50</width>
						<info>Window.Property(Day0.OutlookIcon)</info>
						<aspectratio align="right">keep</aspectratio>
					</control>
					<control type="label">
						<description>high value</description>
						<posx>110</posx>
						<posy>20</posy>
						<height>20</height>
						<label>$INFO[Window.Property(Day0.HighTemp)]$INFO[System.TemperatureUnits]</label>
						<font>font_30</font>
						<align>left</align>
						<aligny>center</aligny>
						<textcolor>white</textcolor>
						<shadowcolor>black</shadowcolor>
						<visible>!IsEmpty(Window.Property(Day0.HighTemp))</visible>
					</control>
					<control type="label">
						<description>low label</description>
						<posx>210</posx>
						<posy>30</posy>
						<height>20</height>
						<font>Font_17</font>
						<align>left</align>
						<aligny>center</aligny>
						<label>$LOCALIZE[418] :</label>
						<textcolor>azure</textcolor>
						<shadowcolor>darkred</shadowcolor>
						<visible>Weather.IsFetched</visible>
					</control>
					<control type="label">
						<description>low value</description>
						<posx>290</posx>
						<posy>30</posy>
						<height>20</height>
						<label>$INFO[Window.Property(Day0.LowTemp)]$INFO[System.TemperatureUnits]</label>
						<font>Font_17</font>
						<align>left</align>
						<aligny>center</aligny>
						<textcolor>white</textcolor>
						<shadowcolor>black</shadowcolor>
						<visible>!IsEmpty(Window.Property(Day0.LowTemp))</visible>
					</control>
					<control type="label">
						<description>Rain Chance label</description>
						<posx>470</posx>
						<posy>3</posy>
						<width>400</width>
						<height>35</height>
						<font>Font_17</font>
						<label>Chance of Rain: $INFO[Window.Property(Day0.RainChance)]</label>
						<align>left</align>
						<aligny>center</aligny>
						<textcolor>gray</textcolor>
						<shadowcolor>black</shadowcolor>
					</control>
					<control type="label">
						<description>Rain Chance Amount label</description>
						<posx>470</posx>
						<posy>23</posy>
						<width>400</width>
						<height>35</height>
						<font>Font_17</font>
						<label>Predicted Rain: $INFO[Window.Property(Day0.RainChanceAmount)]</label>
						<align>left</align>
						<aligny>center</aligny>
						<textcolor>gray</textcolor>
						<shadowcolor>black</shadowcolor>
					</control>

					<control type="image">
						<posx>20</posx>
						<posy>55</posy>
						<width>660</width>
						<height>4</height>
						<texture>divider.png</texture>
					</control>
					



				</control>





				<control type="image">
					<posx>60</posx>
					<posy>137</posy>
					<width>500</width>
					<height>4</height>
					<texture>divider.png</texture>
				</control>



				<!-- 7 DAY FORECAST -->

				<control type="group">
					<description>day 1</description>
					<posx>20</posx>
					<posy>315</posy>

					<control type="label">
						<description>Day label</description>
						<posx>210</posx>
						<posy>3</posy>
						<width>400</width>
						<height>35</height>
						<font>Font_17</font>
						<label>[COLOR white]$INFO[Window.Property(Day1.Title)][/COLOR] - $INFO[Window.Property(Day1.Outlook)]</label>
						<align>left</align>
						<aligny>center</aligny>
						<textcolor>gray</textcolor>
						<shadowcolor>black</shadowcolor>
					</control>



					<control type="image">
						<description>day icon</description>
						<posx>30</posx>
						<posy>8</posy>
						<height>50</height>
						<width>50</width>
						<info>Window.Property(Day1.OutlookIcon)</info>
						<aspectratio align="right">keep</aspectratio>
					</control>
					<control type="label">
						<description>high value</description>
						<posx>110</posx>
						<posy>20</posy>
						<height>20</height>
						<label>$INFO[Window.Property(Day1.HighTemp)]$INFO[System.TemperatureUnits]</label>
						<font>font_30</font>
						<align>left</align>
						<aligny>center</aligny>
						<textcolor>white</textcolor>
						<shadowcolor>black</shadowcolor>
						<visible>!IsEmpty(Window.Property(Day1.HighTemp))</visible>
					</control>
					<control type="label">
						<description>low label</description>
						<posx>210</posx>
						<posy>30</posy>
						<height>20</height>
						<font>Font_17</font>
						<align>left</align>
						<aligny>center</aligny>
						<label>$LOCALIZE[418] :</label>
						<textcolor>azure</textcolor>
						<shadowcolor>darkred</shadowcolor>
						<visible>Weather.IsFetched</visible>
					</control>
					<control type="label">
						<description>low value</description>
						<posx>290</posx>
						<posy>30</posy>
						<height>20</height>
						<label>[COLOR orange]$INFO[Window.Property(Day1.LowTemp)]$INFO[System.TemperatureUnits][/COLOR][COLOR gray]  (tonight's low)[/COLOR]</label>
						<font>Font_17</font>
						<align>left</align>
						<aligny>center</aligny>
						<textcolor>white</textcolor>
						<shadowcolor>black</shadowcolor>
						<visible>!IsEmpty(Window.Property(Day1.LowTemp))</visible>
					</control>

					<control type="label">
						<description>Rain Chance label</description>
						<posx>470</posx>
						<posy>3</posy>
						<width>400</width>
						<height>35</height>
						<font>Font_17</font>
						<label>Chance of Rain: $INFO[Window.Property(Day1.RainChance)]</label>
						<align>left</align>
						<aligny>center</aligny>
						<textcolor>gray</textcolor>
						<shadowcolor>black</shadowcolor>
					</control>
					<control type="label">
						<description>Rain Chance Amount label</description>
						<posx>470</posx>
						<posy>23</posy>
						<width>400</width>
						<height>35</height>
						<font>Font_17</font>
						<label>Predicted Rain: $INFO[Window.Property(Day1.RainChanceAmount)]</label>
						<align>left</align>
						<aligny>center</aligny>
						<textcolor>gray</textcolor>
						<shadowcolor>black</shadowcolor>
					</control>



					<control type="image">
						<posx>20</posx>
						<posy>55</posy>
						<width>660</width>
						<height>4</height>
						<texture>divider.png</texture>
					</control>
				</control>

				<control type="group">
					<description>day 2</description>
					<posx>20</posx>
					<posy>370</posy>

					<control type="label">
						<description>Day label</description>
						<posx>210</posx>
						<posy>3</posy>
						<width>400</width>
						<height>35</height>
						<font>Font_17</font>
						<label>[COLOR white]$INFO[Window.Property(Day2.Title)][/COLOR] - $INFO[Window.Property(Day2.Outlook)]</label>
						<align>left</align>
						<aligny>center</aligny>
						<textcolor>gray</textcolor>
						<shadowcolor>black</shadowcolor>
					</control>
					<control type="image">
						<description>day icon</description>
						<posx>30</posx>
						<posy>8</posy>
						<height>50</height>
						<width>50</width>
						<info>Window.Property(Day2.OutlookIcon)</info>
						<aspectratio align="right">keep</aspectratio>
					</control>
					<control type="label">
						<description>high value</description>
						<posx>110</posx>
						<posy>20</posy>
						<height>20</height>
						<label>$INFO[Window.Property(Day2.HighTemp)]$INFO[System.TemperatureUnits]</label>
						<font>font_30</font>
						<align>left</align>
						<aligny>center</aligny>
						<textcolor>white</textcolor>
						<shadowcolor>black</shadowcolor>
						<visible>!IsEmpty(Window.Property(Day2.HighTemp))</visible>
					</control>
					<control type="label">
						<description>low label</description>
						<posx>210</posx>
						<posy>30</posy>
						<height>20</height>
						<font>Font_17</font>
						<align>left</align>
						<aligny>center</aligny>
						<label>$LOCALIZE[418] :</label>
						<textcolor>azure</textcolor>
						<shadowcolor>darkred</shadowcolor>
						<visible>Weather.IsFetched</visible>
					</control>
					<control type="label">
						<description>low value</description>
						<posx>290</posx>
						<posy>30</posy>
						<height>20</height>
						<label>$INFO[Window.Property(Day2.LowTemp)]$INFO[System.TemperatureUnits]</label>
						<font>Font_17</font>
						<align>left</align>
						<aligny>center</aligny>
						<textcolor>white</textcolor>
						<shadowcolor>black</shadowcolor>
						<visible>!IsEmpty(Window.Property(Day2.LowTemp))</visible>
					</control>
					<control type="label">
						<description>Rain Chance label</description>
						<posx>470</posx>
						<posy>3</posy>
						<width>400</width>
						<height>35</height>
						<font>Font_17</font>
						<label>Chance of Rain: $INFO[Window.Property(Day2.RainChance)]</label>
						<align>left</align>
						<aligny>center</aligny>
						<textcolor>gray</textcolor>
						<shadowcolor>black</shadowcolor>
					</control>
					<control type="label">
						<description>Rain Chance Amount label</description>
						<posx>470</posx>
						<posy>23</posy>
						<width>400</width>
						<height>35</height>
						<font>Font_17</font>
						<label>Predicted Rain: $INFO[Window.Property(Day2.RainChanceAmount)]</label>
						<align>left</align>
						<aligny>center</aligny>
						<textcolor>gray</textcolor>
						<shadowcolor>black</shadowcolor>
					</control>

					<control type="image">
						<posx>20</posx>
						<posy>55</posy>
						<width>660</width>
						<height>4</height>
						<texture>divider.png</texture>
					</control>
				</control>

				<control type="group">
					<description>day 3</description>
					<posx>20</posx>
					<posy>425</posy>

					<control type="label">
						<description>Day label</description>
						<posx>210</posx>
						<posy>3</posy>
						<width>400</width>
						<height>35</height>
						<font>Font_17</font>
						<label>[COLOR white]$INFO[Window.Property(Day3.Title)][/COLOR] - $INFO[Window.Property(Day3.Outlook)]</label>
						<align>left</align>
						<aligny>center</aligny>
						<textcolor>gray</textcolor>
						<shadowcolor>black</shadowcolor>
					</control>
					<control type="image">
						<description>day icon</description>
						<posx>30</posx>
						<posy>8</posy>
						<height>50</height>
						<width>50</width>
						<info>Window.Property(Day3.OutlookIcon)</info>
						<aspectratio align="right">keep</aspectratio>
					</control>
					<control type="label">
						<description>high value</description>
						<posx>110</posx>
						<posy>20</posy>
						<height>20</height>
						<label>$INFO[Window.Property(Day3.HighTemp)]$INFO[System.TemperatureUnits]</label>
						<font>font_30</font>
						<align>left</align>
						<aligny>center</aligny>
						<textcolor>white</textcolor>
						<shadowcolor>black</shadowcolor>
						<visible>!IsEmpty(Window.Property(Day3.HighTemp))</visible>
					</control>
					<control type="label">
						<description>low label</description>
						<posx>210</posx>
						<posy>30</posy>
						<height>20</height>
						<font>Font_17</font>
						<align>left</align>
						<aligny>center</aligny>
						<label>$LOCALIZE[418] :</label>
						<textcolor>azure</textcolor>
						<shadowcolor>darkred</shadowcolor>
						<visible>Weather.IsFetched</visible>
					</control>
					<control type="label">
						<description>low value</description>
						<posx>290</posx>
						<posy>30</posy>
						<height>20</height>
						<label>$INFO[Window.Property(Day3.LowTemp)]$INFO[System.TemperatureUnits]</label>
						<font>Font_17</font>
						<align>left</align>
						<aligny>center</aligny>
						<textcolor>white</textcolor>
						<shadowcolor>black</shadowcolor>
						<visible>!IsEmpty(Window.Property(Day3.LowTemp))</visible>
					</control>
					<control type="label">
						<description>Rain Chance label</description>
						<posx>470</posx>
						<posy>3</posy>
						<width>400</width>
						<height>35</height>
						<font>Font_17</font>
						<label>Chance of Rain: $INFO[Window.Property(Day3.RainChance)]</label>
						<align>left</align>
						<aligny>center</aligny>
						<textcolor>gray</textcolor>
						<shadowcolor>black</shadowcolor>
					</control>
					<control type="label">
						<description>Rain Chance Amount label</description>
						<posx>470</posx>
						<posy>23</posy>
						<width>400</width>
						<height>35</height>
						<font>Font_17</font>
						<label>Predicted Rain: $INFO[Window.Property(Day3.RainChanceAmount)]</label>
						<align>left</align>
						<aligny>center</aligny>
						<textcolor>gray</textcolor>
						<shadowcolor>black</shadowcolor>
					</control>

					<control type="image">
						<posx>20</posx>
						<posy>55</posy>
						<width>660</width>
						<height>4</height>
						<texture>divider.png</texture>
					</control>
				</control>


				<control type="group">
					<description>day 4</description>
					<posx>20</posx>
					<posy>480</posy>

					<control type="label">
						<description>Day label</description>
						<posx>210</posx>
						<posy>3</posy>
						<width>400</width>
						<height>35</height>
						<font>Font_17</font>
						<label>[COLOR white]$INFO[Window.Property(Day4.Title)][/COLOR] - $INFO[Window.Property(Day4.Outlook)]</label>
						<align>left</align>
						<aligny>center</aligny>
						<textcolor>gray</textcolor>
						<shadowcolor>black</shadowcolor>
					</control>
					<control type="image">
						<description>day icon</description>
						<posx>30</posx>
						<posy>8</posy>
						<height>50</height>
						<width>50</width>
						<texture>$INFO[Window.Property(Day4.OutlookIcon)]</texture>
						<aspectratio align="right">keep</aspectratio>
					</control>
					<control type="label">
						<description>high value</description>
						<posx>110</posx>
						<posy>20</posy>
						<height>20</height>
						<label>$INFO[Window.Property(Day4.HighTemp)]$INFO[System.TemperatureUnits]</label>
						<font>font_30</font>
						<align>left</align>
						<aligny>center</aligny>
						<textcolor>white</textcolor>
						<shadowcolor>black</shadowcolor>
						<visible>!IsEmpty(Window.Property(Day4.HighTemp))</visible>
					</control>
					<control type="label">
						<description>low label</description>
						<posx>210</posx>
						<posy>30</posy>
						<height>20</height>
						<font>Font_17</font>
						<align>left</align>
						<aligny>center</aligny>
						<label>$LOCALIZE[418] :</label>
						<textcolor>azure</textcolor>
						<shadowcolor>darkred</shadowcolor>
						<visible>Weather.IsFetched</visible>
					</control>
					<control type="label">
						<description>low value</description>
						<posx>290</posx>
						<posy>30</posy>
						<height>20</height>
						<label>$INFO[Window.Property(Day4.LowTemp)]$INFO[System.TemperatureUnits]</label>
						<font>Font_17</font>
						<align>left</align>
						<aligny>center</aligny>
						<textcolor>white</textcolor>
						<shadowcolor>black</shadowcolor>
						<visible>!IsEmpty(Window.Property(Day4.LowTemp))</visible>
					</control>
					<control type="label">
						<description>Rain Chance label</description>
						<posx>470</posx>
						<posy>3</posy>
						<width>400</width>
						<height>35</height>
						<font>Font_17</font>
						<label>Chance of Rain: $INFO[Window.Property(Day4.RainChance)]</label>
						<align>left</align>
						<aligny>center</aligny>
						<textcolor>gray</textcolor>
						<shadowcolor>black</shadowcolor>
					</control>
					<control type="label">
						<description>Rain Chance Amount label</description>
						<posx>470</posx>
						<posy>23</posy>
						<width>400</width>
						<height>35</height>
						<font>Font_17</font>
						<label>Predicted Rain: $INFO[Window.Property(Day4.RainChanceAmount)]</label>
						<align>left</align>
						<aligny>center</aligny>
						<textcolor>gray</textcolor>
						<shadowcolor>black</shadowcolor>
					</control>

					<control type="image">
						<posx>20</posx>
						<posy>55</posy>
						<width>660</width>
						<height>4</height>
						<texture>divider.png</texture>
					</control>
				</control>


				<control type="group">
					<description>day 5</description>
					<posx>20</posx>
					<posy>535</posy>

					<control type="label">
						<description>Day label</description>
						<posx>210</posx>
						<posy>3</posy>
						<width>400</width>
						<height>35</height>
						<font>Font_17</font>
						<label>[COLOR white]$INFO[Window.Property(Day5.Title)][/COLOR] - $INFO[Window.Property(Day5.Outlook)]</label>
						<align>left</align>
						<aligny>center</aligny>
						<textcolor>gray</textcolor>
						<shadowcolor>black</shadowcolor>
					</control>
					<control type="image">
						<description>day icon</description>
						<posx>30</posx>
						<posy>8</posy>
						<height>50</height>
						<width>50</width>
						<texture>$INFO[Window.Property(Day5.OutlookIcon)]</texture>
						<aspectratio align="right">keep</aspectratio>
					</control>
					<control type="label">
						<description>high value</description>
						<posx>110</posx>
						<posy>20</posy>
						<height>20</height>
						<label>$INFO[Window.Property(Day5.HighTemp)]$INFO[System.TemperatureUnits]</label>
						<font>font_30</font>
						<align>left</align>
						<aligny>center</aligny>
						<textcolor>white</textcolor>
						<shadowcolor>black</shadowcolor>
						<visible>!IsEmpty(Window.Property(Day5.HighTemp))</visible>
					</control>
					<control type="label">
						<description>low label</description>
						<posx>210</posx>
						<posy>30</posy>
						<height>20</height>
						<font>Font_17</font>
						<align>left</align>
						<aligny>center</aligny>
						<label>$LOCALIZE[418] :</label>
						<textcolor>azure</textcolor>
						<shadowcolor>darkred</shadowcolor>
						<visible>Weather.IsFetched</visible>
					</control>
					<control type="label">
						<description>low value</description>
						<posx>290</posx>
						<posy>30</posy>
						<height>20</height>
						<label>$INFO[Window.Property(Day5.LowTemp)]$INFO[System.TemperatureUnits]</label>
						<font>Font_17</font>
						<align>left</align>
						<aligny>center</aligny>
						<textcolor>white</textcolor>
						<shadowcolor>black</shadowcolor>
						<visible>!IsEmpty(Window.Property(Day5.LowTemp))</visible>
					</control>
					<control type="label">
						<description>Rain Chance label</description>
						<posx>470</posx>
						<posy>3</posy>
						<width>400</width>
						<height>35</height>
						<font>Font_17</font>
						<label>Chance of Rain: $INFO[Window.Property(Day5.RainChance)]</label>
						<align>left</align>
						<aligny>center</aligny>
						<textcolor>gray</textcolor>
						<shadowcolor>black</shadowcolor>
					</control>
					<control type="label">
						<description>Rain Chance Amount label</description>
						<posx>470</posx>
						<posy>23</posy>
						<width>400</width>
						<height>35</height>
						<font>Font_17</font>
						<label>Predicted Rain: $INFO[Window.Property(Day5.RainChanceAmount)]</label>
						<align>left</align>
						<aligny>center</aligny>
						<textcolor>gray</textcolor>
						<shadowcolor>black</shadowcolor>
					</control>

					<control type="image">
						<posx>20</posx>
						<posy>55</posy>
						<width>660</width>
						<height>4</height>
						<texture>divider.png</texture>
					</control>
				</control>


				<control type="group">
					<description>day 6</description>
					<posx>20</posx>
					<posy>590</posy>

					<control type="label">
						<description>Day label</description>
						<posx>210</posx>
						<posy>3</posy>
						<width>400</width>
						<height>35</height>
						<font>Font_17</font>
						<label>[COLOR white]$INFO[Window.Property(Day6.Title)][/COLOR] - $INFO[Window.Property(Day6.Outlook)]</label>
						<align>left</align>
						<aligny>center</aligny>
						<textcolor>gray</textcolor>
						<shadowcolor>black</shadowcolor>
					</control>
					<control type="image">
						<description>day icon</description>
						<posx>30</posx>
						<posy>8</posy>
						<height>50</height>
						<width>50</width>
						<texture>$INFO[Window.Property(Day6.OutlookIcon)]</texture>
						<aspectratio align="right">keep</aspectratio>
					</control>
					<control type="label">
						<description>high value</description>
						<posx>110</posx>
						<posy>20</posy>
						<height>20</height>
						<label>$INFO[Window.Property(Day6.HighTemp)]$INFO[System.TemperatureUnits]</label>
						<font>font_30</font>
						<align>left</align>
						<aligny>center</aligny>
						<textcolor>white</textcolor>
						<shadowcolor>black</shadowcolor>
						<visible>!IsEmpty(Window.Property(Day6.HighTemp))</visible>
					</control>
					<control type="label">
						<description>low label</description>
						<posx>210</posx>
						<posy>30</posy>
						<height>20</height>
						<font>Font_17</font>
						<align>left</align>
						<aligny>center</aligny>
						<label>$LOCALIZE[418] :</label>
						<textcolor>azure</textcolor>
						<shadowcolor>darkred</shadowcolor>
						<visible>Weather.IsFetched</visible>
					</control>
					<control type="label">
						<description>low value</description>
						<posx>290</posx>
						<posy>30</posy>
						<height>20</height>
						<label>$INFO[Window.Property(Day6.LowTemp)]$INFO[System.TemperatureUnits]</label>
						<font>Font_17</font>
						<align>left</align>
						<aligny>center</aligny>
						<textcolor>white</textcolor>
						<shadowcolor>black</shadowcolor>
						<visible>!IsEmpty(Window.Property(Day6.LowTemp))</visible>
					</control>
					<control type="label">
						<description>Rain Chance label</description>
						<posx>470</posx>
						<posy>3</posy>
						<width>400</width>
						<height>35</height>
						<font>Font_17</font>
						<label>Chance of Rain: $INFO[Window.Property(Day6.RainChance)]</label>
						<align>left</align>
						<aligny>center</aligny>
						<textcolor>gray</textcolor>
						<shadowcolor>black</shadowcolor>
					</control>
					<control type="label">
						<description>Rain Chance Amount label</description>
						<posx>470</posx>
						<posy>23</posy>
						<width>400</width>
						<height>35</height>
						<font>Font_17</font>
						<label>Predicted Rain: $INFO[Window.Property(Day6.RainChanceAmount)]</label>
						<align>left</align>
						<aligny>center</aligny>
						<textcolor>gray</textcolor>
						<shadowcolor>black</shadowcolor>
					</control>

					<control type="image">
						<posx>20</posx>
						<posy>55</posy>
						<width>660</width>
						<height>4</height>
						<texture>divider.png</texture>
					</control>

				</control>
  		</control>

	<control type="grouplist" id="51">
	<posx>545</posx>
	<posy>630</posy>
	<width>90</width>
	<height>90</height>
	<orientation>vertical</orientation>
	<itemgap>0</itemgap>
	<onleft>9900</onleft>
	<focusposition>0</focusposition>
	<scrolltime>400</scrolltime>
		<control type="button" id="222">
      		<description>My first button control</description>
      		<posx>450</posx>
      		<posy>550</posy>
      		<width>90</width>
      		<height>90</height>	   
	  	<font>Font_17</font>
	  	<textcolor>bisque</textcolor>
	  	<shadowcolor>darkred</shadowcolor>
      		<texturefocus>special://home/userdata/addon_data/weather.ozweather/weatherart/ABC2.png</texturefocus>
      		<texturenofocus>special://home/userdata/addon_data/weather.ozweather/weatherart/ABC.png</texturenofocus>          
      		<onclick>PlayMedia($INFO[Window.Property(Video.1)],noresume)</onclick>
     		<visible>!IsEmpty(Window.Property(Video.1))</visible>
		<onright>222</onright>
	  	<onleft>3</onleft>
		</control>
	</control>
	
			
			
		
		</control>

		<control type="group">
			<posx>40</posx>
			<posy>0</posy>
			<animation effect="slide" end="-310,0" time="400" tween="quadratic" easing="out">WindowClose</animation>
			<animation effect="slide" start="-310,0" time="400" tween="quadratic" easing="out">WindowOpen</animation>
			<control type="image">
				<posx>0</posx>
				<posy>0</posy>
				<width>250</width>
				<height>35</height>
				<texture border="0,0,32,0">header.png</texture>
			</control>
		<include>Clock</include>
		<include>TouchScreen</include>
		<include>TopMenu_Weather</include>
		<include>BGBlack</include>			

		</control>		
	</controls>
</window>