<window id="614">
  <defaultcontrol>10</defaultcontrol>
  <coordinates>
    <system>1</system>
    <posx>300</posx>
    <posy>105</posy>
  </coordinates>
  <include>dialogeffect</include>
  <controls>
    <control type="image">
      <description>background image</description>
      <posx>0</posx>
      <posy>0</posy>
      <width>640</width>
      <height>530</height>
      <texture border="40">DialogBack.png</texture>
    </control>
    <control type="image">
      <description>Dialog Header image</description>
      <posx>40</posx>
      <posy>16</posy>
      <width>640</width>
      <height>40</height>
      <texture>dialogheader.png</texture>
    </control>
    <control type="label" id="2">
      <description>header label</description>
      <posx>0</posx>
      <posy>20</posy>
      <width>640</width>
      <height>30</height>
      <font>font13_title</font>
      <label>$LOCALIZE[19257]</label>
      <align>center</align>
      <aligny>center</aligny>
      <textcolor>selected</textcolor>
      <shadowcolor>black</shadowcolor>
    </control>
    <control type="button">
      <description>Close Window button</description>
      <posx>640</posx>
      <posy>15</posy>
      <width>64</width>
      <height>32</height>
      <label>-</label>
      <font>-</font>
      <onclick>PreviousMenu</onclick>
      <texturefocus>DialogCloseButton-focus.png</texturefocus>
      <texturenofocus>DialogCloseButton.png</texturenofocus>
      <onleft>10</onleft>
      <onright>10</onright>
      <onup>10</onup>
      <ondown>10</ondown>
      <visible>system.getbool(input.enablemouse)</visible>
    </control>
    <control type="group">
      <posx>20</posx>
      <posy>60</posy>
      <align>center</align>
      <control type="image">
        <posy>0</posy>
        <width>45</width>
        <height>44</height>
        <texture>$INFO[ListItem.Icon]</texture>
      </control>
      <control type="label">
        <posx>50</posx>
        <posy>0</posy>
        <width>160</width>
        <height>52</height>
        <font>special12</font>
        <aligny>center</aligny>
        <selectedcolor>selected</selectedcolor>
        <align>left</align>
        <label>$INFO[ListItem.ChannelName]</label>
      </control>
      <control type="label">
        <description>Program Title</description>
        <posx>20</posx>
        <posy>50</posy>
        <width>640</width>
        <height>25</height>
        <font>font13_title</font>
        <label>$INFO[ListItem.Title]</label>
        <align>left</align>
        <aligny>center</aligny>
        <textcolor>white</textcolor>
        <shadowcolor>black</shadowcolor>
      </control>
      <control type="label">
        <description>Time of the Program</description>
        <posx>20</posx>
        <posy>80</posy>
        <width>470</width>
        <height>25</height>
        <align>left</align>
        <aligny>center</aligny>
        <font>font13</font>
        <textcolor>white</textcolor>
        <label>$INFO[Window.Property(DayOfTheWeek)]: $INFO[ListItem.StartTime] - $INFO[ListItem.EndTime]</label>
      </control>      
    </control>
    <control type="group">
      <posx>20</posx>
      <posy>180</posy>
      <control type="grouplist" id="5">
        <description>control area</description>
        <posx>20</posx>
        <posy>0</posy>
        <width>600</width>
        <height>290</height>
        <itemgap>5</itemgap>
        <onup>9001</onup>
        <ondown>9001</ondown>
        <onleft>9000</onleft>
        <onright>9000</onright>
        <control type="group" id="9001">
          <posx>160</posx>
          <posy>590</posy>
        </control>
        <control type="radiobutton" id="10">
          <description>On This Channel Only</description>
          <height>40</height>
          <width>560</width>
          <font>font13</font>
          <label>$LOCALIZE[19258]</label>
          <textcolor>grey2</textcolor>
          <focusedcolor>white</focusedcolor>
          <texturefocus border="5">button-focus2.png</texturefocus>
          <texturenofocus border="5">button-nofocus.png</texturenofocus>
        </control>
        <control type="radiobutton" id="9">
          <description>Skip Repeat</description>
          <width>560</width>
          <height>40</height>
          <font>font13</font>
          <label>$LOCALIZE[19259]</label>
          <textcolor>grey2</textcolor>
          <focusedcolor>white</focusedcolor>
          <texturefocus border="5">button-focus2.png</texturefocus>
          <texturenofocus border="5">button-nofocus.png</texturenofocus>
        </control>
        <control type="radiobutton" id="11">
          <description>On This week day only</description>
          <width>560</width>
          <height>40</height>
          <font>font13</font>
          <label>$LOCALIZE[19260]</label>
          <textcolor>grey2</textcolor>
          <focusedcolor>white</focusedcolor>
          <texturefocus border="5">button-focus2.png</texturefocus>
          <texturenofocus border="5">button-nofocus.png</texturenofocus>
        </control>
        <control type="radiobutton" id="12">
          <description>At This Time only</description>
          <width>560</width>
          <height>40</height>
          <font>font13</font>
          <label>$LOCALIZE[19261]</label>
          <textcolor>grey2</textcolor>
          <focusedcolor>white</focusedcolor>
          <texturefocus border="5">button-focus2.png</texturefocus>
          <texturenofocus border="5">button-nofocus.png</texturenofocus>
        </control>
        <control type="radiobutton" id="13">
          <description>Once a Week</description>
          <width>560</width>
          <height>40</height>
          <font>font13</font>
          <label>$LOCALIZE[19262]</label>
          <textcolor>grey2</textcolor>
          <focusedcolor>white</focusedcolor>
          <texturefocus border="5">button-focus2.png</texturefocus>
          <texturenofocus border="5">button-nofocus.png</texturenofocus>
        </control>
        <control type="radiobutton" id="14">
          <description>Maximum once a day</description>
          <width>560</width>
          <height>40</height>
          <font>font13</font>
          <label>$LOCALIZE[19263]</label>
          <textcolor>grey2</textcolor>
          <focusedcolor>white</focusedcolor>
          <texturefocus border="5">button-focus2.png</texturefocus>
          <texturenofocus border="5">button-nofocus.png</texturenofocus>
        </control>        
      </control>
      <control type="group" id="9000">
        <posx>110</posx>
        <posy>280</posy>
        <control type="button" id ="7">
          <description>Ok button</description>
          <posx>0</posx>
          <posy>0</posy>
          <width>200</width>
          <height>40</height>
          <label>186</label>
          <font>font12_title</font>
          <align>center</align>
          <onleft>8</onleft>
          <onright>8</onright>
          <onup>9</onup>
          <ondown>10</ondown>
        </control>
        <control type="button" id="8">
          <description>Cancel button</description>
          <posx>210</posx>
          <posy>0</posy>
          <width>200</width>
          <height>40</height>
          <label>222</label>
          <font>font12_title</font>
          <align>center</align>
          <onleft>7</onleft>
          <onright>7</onright>
          <onup>9</onup>
          <ondown>10</ondown>
        </control>
      </control>
    </control>
  </controls>
</window>
