<?xml version="1.0" encoding="UTF-8"?>
<includes>
	<include name="DialogGameControllers">
		<include content="DialogBackgroundCommons">
			<param name="DialogBackgroundWidth" value="1120" />
			<param name="DialogBackgroundHeight" value="590" />
			<param name="DialogHeaderWidth" value="1020" />
			<param name="DialogHeaderLabel" value="35058" />
			<param name="DialogHeaderId" value="2" />
			<param name="CloseButtonLeft" value="1030" />
			<param name="CloseButtonNav" value="3" />
		</include>
		<control type="group" id="9000">
			<left>20</left>
			<top>60</top>
			<control type="label">
				<description>Controller types heading</description>
				<top>5</top>
				<left>30</left>
				<width>220</width>
				<height>25</height>
				<font>font12</font>
				<label>35050</label>
				<align>center</align>
				<aligny>center</aligny>
				<textcolor>blue</textcolor>
				<shadowcolor>black</shadowcolor>
			</control>
			<control type="scrollbar" id="30">
				<left>0</left>
				<top>40</top>
				<width>25</width>
				<height>405</height>
				<texturesliderbackground border="0,14,0,14">ScrollBarV.png</texturesliderbackground>
				<texturesliderbar border="2,16,2,16">ScrollBarV_bar.png</texturesliderbar>
				<texturesliderbarfocus border="2,16,2,16">ScrollBarV_bar_focus.png</texturesliderbarfocus>
				<textureslidernib />
				<textureslidernibfocus />
				<onleft>50</onleft>
				<onright>3</onright>
				<ondown>3</ondown>
				<onup>3</onup>
				<showonepage>false</showonepage>
				<orientation>vertical</orientation>
			</control>
			<control type="grouplist" id="3">
				<description>Controller types grouplist</description>
				<left>30</left>
				<top>40</top>
				<width>220</width>
				<height>405</height>
				<onleft>30</onleft>
				<onright>5</onright>
				<onup>9001</onup>
				<ondown>9001</ondown>
				<pagecontrol>30</pagecontrol>
			</control>
			<control type="button" id="10">
				<description>Default controller types button</description>
				<height>40</height>
				<width>220</width>
				<align>center</align>
				<aligny>center</aligny>
				<font>font12_title</font>
				<textcolor>white</textcolor>
				<pulseonselect>false</pulseonselect>
			</control>
			<control type="gamecontroller" id="31">
				<left>380</left>
				<top>90</top>
				<width>320</width>
				<height>320</height>
				<include>VisibleFadeEffect</include>
			</control>
			<control type="label">
				<description>Feature types heading</description>
				<top>5</top>
				<left>828</left>
				<width>220</width>
				<height>25</height>
				<font>font12</font>
				<label>35059</label>
				<align>center</align>
				<aligny>center</aligny>
				<textcolor>blue</textcolor>
				<shadowcolor>black</shadowcolor>
			</control>
			<control type="scrollbar" id="50">
				<left>1053</left>
				<top>40</top>
				<width>25</width>
				<height>405</height>
				<texturesliderbackground border="0,14,0,14">ScrollBarV.png</texturesliderbackground>
				<texturesliderbar border="2,16,2,16">ScrollBarV_bar.png</texturesliderbar>
				<texturesliderbarfocus border="2,16,2,16">ScrollBarV_bar_focus.png</texturesliderbarfocus>
				<textureslidernib />
				<textureslidernibfocus />
				<onleft>5</onleft>
				<onright>30</onright>
				<ondown>5</ondown>
				<onup>5</onup>
				<showonepage>false</showonepage>
				<orientation>vertical</orientation>
			</control>
			<control type="grouplist" id="5">
				<description>Feature types grouplist</description>
				<left>828</left>
				<top>40</top>
				<width>220</width>
				<height>405</height>
				<onleft>3</onleft>
				<onright>50</onright>
				<onup>9001</onup>
				<ondown>9001</ondown>
				<pagecontrol>50</pagecontrol>
			</control>
			<control type="button" id="7">
				<description>Default feature types button</description>
				<height>40</height>
				<width>220</width>
				<align>center</align>
				<aligny>center</aligny>
				<font>font12_title</font>
				<textcolor>white</textcolor>
				<pulseonselect>false</pulseonselect>
			</control>
			<control type="label" id="8">
				<description>Default feature types label</description>
				<height>40</height>
				<width>220</width>
				<align>center</align>
				<aligny>center</aligny>
				<font>font12_title</font>
				<textcolor>grey</textcolor>
				<shadowcolor>black</shadowcolor>
			</control>
		</control>
		<control type="grouplist" id="9001">
			<top>525</top>
			<width>1120</width>
			<onup>9000</onup>
			<ondown>9000</ondown>
			<align>center</align>
			<orientation>horizontal</orientation>
			<itemgap>10</itemgap>
			<control type="button" id="18">
				<description>Ok Button</description>
				<width>200</width>
				<height>40</height>
				<align>center</align>
				<aligny>center</aligny>
				<texturenofocus border="5">button-nofocus.png</texturenofocus>
				<texturefocus border="5">button-focus.png</texturefocus>
				<label>186</label>
				<font>font12_title</font>
			</control>
			<control type="button" id="19">
				<description>Reset Button</description>
				<width>200</width>
				<height>40</height>
				<align>center</align>
				<aligny>center</aligny>
				<texturenofocus border="5">button-nofocus.png</texturenofocus>
				<texturefocus border="5">button-focus.png</texturefocus>
				<label>13007</label>
				<font>font12_title</font>
			</control>
			<control type="button" id="20">
				<description>Link to install more controllers</description>
				<height>40</height>
				<width>200</width>
				<align>center</align>
				<aligny>center</aligny>
				<font>font12_title</font>
				<textcolor>white</textcolor>
				<pulseonselect>false</pulseonselect>
				<label>$LOCALIZE[21452]</label>
			</control>
			<control type="button" id="17">
				<description>Help button</description>
				<height>40</height>
				<width>200</width>
				<align>center</align>
				<aligny>center</aligny>
				<font>font12_title</font>
				<textcolor>white</textcolor>
				<pulseonselect>false</pulseonselect>
				<label>$LOCALIZE[10043]</label>
			</control>
			<control type="button" id="21">
				<description>Ignore input button</description>
				<height>40</height>
				<width>200</width>
				<align>center</align>
				<aligny>center</aligny>
				<font>font12_title</font>
				<textcolor>white</textcolor>
				<pulseonselect>false</pulseonselect>
				<label>$LOCALIZE[35019]</label>
			</control>
			<control type="button" id="22">
				<description>Get all button</description>
				<height>40</height>
				<width>200</width>
				<align>center</align>
				<aligny>center</aligny>
				<font>font12_title</font>
				<textcolor>white</textcolor>
				<pulseonselect>false</pulseonselect>
				<label>$LOCALIZE[35021]</label>
			</control>
		</control>
	</include>
	<include name="DialogGamePorts">
		<include content="DialogBackgroundCommons">
			<param name="DialogBackgroundWidth" value="1120" />
			<param name="DialogBackgroundHeight" value="582" />
			<param name="DialogHeaderWidth" value="1020" />
			<param name="DialogHeaderLabel" value="35058" />
			<param name="DialogHeaderId" value="2" />
			<param name="CloseButtonLeft" value="1030" />
			<param name="CloseButtonNav" value="3" />
		</include>
		<control type="group" id="9000">
			<left>20</left>
			<control type="list" id="3">
				<top>67</top>
				<width>820</width>
				<height>492</height>
				<onup>6</onup>
				<ondown>6</ondown>
				<onleft>7</onleft>
				<onright>61</onright>
				<pagecontrol>61</pagecontrol>
				<scrolltime>200</scrolltime>
				<itemlayout height="82" width="820">
					<control type="image">
						<left>0</left>
						<top>0</top>
						<width>820</width>
						<height>76</height>
						<texture border="5">button-nofocus.png</texture>
					</control>
					<control type="image">
						<left>2</left>
						<top>3</top>
						<width>70</width>
						<height>70</height>
						<texture>$INFO[ListItem.Icon]</texture>
						<aspectratio>keep</aspectratio>
						<bordertexture infill="false" border="3">black-back2.png</bordertexture>
						<bordersize>2</bordersize>
					</control>
					<control type="label">
						<left>90</left>
						<top>12</top>
						<width>710</width>
						<height>30</height>
						<font>font13</font>
						<textcolor>grey</textcolor>
						<selectedcolor>selected</selectedcolor>
						<align>left</align>
						<aligny>center</aligny>
						<label>[B]$INFO[ListItem.Label][/B]</label>
					</control>
					<control type="label">
						<left>90</left>
						<top>44</top>
						<width>710</width>
						<height>48</height>
						<font>font12</font>
						<textcolor>grey</textcolor>
						<selectedcolor>selected</selectedcolor>
						<align>left</align>
						<label>$INFO[ListItem.Label2]</label>
					</control>
				</itemlayout>
				<focusedlayout height="82" width="820">
					<control type="image">
						<left>0</left>
						<top>0</top>
						<width>820</width>
						<height>76</height>
						<texture border="5">button-nofocus.png</texture>
						<visible>!Control.HasFocus(3)</visible>
						<include>VisibleFadeEffect</include>
					</control>
					<control type="image">
						<left>0</left>
						<top>0</top>
						<width>820</width>
						<height>76</height>
						<texture border="5">button-focus2.png</texture>
						<visible>Control.HasFocus(3)</visible>
						<include>VisibleFadeEffect</include>
					</control>
					<control type="image">
						<left>2</left>
						<top>3</top>
						<width>70</width>
						<height>70</height>
						<texture>$INFO[ListItem.Icon]</texture>
						<aspectratio>keep</aspectratio>
						<bordertexture infill="false" border="3">black-back2.png</bordertexture>
						<bordersize>2</bordersize>
					</control>
					<control type="label">
						<left>90</left>
						<top>12</top>
						<width>710</width>
						<height>30</height>
						<font>font13</font>
						<textcolor>white</textcolor>
						<selectedcolor>selected</selectedcolor>
						<align>left</align>
						<aligny>center</aligny>
						<label>[B]$INFO[ListItem.Label][/B]</label>
					</control>
					<control type="label">
						<left>90</left>
						<top>44</top>
						<width>710</width>
						<height>48</height>
						<font>font12</font>
						<textcolor>grey</textcolor>
						<selectedcolor>selected</selectedcolor>
						<align>left</align>
						<label>$INFO[ListItem.Label2]</label>
					</control>
				</focusedlayout>
			</control>
			<control type="scrollbar" id="61">
				<left>820</left>
				<top>65</top>
				<width>25</width>
				<height>496</height>
				<texturesliderbackground border="0,14,0,14">ScrollBarV.png</texturesliderbackground>
				<texturesliderbar border="0,14,0,14">ScrollBarV_bar.png</texturesliderbar>
				<texturesliderbarfocus border="0,14,0,14">ScrollBarV_bar_focus.png</texturesliderbarfocus>
				<textureslidernib>ScrollBarNib.png</textureslidernib>
				<textureslidernibfocus>ScrollBarNib.png</textureslidernibfocus>
				<onleft>3</onleft>
				<onright>90</onright>
				<ondown>61</ondown>
				<onup>61</onup>
				<showonepage>false</showonepage>
				<orientation>vertical</orientation>
			</control>
			<control type="group">
				<left>250</left>
				<control type="label">
					<description>number of files/pages in list text label</description>
					<left>592</left>
					<top>522</top>
					<width>240</width>
					<height>35</height>
					<font>font12</font>
					<align>center</align>
					<aligny>center</aligny>
					<textcolor>grey</textcolor>
					<label>$VAR[SelectLabel]</label>
				</control>
				<control type="grouplist" id="90">
					<left>612</left>
					<top>100</top>
					<onleft>3</onleft>
					<onright>3</onright>
					<control type="button" id="18">
						<description>OK button</description>
						<width>200</width>
						<height>40</height>
						<label>$LOCALIZE[186]</label>
						<font>font12_title</font>
						<textcolor>white</textcolor>
						<focusedcolor>white</focusedcolor>
						<align>center</align>
					</control>
					<control type="button" id="19">
						<description>Cancel button</description>
						<width>200</width>
						<height>40</height>
						<label>$LOCALIZE[13007]</label>
						<font>font12_title</font>
						<textcolor>white</textcolor>
						<focusedcolor>white</focusedcolor>
						<align>center</align>
					</control>
				</control>
			</control>
		</control>
	</include>
</includes>
