<?xml version="1.0" encoding="UTF-8" standalone="yes"?>
<addon id="plugin.program.xsqueezechooser" name="XSqueeze Chooser"
       version="0.0.5" provider-name="bossanova808">
  <requires>
    <import addon="xbmc.python" version="2.0"/>
    <import addon="script.module.xsqueezecommon" version="0.0.6"/>
  </requires>
  <extension point="xbmc.python.pluginsource" library="default.py">
    <provides>executable</provides>
  </extension>
  <extension point="xbmc.addon.metadata">
    <summary>Installed automatically with XSqueeze, this Chooser allows you to select music to play on your XSqueeze player.</summary>
    <description>Installed automatically with XSqueeze, this Chooser allows you to select music to play on your XSqueeze player.</description>
    <platform>all</platform>
    <license>GPL V2</license>
  </extension>
</addon>
