<?xml version="1.0" encoding="UTF-8" standalone="yes"?>
<addon id="script.xsqueeze"
       name="XSqueeze"
       version="0.0.6"
       provider-name="bossanova808">
  <requires>
    <import addon="xbmc.python" version="2.0"/>
  </requires>
  <extension point="xbmc.python.script"
             library="default.py">
    <provides>executable</provides>
  </extension>
  <extension point="xbmc.addon.metadata">
    <platform>all</platform>
    <summary lang="en">Control squeezebox players from XBMC.  If you're running squeezeslave locally, essentially turns your XBMC into a SqueezePlayer!</summary>
    <description lang="en">Control squeezebox players from XBMC.  If you're running squeezeslave locally, essentially turns your XBMC into a SqueezePlayer!  Uses pysqueezecenter as a bridge to the CLI for squeezeboxes.  Uses squeezeslave for local playback if you wish.</description>
    <disclaimer lang="en">Strictly experiemental at the moment!!</disclaimer>
  </extension>
</addon>
