<!--

-->

<window>
  <allowoverlay>no</allowoverlay>
  <controls>

    <!-- STATIC BACKGROUND -->
    <control type="image">
      <posx>0</posx>
      <posy>0</posy>
      <width>1280</width>
      <height>720</height>
      <texture>music.jpg</texture>
    </control>

    <!-- ANIMATIONS -->
    <control type="image">
      <posx>0</posx>
      <posy>100r</posy>
      <width>1280</width>
      <height>100</height>
      <texture>floor.png</texture>
      <include>VisibleFadeEffect</include>
      <animation effect="slide" start="0,10" end="0,0" time="200" condition="Window.Previous(Home)">WindowOpen</animation>
      <animation effect="slide" start="0,0" end="0,10" time="200" condition="Window.Next(Home)">WindowClose</animation>
    </control>

    <!-- MAIN PANELS AND FLOOR AREA -->
    <control type="group">
      <animation type="WindowOpen" reversible="false">
        <effect type="zoom" start="80" end="100" center="640,360" easing="out" tween="back" time="300"/>
        <effect type="fade" start="0" end="100" time="300"/>
      </animation>
      <animation type="WindowClose" reversible="false">
        <effect type="zoom" start="100" end="80" center="640,360" easing="in" tween="back" time="300"/>
        <effect type="fade" start="100" end="0" time="300"/>
      </animation>
      <include>VisibleFadeEffect</include>
      <control type="group">
        <animation effect="slide" start="0,0" end="-40,0" time="200" condition="StringCompare(Weather.Plugin,weather.weatherplus)">Conditional</animation>
        <posx>40</posx>
        <posy>10</posy>
        <control type="image">
          <posx>0</posx>
          <posy>0</posy>
          <width>600</width>
          <height>630</height>
          <texture border="20">ContentPanel.png</texture>
        </control>
        <control type="image">
          <posx>600</posx>
          <posy>30</posy>
          <width>600</width>
          <height>600</height>
          <texture border="20">ContentPanel.png</texture>
        </control>
        <control type="image">
          <posx>0</posx>
          <posy>622</posy>
          <width>1200</width>
          <height>64</height>
          <texture border="10">ContentPanelMirror.png</texture>
        </control>
        <control type="image">
          <posx>20</posx>
          <posy>5</posy>
          <width>600</width>
          <height>80</height>
          <aspectratio>stretch</aspectratio>
          <texture>GlassTitleBar.png</texture>
        </control>
        <control type="label">
          <description>header label</description>
          <posx>15</posx>
          <posy>10</posy>
          <width>600</width>
          <height>30</height>
          <font>font14caps</font>
          <label>XSQUEEZE CHOOSER</label>
          <align>center</align>
          <aligny>center</aligny>
          <textcolor>FF888888</textcolor>
          <shadowcolor>black</shadowcolor>
        </control>

        <!-- LMS server and player ID tags -->
        <control type="label">
          <description>server label</description>
          <posx>15</posx>
          <posy>2</posy>
          <width>1280</width>
          <height>30</height>
          <font>font10</font>
          <label>Server: $INFO[Window.Property(XSQUEEZE_SERVER)]</label>
          <align>left</align>
          <aligny>center</aligny>
          <textcolor>FF333333</textcolor>
          <shadowcolor>black</shadowcolor>
        </control>
        <control type="label">
          <description>player label</description>
          <posx>15</posx>
          <posy>16</posy>
          <width>1280</width>
          <height>30</height>
          <font>font10</font>
          <label>Player: $INFO[Window.Property(XSQUEEZE_PLAYERMAC)]</label>
          <align>left</align>
          <aligny>center</aligny>
          <textcolor>FF333333</textcolor>
          <shadowcolor>black</shadowcolor>
        </control>
      </control>




      <!-- ***************** LEFT PANEL CONTROLS *************************** -->

      <control type="list" id="50">
            <description>My first list container</description>
            <posx>80</posx>
            <posy>60</posy>
            <width>250</width>
            <height>200</height>
            <visible>true</visible>
            <onup>2</onup>
            <ondown>3</ondown>
            <onleft>1</onleft>
            <onright>1</onright>
            <viewtype label="3D list">list</viewtype>
            <orientation>vertical</orientation>
            <pagecontrol>25</pagecontrol>
            <scrolltime tween="sine" easing="out">200</scrolltime>
            <itemlayout width="250" height="29">
      		<control type="image">
      			<posx>5</posx>
      			<posy>3</posy>
      			<width>22</width>
      			<height>22</height>
      			<info>ListItem.Icon</info>
      		</control>
      		<control type="label">
      			<posx>30</posx>
      			<posy>3</posy>
      			<width>430</width>
      			<height>22</height>
      			<font>font13</font>
      			<aligny>center</aligny>
      			<selectedcolor>green</selectedcolor>
      			<align>left</align>
      			<info>$INFO[Window.Property(XSQUEEZE_TEST1)]</info>
      		</control>
      		<control type="label">
      			<posx>475</posx>
      			<posy>3</posy>
      			<width>300</width>
      			<height>22</height>
      			<font>font13</font>
      			<aligny>center</aligny>
      			<selectedcolor>green</selectedcolor>
      			<textcolor>grey</textcolor>
      			<align>right</align>
      			<info>TEST2</info>
      		</control>
            </itemlayout>
          <focusedlayout height="29" width="250">
      		<control type="image">
      			<width>485</width>
      			<height>29</height>
      			<posx>0</posx>
      			<posy>0</posy>
      			<visible>Control.HasFocus(50)</visible>
      			<texture>list-focus.png</texture>
      		</control>
      		<control type="image">
      			<posx>5</posx>
      			<posy>3</posy>
      			<width>22</width>
      			<height>22</height>
      			<info>ListItem.Icon</info>
      		</control>
      		<control type="label">
      			<posx>30</posx>
      			<posy>3</posy>
      			<width>430</width>
      			<height>22</height>
      			<font>font13</font>
      			<aligny>center</aligny>
      			<selectedcolor>green</selectedcolor>
      			<align>left</align>
      			<info>ListItem.Label</info>
      		</control>
      		<control type="label">
      			<posx>475</posx>
      			<posy>3</posy>
      			<width>300</width>
      			<height>22</height>
      			<font>font13</font>
      			<aligny>center</aligny>
      			<selectedcolor>green</selectedcolor>
      			<textcolor>grey</textcolor>
      			<align>right</align>
      			<info>ListItem.Label2</info>
      		</control>
        </focusedlayout>
      </control>

      <!-- ***************** END LEFT PANEL CONTROLS *************************** -->


      <!-- **************** RIGHT PANEL CONTROLS *************************** -->
      <!-- **************** END RIGHT PANEL CONTROLS *************************** -->







    </control>
    <!-- END GROUP MAIN PANEL AND FLOOR -->


    <!-- FROM HERE DOWN - THE CLOCK & WEATHER -->
    <control type="group">
      <posx>520r</posx>
      <posy>0</posy>
      <animation effect="slide" start="0,0" end="-60,0" delay="0" time="300" condition="Window.IsVisible(MuteBug)">conditional</animation>
      <animation effect="slide" start="0,0" end="550,0" delay="0" time="300">WindowClose</animation>
      <animation effect="slide" start="550,0" end="0,0" delay="0" time="300">WindowOpen</animation>
      <visible>!Skin.HasSetting(homepageWeatherinfo) + Weather.IsFetched</visible>
      <control type="image">
        <description>time background</description>
        <posx>0</posx>
        <posy>0</posy>
        <width>180</width>
        <height>35</height>
        <texture flipx="true" border="32,0,0,0">header.png</texture>
      </control>
      <control type="image">
        <description>Weather image</description>
        <posx>30</posx>
        <posy>1</posy>
        <width>25</width>
        <height>25</height>
        <aspectratio>keep</aspectratio>
        <texture>$INFO[Window(Weather).Property(Current.ConditionIcon)]</texture>
      </control>
      <control type="label">
        <description>time label</description>
        <posx>60</posx>
        <posy>0</posy>
        <width>100</width>
        <height>28</height>
        <align>left</align>
        <aligny>center</aligny>
        <font>font12</font>
        <textcolor>white</textcolor>
        <shadowcolor>black</shadowcolor>
        <label>[B]$INFO[Weather.Temperature][/B]</label>
      </control>
    </control>
    <control type="group">
      <posx>390r</posx>
      <posy>0</posy>
      <animation effect="slide" start="0,0" end="-60,0" delay="0" time="300" condition="Window.IsVisible(MuteBug)">conditional</animation>
      <animation effect="slide" start="0,0" end="420,0" delay="0" time="300">WindowClose</animation>
      <animation effect="slide" start="420,0" end="0,0" delay="0" time="300">WindowOpen</animation>
      <control type="image">
        <description>time background</description>
        <posx>0</posx>
        <posy>0</posy>
        <width>440</width>
        <height>35</height>
        <texture flipx="true" border="32,0,0,0">header.png</texture>
      </control>
      <control type="label">
        <description>time label</description>
        <posx>30</posx>
        <posy>0</posy>
        <width>400</width>
        <height>28</height>
        <align>left</align>
        <aligny>center</aligny>
        <font>font12</font>
        <textcolor>white</textcolor>
        <shadowcolor>black</shadowcolor>
        <label>[COLOR=grey]$INFO[System.Date][/COLOR] | $INFO[System.Time]</label>
      </control>
    </control>
    <!-- END - THE CLOCK & WEATHER -->

  </controls>
</window>
