<?xml version="1.0" encoding="UTF-8"?>
<window type="dialog" id="1103">
	<defaultcontrol always="true">5000</defaultcontrol>
	<coordinates>
		<left>710</left>
		<top>220</top>
	</coordinates>
	<include>Animation_DialogPopupOpenClose</include>
	<controls>
		<include content="DialogBackgroundCommons">
			<param name="DialogBackgroundWidth" value="500" />
			<param name="DialogBackgroundHeight" value="550" />
			<param name="DialogHeaderLabel" value="$LOCALIZE[31070]" />
			<param name="DialogHeaderId" value="" />
		</include>
		<control type="textbox">
			<left>10</left>
			<top>307</top>
			<width>480</width>
			<height>300</height>
			<textcolor>button_focus</textcolor>
			<align>center</align>
			<aligny>center</aligny>
			<font>font12</font>
			<label>$LOCALIZE[31062]</label>
		</control>
		<control type="list" id="5000">
			<left>2</left>
			<top>107</top>
			<width>496</width>
			<height>660</height>
			<onup>5000</onup>
			<ondown>5000</ondown>
			<onleft>99</onleft>
			<onright>61</onright>
			<include content="DefaultSimpleListLayout">
				<param name="width" value="500" />
				<param name="list_id" value="5000" />
				<param name="align" value="center" />
			</include>
			<content>
				<item>
					<label>$LOCALIZE[3]</label>
					<onclick>Dialog.Close(all)</onclick>
					<onclick>ActivateWindow(Videos,Files,return)</onclick>
				</item>
				<item>
					<label>$LOCALIZE[2]</label>
					<onclick>Dialog.Close(all)</onclick>
					<onclick>ActivateWindow(Music,Files,return)</onclick>
				</item>
				<item>
					<label>$LOCALIZE[1]</label>
					<onclick>Dialog.Close(all)</onclick>
					<onclick>ActivateWindow(pictures,root)</onclick>
				</item>
			</content>
		</control>
	</controls>
</window>
