<?xml version="1.0" encoding="utf-8"?>
<window>
	<defaultcontrol always="true">9000</defaultcontrol>
	<onload condition="!ListItem.Property(addon.isinstalled) + Window.IsActive(addonbrowser)">SetFocus(6)</onload>
	<onload>SetProperty(infobackground,$INFO[ListItem.Art(fanart)],home)</onload>
	<onunload>ClearProperty(infobackground,home)</onunload>
	<controls>
		<control type="group">
			<include>OpenClose_Right</include>
			<control type="button" id="5000">
				<left>605</left>
				<top>400</top>
				<width>1235</width>
				<height>375</height>
				<label>-</label>
				<onup>50</onup>
				<ondown>9000</ondown>
				<onclick>SetProperty(TextViewer_Header,$LOCALIZE[31141] $INFO[ListItem.AddonVersion],home)</onclick>
				<onclick>SetProperty(TextViewer_Text,$ESCINFO[ListItem.AddonNews],home)</onclick>
				<onclick>ActivateWindow(1102)</onclick>
				<enable>!String.IsEmpty(ListItem.AddonNews)</enable>
			</control>
			<control type="textbox">
				<left>670</left>
				<top>435</top>
				<width>1050</width>
				<height>300</height>
				<font>font_textbox</font>
				<label>$INFO[ListItem.AddonSummary,[B],[/B][CR]][COLOR=white]$INFO[ListItem.AddonDescription][/COLOR][COLOR=white][CR][/COLOR]$VAR[AddonNewsVar,[CR][CR]]</label>
				<textcolor>button_focus</textcolor>
				<autoscroll delay="5000" repeat="7500" time="5000">true</autoscroll>
			</control>
			<control type="group">
				<left>625</left>
				<top>176</top>
				<visible>Integer.IsEqual(Container(50).NumItems,0)</visible>
				<control type="image">
					<width>385</width>
					<height>220</height>
					<texture border="2" background="true">DefaultNoPreview.png</texture>
					<aspectratio>scale</aspectratio>
					<bordertexture colordiffuse="border_alpha">colors/black.png</bordertexture>
					<bordersize>4</bordersize>
				</control>
				<control type="image">
					<left>405</left>
					<width>385</width>
					<height>220</height>
					<texture border="2" background="true">DefaultNoPreview.png</texture>
					<aspectratio>scale</aspectratio>
					<bordertexture colordiffuse="border_alpha">colors/black.png</bordertexture>
					<bordersize>4</bordersize>
				</control>
				<control type="image">
					<left>810</left>
					<width>385</width>
					<height>220</height>
					<texture border="2" background="true">DefaultNoPreview.png</texture>
					<aspectratio>scale</aspectratio>
					<bordertexture colordiffuse="border_alpha">colors/black.png</bordertexture>
					<bordersize>4</bordersize>
				</control>
			</control>
			<control type="panel" id="50">
				<left>625</left>
				<top>176</top>
				<width>1215</width>
				<height>233</height>
				<ondown>5000</ondown>
				<onup>9000</onup>
				<orientation>horizontal</orientation>
				<itemlayout height="225" width="405">
					<control type="image">
						<width>385</width>
						<height>220</height>
						<texture border="2" background="true">DefaultNoPreview.png</texture>
						<aspectratio>scale</aspectratio>
						<bordertexture colordiffuse="border_alpha">colors/black.png</bordertexture>
						<bordersize>4</bordersize>
					</control>
					<control type="image">
						<width>385</width>
						<height>220</height>
						<texture border="2" background="true">$INFO[ListItem.Icon]</texture>
						<aspectratio>scale</aspectratio>
						<bordertexture colordiffuse="border_alpha">colors/black.png</bordertexture>
						<bordersize>4</bordersize>
					</control>
				</itemlayout>
				<focusedlayout height="225" width="405">
					<control type="image">
						<width>385</width>
						<height>220</height>
						<texture border="2" background="true">DefaultNoPreview.png</texture>
						<aspectratio>scale</aspectratio>
						<bordertexture colordiffuse="border_alpha">colors/black.png</bordertexture>
						<bordersize>4</bordersize>
					</control>
					<control type="image">
						<width>385</width>
						<height>220</height>
						<texture border="2" background="true">$INFO[ListItem.Icon]</texture>
						<aspectratio>scale</aspectratio>
						<bordertexture colordiffuse="border_alpha">colors/black.png</bordertexture>
						<bordersize>4</bordersize>
					</control>
					<control type="image">
						<width>385</width>
						<height>220</height>
						<texture border="8" colordiffuse="button_focus">buttons/thumbnail_focused.png</texture>
					</control>
				</focusedlayout>
			</control>
			<include content="LeftRightArrows">
				<param name="list_id" value="50" />
				<param name="left_posx" value="580" />
				<param name="right_posx" value="1840" />
				<param name="posy" value="280" />
				<param name="visible" value="true" />
			</include>
			<control type="grouplist" id="9000">
				<left>90</left>
				<top>820</top>
				<width>1740</width>
				<height>300</height>
				<onleft>9000</onleft>
				<onright>9000</onright>
				<onup>5000</onup>
				<ondown>9000</ondown>
				<align>center</align>
				<itemgap>-18</itemgap>
				<orientation>horizontal</orientation>
				<include content="InfoDialogButton">
					<param name="id" value="12" />
					<param name="icon" value="icons/infodialogs/launch.png" />
					<param name="label" value="$LOCALIZE[518]" />
				</include>
				<include content="InfoDialogButton">
					<param name="id" value="9" />
					<param name="icon" value="icons/infodialogs/configure.png" />
					<param name="label" value="$LOCALIZE[24020]" />
				</include>
				<include content="InfoDialogButton">
					<param name="id" value="8" />
					<param name="icon" value="icons/infodialogs/update.png" />
					<param name="label" value="$LOCALIZE[24069]" />
				</include>
				<control type="radiobutton" id="13">
					<width>262</width>
					<height>140</height>
					<align>center</align>
					<aligny>top</aligny>
					<textoffsetx>35</textoffsetx>
					<textoffsety>76</textoffsety>
					<radioposx>81</radioposx>
					<radioposy>14</radioposy>
					<radiowidth>100</radiowidth>
					<font>font12</font>
					<visible>Control.IsEnabled(13)</visible>
				</control>
				<include content="InfoDialogToggleButton">
					<param name="id" value="7" />
					<param name="icon_on" value="icons/infodialogs/disable.png" />
					<param name="icon_off" value="icons/infodialogs/enabled.png" />
					<param name="selected" value="!String.StartsWith(Control.GetLabel(7),$LOCALIZE[24022]) | !Window.IsActive(addonbrowser)" />
					<param name="label" value="" />
				</include>
				<include content="InfoDialogToggleButton">
					<param name="id" value="6" />
					<param name="icon_on" value="icons/infodialogs/uninstall.png" />
					<param name="icon_off" value="icons/infodialogs/install.png" />
					<param name="selected" value="ListItem.Property(addon.isinstalled) | !Window.IsActive(addonbrowser)" />
					<param name="label" value="" />
				</include>
			</control>
		</control>
		<control type="group">
			<include>OpenClose_Left</include>
			<top>158</top>
			<left>80</left>
			<control type="image">
				<width>505</width>
				<height>505</height>
				<aspectratio>scale</aspectratio>
				<texture colordiffuse="border_alpha">colors/black.png</texture>
				<bordertexture border="20">overlays/shadow.png</bordertexture>
				<bordersize>20</bordersize>
			</control>
			<control type="image">
				<left>24</left>
				<top>24</top>
				<width>457</width>
				<height>457</height>
				<aspectratio aligny="top">scale</aspectratio>
				<fadetime>300</fadetime>
				<texture background="true" fallback="DefaultFolderSquare.png">$INFO[ListItem.Art(thumb)]</texture>
			</control>
			<control type="button">
				<left>-3</left>
				<top>490</top>
				<width>511</width>
				<height>128</height>
				<label>-</label>
			</control>
			<control type="textbox">
				<left>30</left>
				<top>515</top>
				<width>446</width>
				<height>80</height>
				<font>font_textbox</font>
				<label fallback="31008">$INFO[ListItem.AddonDisclaimer,$LOCALIZE[24052]: ]</label>
				<textcolor>button_focus</textcolor>
				<autoscroll time="2000" delay="3000" repeat="5000">true</autoscroll>
			</control>
			<control type="group">
				<visible>!String.IsEmpty(ListItem.AddonBroken)</visible>
				<include>OpenClose_Fade</include>
				<control type="image">
					<left>24</left>
					<top>186</top>
					<width>511</width>
					<height>511</height>
					<texture colordiffuse="AAFFFFFF">colors/black.png</texture>
				</control>
				<control type="textbox">
					<left>24</left>
					<top>186</top>
					<width>511</width>
					<height>511</height>
					<align>center</align>
					<aligny>center</aligny>
					<label>$LOCALIZE[24096]</label>
					<font>font24_title</font>
				</control>
			</control>
		</control>
		<include content="InfoDialogTopBarInfo">
			<param name="main_label" value="$INFO[ListItem.AddonName]" />
			<param name="sub_label" value="$INFO[ListItem.AddonVersion,[COLOR grey],[/COLOR]]$INFO[ListItem.AddonCreator, $LOCALIZE[31071] ]" />
		</include>
	</controls>
</window>
