<?xml version="1.0" encoding="utf-8"?>
<window>
	<defaultcontrol>-</defaultcontrol>
	<controls>
		<control type="group" id="1">
			<visible>Player.Caching</visible>
			<animation delay="300" effect="fade" time="200">Visible</animation>
			<animation effect="fade" delay="200" time="150">Hidden</animation>
			<control type="image" id="1">
				<left>910</left>
				<top>490</top>
				<width>100</width>
				<height>100</height>
				<texture colordiffuse="button_focus">dialogs/extendedprogress/loading-back.png</texture>
			</control>
<!-- 			<control type="image" id="1">
				<left>910</left>
				<top>490</top>
				<width>100</width>
				<height>100</height>
				<texture>dialogs/volume/progress/p$INFO[Player.CacheLevel].png</texture>
				<animation effect="fade" end="50" time="0" condition="true">Conditional</animation>
			</control> -->
			<control type="image" id="1">
				<left>910</left>
				<top>490</top>
				<width>100</width>
				<height>100</height>
				<texture>dialogs/extendedprogress/loading.png</texture>
				<animation effect="rotate" center="auto" start="360" end="0" time="1500" loop="true" condition="true">Conditional</animation>
			</control>
		</control>
	</controls>
</window>
