<?xml version="1.0" encoding="UTF-8" standalone="yes"?>
<addon id="script.ozweather-skinpatcher" name="OzWeather Skin Patcher" version="0.2.8" provider-name="bossanova808">
  <requires>
    <import addon="xbmc.python" version="3.0.0"/>
  </requires>
  <extension point="xbmc.python.script" library="default.py">
    <provides>executable</provides>
  </extension>
  <extension point="xbmc.addon.metadata">
    <summary lang="en_GB">Patch Kodi skins (Estuary, Estouchy, Confluence, Amber) for OzWeather Radar Support.</summary>
    <description lang="en_GB">
        This addon attempts to patch Kodi skins for OzWeather radar support.
        Supports: Estuary, Estouchy, Confluence, Xonfluence, Amber, Aeon (Nox Silvo and Tajo)
        Skin folder must be writeable! (Creates a backup of of the original skin files first and this addon can also restore those if need be).
        By default patches only the actual weather page.
        For Estuary &amp; Confluence, also patched your VideoFullScreen file for weather/radar during playback when video info is displayed.
    </description>
    <platform>all</platform>
    <license>GPL-3.0-only</license>
    <website></website>
    <source></source>
    <forum></forum>
    <email>bossonav808@gmail.com</email>
    <news>0.2.6
      - Hopefully fix custom backgrounds in Amber
      0.2.5
      - Add support for user choice of colours, and for aeon/amber background image, background opacity
      0.2.3
      - Tweaks, add support for aeon (aeon nox silvo and aean tajo tested), xonfluence
      0.1.9
        - Tweaks based on feedback
      0.1.7
        - VideoFullScreen is always used to make the addon simpler
        - New buttons for Estuary
      0.1.5
        - Tweaks
      0.1.4
        - Add support for Amber
      0.1.3
        - Support for imminent OzWeather 2 release, with support for Confluence, Estuary, Estouchy
    </news>
    <assets>
      <icon>icon.png</icon>
    </assets>
  </extension>
</addon>


