<?xml version="1.0" encoding="UTF-8" standalone="yes"?>
<addon id="repository.bossanova808" name="bossanova808's XBMC Addons" version="1.0.3" provider-name="bossanova808 [bossanova808@gmail.com]">
	<extension point="xbmc.addon.repository" name="bossanova808's XBMC Addon Repository">
		<info compressed="false">https://raw.github.com/bossanova808/bossanova808-xbmc-addons/master/addons.xml</info>
		<checksum>http://github.com/t0mm0/t0mm0-xbmc-plugins/raw/master/addons.xml.md5</checksum>
		<datadir zip="true">http://github.com/t0mm0/t0mm0-xbmc-plugins/raw/master/repo/</datadir>
	</extension>
	<extension point="xbmc.addon.metadata">
		<summary>Install bossanova808's XBMC Addons</summary>
		<description>Download and install addons by bossanova808</description>
		<platform>all</platform>
	</extension>
</addon>

