<?xml version="1.0" encoding="UTF-8"?>
<window>
	<defaultcontrol always="true">2</defaultcontrol>
	<allowoverlay>no</allowoverlay>
	<controls>
		<include>CommonBackground</include>
		<control type="image">
			<left>0</left>
			<top>100r</top>
			<width>1280</width>
			<height>100</height>
			<texture>floor.png</texture>
			<animation effect="slide" start="0,10" end="0,0" time="200" condition="Window.Previous(Home)">WindowOpen</animation>
			<animation effect="slide" start="0,0" end="0,10" time="200" condition="Window.Next(Home)">WindowClose</animation>
		</control>
		<control type="group">
			<left>90</left>
			<top>30</top>
			<animation type="WindowOpen" reversible="false">
				<effect type="zoom" start="80" end="100" center="640,360" easing="out" tween="back" time="300"/>
				<effect type="fade" start="0" end="100" time="300"/>
			</animation>
			<animation type="WindowClose" reversible="false">
				<effect type="zoom" start="100" end="80" center="640,360" easing="in" tween="back" time="300"/>
				<effect type="fade" start="100" end="0" time="300"/>
			</animation>
			<control type="image">
				<left>5</left>
				<top>5</top>
				<width>1090</width>
				<height>630</height>
				<texture border="15">ContentPanel.png</texture>
			</control>
			<control type="image">
				<left>5</left>
				<top>625</top>
				<width>1090</width>
				<height>64</height>
				<texture border="15">ContentPanelMirror.png</texture>
			</control>
			<control type="button">
				<description>Close Window button</description>
				<left>980</left>
				<top>11</top>
				<width>64</width>
				<height>32</height>
				<label>-</label>
				<font>-</font>
				<onclick>PreviousMenu</onclick>
				<texturefocus>DialogCloseButton-focus.png</texturefocus>
				<texturenofocus>DialogCloseButton.png</texturenofocus>
				<onleft>1</onleft>
				<onright>1</onright>
				<onup>1</onup>
				<ondown>1</ondown>
				<visible>system.getbool(input.enablemouse)</visible>
			</control>
			<control type="image">
				<description>LOGO</description>
				<left>30</left>
				<top>15</top>
				<width>220</width>
				<height>80</height>
				<aspectratio>keep</aspectratio>
				<texture>Confluence_Logo.png</texture>
			</control>
			<control type="button" id="4">
				<description>Enable Login screen</description>
				<left>10</left>
				<top>90</top>
				<width>250</width>
				<height>72</height>
				<textoffsety>8</textoffsety>
				<label>20096</label>
				<font>font24_title</font>
				<align>right</align>
				<aligny>top</aligny>
				<texturenofocus border="5">MenuItemNF.png</texturenofocus>
				<texturefocus border="5">MenuItemFO.png</texturefocus>
				<onleft>2</onleft>
				<onright>2</onright>
				<onup>5</onup>
				<ondown>5</ondown>
				<enable>!Window.IsVisible(ProfileSettings)</enable>
			</control>
			<control type="label">
				<right>250</right>
				<top>130</top>
				<width>240</width>
				<height>25</height>
				<font>font13</font>
				<textcolor>grey2</textcolor>
				<align>right</align>
				<aligny>center</aligny>
				<label>305</label>
				<visible>System.HasLoginScreen</visible>
			</control>
			<control type="label">
				<right>250</right>
				<top>130</top>
				<width>240</width>
				<height>25</height>
				<font>font13</font>
				<textcolor>grey2</textcolor>
				<align>right</align>
				<aligny>center</aligny>
				<label>1223</label>
				<visible>!System.HasLoginScreen</visible>
			</control>
			<control type="button" id="5"> 
				<description>Choose auto login user</description> 
				<left>10</left> 
				<top>161</top> 
				<width>250</width> 
				<height>72</height> 
				<textoffsety>8</textoffsety> 
				<label>33084</label> 
				<font>font24_title</font> 
				<align>right</align> 
				<aligny>top</aligny> 
				<texturenofocus border="5">MenuItemNF.png</texturenofocus> 
				<texturefocus border="5">MenuItemFO.png</texturefocus> 
				<onleft>2</onleft> 
				<onright>2</onright> 
				<onup>4</onup> 
				<ondown>4</ondown> 
				<visible>!System.HasLoginScreen</visible> 
				<enable>!Window.IsVisible(ProfileSettings) + !System.HasLoginScreen</enable> 
			</control> 
			<control type="button"> 
				<description>Choose auto login user (grayed out)</description> 
				<left>10</left> 
				<top>161</top> 
				<width>250</width> 
				<height>72</height> 
				<textoffsety>8</textoffsety> 
				<label>33084</label> 
				<font>font24_title</font> 
				<textcolor>grey2</textcolor> 
				<align>right</align> 
				<aligny>top</aligny> 
				<texturenofocus border="5">MenuItemNF.png</texturenofocus> 
				<texturefocus border="5">MenuItemFO.png</texturefocus> 
				<onleft>2</onleft> 
				<onright>2</onright> 
				<onup>4</onup> 
				<ondown>4</ondown> 
				<visible>System.HasLoginScreen</visible> 
				<enable>false</enable> 
			</control> 
			<control type="label"> 
				<right>247</right> 
				<top>201</top> 
				<width>200</width> 
				<height>25</height> 
				<font>font13caps</font> 
				<textcolor>grey2</textcolor> 
				<align>right</align> 
				<aligny>center</aligny> 
				<label>$INFO[System.ProfileAutoLogin]</label> 
				<visible>!Control.HasFocus(5) + !System.HasLoginScreen</visible>
			</control> 
			<control type="label"> 
				<left>247</left> 
				<top>201</top> 
				<width>200</width> 
				<height>25</height> 
				<font>font13caps</font> 
				<textcolor>grey2</textcolor> 
				<align>right</align> 
				<aligny>center</aligny> 
				<label>$INFO[System.ProfileAutoLogin]</label> 
				<scroll>true</scroll> 
				<scrollspeed>30</scrollspeed> 
				<visible>Control.HasFocus(5) + !System.HasLoginScreen</visible>
			</control> 
			<control type="group">
				<left>20</left>
				<top>260</top>
				<control type="image">
					<left>0</left>
					<top>0</top>
					<width>240</width>
					<height>200</height>
					<aspectratio>keep</aspectratio>
					<bordertexture border="12">ThumbBorder.png</bordertexture>
					<bordersize>10</bordersize>
					<texture fallback="unknown-user.png">$INFO[Container(2).Listitem.Icon]</texture>
				</control>
				<control type="label">
					<left>0</left>
					<top>210</top>
					<width>240</width>
					<height>20</height>
					<font>font12_title</font>
					<textcolor>blue</textcolor>
					<align>center</align>
					<aligny>center</aligny>
					<label>$LOCALIZE[31319]</label>
				</control>
				<control type="label">
					<left>0</left>
					<top>235</top>
					<width>240</width>
					<height>20</height>
					<font>font13</font>
					<textcolor>white</textcolor>
					<align>center</align>
					<aligny>center</aligny>
					<label>$INFO[Container(2).ListItem.Label]</label>
				</control>
				<control type="label">
					<left>0</left>
					<top>265</top>
					<width>240</width>
					<height>30</height>
					<font>font12_title</font>
					<textcolor>blue</textcolor>
					<align>center</align>
					<aligny>center</aligny>
					<label>$LOCALIZE[31320]</label>
				</control>
				<control type="label">
					<left>0</left>
					<top>290</top>
					<width>240</width>
					<height>30</height>
					<font>font13</font>
					<textcolor>white</textcolor>
					<align>center</align>
					<aligny>center</aligny>
					<label fallback="13170">$INFO[Container(2).ListItem.Label2]</label>
				</control>
			</control>
			<control type="image">
				<left>268</left>
				<top>10</top>
				<width>790</width>
				<height>618</height>
				<texture border="5">black-back2.png</texture>
			</control>
			<control type="image">
				<left>268</left>
				<top>10</top>
				<width>804</width>
				<height>70</height>
				<aspectratio>stretch</aspectratio>
				<texture>GlassTitleBar.png</texture>
			</control>
			<control type="label">
				<description>header label</description>
				<left>300</left>
				<top>20</top>
				<width>740</width>
				<height>30</height>
				<font>font30_title</font>
				<label>$LOCALIZE[10034]</label>
				<align>left</align>
				<aligny>center</aligny>
				<textcolor>white</textcolor>
				<shadowcolor>black</shadowcolor>
			</control>
			<control type="panel" id="2">
				<left>283</left>
				<top>70</top>
				<width>760</width>
				<height>540</height>
				<onleft>4</onleft>
				<onright>60</onright>
				<onup>53</onup>
				<ondown>53</ondown>
				<viewtype label="21371">list</viewtype>
				<pagecontrol>60</pagecontrol>
				<scrolltime>200</scrolltime>
				<itemlayout height="180" width="190">
					<control type="image">
						<left>1</left>
						<top>0</top>
						<width>188</width>
						<height>145</height>
						<bordertexture border="5">button-nofocus.png</bordertexture>
						<bordersize>5</bordersize>
						<texture fallback="unknown-user.png">$INFO[Listitem.Icon]</texture>
					</control>
					<control type="label">
						<left>94</left>
						<top>145</top>
						<width>178</width>
						<height>25</height>
						<font>font11</font>
						<textcolor>grey2</textcolor>
						<selectedcolor>selected</selectedcolor>
						<align>center</align>
						<aligny>center</aligny>
						<info>ListItem.Label</info>
					</control>
				</itemlayout>
				<focusedlayout height="180" width="190">
					<control type="image">
						<left>1</left>
						<top>0</top>
						<width>188</width>
						<height>145</height>
						<bordertexture border="5">folder-focus.png</bordertexture>
						<bordersize>5</bordersize>
						<texture fallback="unknown-user.png">$INFO[Listitem.Icon]</texture>
					</control>
					<control type="label">
						<left>94</left>
						<top>145</top>
						<width>178</width>
						<height>25</height>
						<font>font11</font>
						<textcolor>white</textcolor>
						<selectedcolor>selected</selectedcolor>
						<align>center</align>
						<aligny>center</aligny>
						<info>ListItem.Label</info>
					</control>
				</focusedlayout>
			</control>
			<control type="scrollbar" id="60">
				<left>1060</left>
				<top>60</top>
				<width>25</width>
				<height>530</height>
				<texturesliderbackground border="0,14,0,14">ScrollBarV.png</texturesliderbackground>
				<texturesliderbar border="0,14,0,14">ScrollBarV_bar.png</texturesliderbar>
				<texturesliderbarfocus border="0,14,0,14">ScrollBarV_bar_focus.png</texturesliderbarfocus>
				<textureslidernib>ScrollBarNib.png</textureslidernib>
				<textureslidernibfocus>ScrollBarNib.png</textureslidernibfocus>
				<onleft>2</onleft>
				<onright>4</onright>
				<showonepage>false</showonepage>
				<orientation>vertical</orientation>
			</control>
		</control>
		<include>CommonNowPlaying</include>
		<include>MainWindowMouseButtons</include>
		<include>BehindDialogFadeOut</include>
		<control type="image">
			<description>Section header image</description>
			<left>20</left>
			<top>3</top>
			<width>35</width>
			<height>35</height>
			<aspectratio>keep</aspectratio>
			<texture>icon_system.png</texture>
		</control>
		<control type="grouplist">
			<left>65</left>
			<top>5</top>
			<width>1000</width>
			<height>30</height>
			<orientation>horizontal</orientation>
			<align>left</align>
			<itemgap>5</itemgap>
			<control type="label">
				<include>WindowTitleCommons</include>
				<label>$LOCALIZE[13200]</label>
			</control>
		</control>
		<include>Clock</include>
	</controls>
</window>
