<window id="0">
	<defaultcontrol always="true">9000</defaultcontrol>
	<allowoverlay>no</allowoverlay>	
	<controls>
		<control type="multiimage">
			<posx>0</posx>
			<posy>0</posy>
			<width>1280</width>
			<height>720</height>
			<imagepath background="true">$INFO[Container(9000).ListItem.Icon]</imagepath>
			<timeperimage>8000</timeperimage>
			<randomize>true</randomize>
			<fadetime>1000</fadetime>
		</control>
		<include>CommonMediaPlayingBackground</include>
		
    <control type="image">
			<posx>0</posx>
			<posy>250r</posy>
			<width>1280</width>
			<height>250</height>
			<colordiffuse>AAFFFFFF</colordiffuse>
			<texture>HomeNowPlayingBack.png</texture>
			<include>Window_OpenClose_Animation</include>
		</control>
		
    <!--
    <control type="image">
			<posx>0</posx>
			<posy>90r</posy>
			<width>1280</width>
			<height>90</height>
			<texture>floor.png</texture>
			<animation effect="fade" time="250" condition="Window.Previous(Home)">WindowOpen</animation>
			<animation effect="fade" time="250" condition="Window.Next(Home)">WindowClose</animation>
		</control>
		-->
    <!--<control type="image">
			<description>LOGO</description>
			<posx>512</posx>
			<posy>145r</posy>
			<width>256</width>
			<height>128</height>
			<aspectratio aligny="bottom">keep</aspectratio>
			<texture>xbmc-logo.png</texture>
			<visible>!IntegerGreaterThan(Container(9002).NumItems,0)</visible>
			<include>VisibleFadeEffect</include>
			<include>Window_OpenClose_Animation</include>
		</control>
		-->
    <control type="image">
			<posx>0</posx>
			<posy>125</posy>
			<width>1280</width>
			<height>250</height>
			<colordiffuse>AAFFFFFF</colordiffuse>
			<texture>HomeNowPlayingBack.png</texture>
			<visible>[Player.HasAudio + !Skin.HasSetting(homepageMusicinfo)] | [Player.HasVideo + !Skin.HasSetting(homepageVideoinfo)] | [Container(9000).HasFocus(2) + Skin.HasSetting(homepageShowRecentlyAdded)] | [Container(9000).HasFocus(10) + Skin.HasSetting(homepageShowRecentlyAdded)] | [Container(9000).HasFocus(11) + Skin.HasSetting(homepageShowRecentlyAdded)]</visible>
			<include>Window_OpenClose_Animation</include>
		</control>
		<!-- Music Info -->
		<control type="group">
			<posx>0</posx>
			<posy>20</posy>
			<visible>Player.HasAudio + !Skin.HasSetting(homepageMusicinfo) + ![Container(9000).HasFocus(2) + ![Skin.HasSetting(HomeMenuNoMoviesButton) | Skin.HasSetting(HomeMenuNoTVShowsButton)] + Skin.HasSetting(homepageShowRecentlyAdded)]</visible>
			<include>VisibleFadeEffect</include>
			<include>Window_OpenClose_Animation</include>
			<control type="image">
				<description>Cover image</description>
				<posx>20</posx>
				<posy>45</posy>
				<width>130</width>
				<height>300</height>
				<aspectratio aligny="bottom">keep</aspectratio>
				<texture>$INFO[MusicPlayer.Cover]</texture>
				<bordertexture border="8">ThumbBorder.png</bordertexture>
				<bordersize>5</bordersize>
			</control>
			<control type="label">
				<description>Album Label</description>
				<posx>170</posx>
				<posy>265</posy>
				<height>25</height>
				<width>1000</width>
				<label>$INFO[MusicPlayer.Artist,, - ]$INFO[MusicPlayer.Album]$INFO[musicplayer.discnumber, - $LOCALIZE[427]:]</label>
				<align>left</align>
				<aligny>center</aligny>
				<font>font12</font>
				<textcolor>white</textcolor>
				<shadowcolor>black</shadowcolor>
			</control>
			<control type="label">
				<description>Title label</description>
				<posx>170</posx>
				<posy>285</posy>
				<height>30</height>
				<width>1000</width>
				<label>$INFO[MusicPlayer.Title]</label>
				<align>left</align>
				<aligny>center</aligny>
				<font>font13_title</font>
				<textcolor>white</textcolor>
				<shadowcolor>black</shadowcolor>
			</control>
			<control type="label">
				<description>Time Label</description>
				<posx>170</posx>
				<posy>310</posy>
				<height>30</height>
				<width>300</width>
				<label>$INFO[Player.Time]$INFO[Player.Duration,[COLOR=blue] / [/COLOR]]</label>
				<align>left</align>
				<aligny>center</aligny>
				<font>font12</font>
				<textcolor>white</textcolor>
				<shadowcolor>black</shadowcolor>
			</control>
		</control>
		<!-- LiveTV Info -->
		<control type="group">
			<posx>490r</posx>
			<posy>40</posy>
			<visible>Container(9000).HasFocus(12) + [PVR.IsRecording | PVR.HasNonRecordingTimer]</visible>
			<include>VisibleFadeEffect</include>
			<include>Window_OpenClose_Animation</include>
			<animation effect="fade" start="100" end="0" time="200" condition="Window.IsActive(Favourites)">conditional</animation>
			<control type="group">
				<animation effect="slide" start="0,0" end="0,100" time="0" condition="PVR.IsRecording">conditional</animation>
				<visible>PVR.HasNonRecordingTimer</visible>
				<control type="image">
					<posx>0</posx>
					<posy>-5</posy>
					<width>490</width>
					<height>90</height>
					<texture>gradient.png</texture>
				</control>
				<control type="image">
					<posx>400</posx>
					<posy>0</posy>
					<width>80</width>
					<height>80</height>
					<aspectratio>keep</aspectratio>
					<texture background="true" fallback="DefaultVideoCover.png">$INFO[PVR.NextRecordingChannelIcon]</texture>
					<bordertexture border="8">ThumbBorder.png</bordertexture>
					<bordersize>4</bordersize>
				</control>
				<control type="image">
					<posx>365</posx>
					<posy>5</posy>
					<width>25</width>
					<height>25</height>
					<aspectratio>keep</aspectratio>
					<texture>PVR-HasTimer.png</texture>
				</control>
				<control type="label">
					<description>Next Timer Header label</description>
					<posx>355</posx>
					<posy>5</posy>
					<height>25</height>
					<width>400</width>
					<label>$LOCALIZE[19157]</label>
					<align>right</align>
					<aligny>center</aligny>
					<font>font12_title</font>
					<textcolor>blue</textcolor>
					<shadowcolor>black</shadowcolor>
				</control>
				<control type="label">
					<description>NextRecordingDateTime</description>
					<posx>390</posx>
					<posy>30</posy>
					<height>25</height>
					<width>400</width>
					<label>$INFO[PVR.NextRecordingDateTime,$LOCALIZE[19126] - ]</label>
					<align>right</align>
					<aligny>center</aligny>
					<font>font12</font>
					<scroll>true</scroll>
					<shadowcolor>black</shadowcolor>
				</control>
				<control type="label">
					<description>NextRecordingTitle Channel</description>
					<posx>390</posx>
					<posy>50</posy>
					<height>25</height>
					<width>800</width>
					<label>$INFO[PVR.NextRecordingTitle][COLOR=grey]$INFO[PVR.NextRecordingChannel, - [COLOR=blue]([/COLOR],[COLOR=blue])[/COLOR]][/COLOR]</label>
					<align>right</align>
					<aligny>center</aligny>
					<font>font12_title</font>
					<shadowcolor>black</shadowcolor>
					<scroll>true</scroll>
				</control>
			</control>
			<control type="group">
				<visible>PVR.IsRecording</visible>
				<control type="image">
					<posx>0</posx>
					<posy>-5</posy>
					<width>490</width>
					<height>90</height>
					<texture>gradient.png</texture>
				</control>
				<control type="image">
					<posx>400</posx>
					<posy>0</posy>
					<width>80</width>
					<height>80</height>
					<aspectratio>keep</aspectratio>
					<texture background="true" fallback="DefaultVideoCover.png">$INFO[PVR.NowRecordingChannelIcon]</texture>
					<bordertexture border="8">ThumbBorder.png</bordertexture>
					<bordersize>4</bordersize>
				</control>
				<control type="image">
					<posx>360</posx>
					<posy>5</posy>
					<width>30</width>
					<height>25</height>
					<aspectratio>keep</aspectratio>
					<texture>PVR-IsRecording.png</texture>
				</control>
				<control type="label">
					<description>Is Recording Header label</description>
					<posx>350</posx>
					<posy>5</posy>
					<height>25</height>
					<width>400</width>
					<label>$LOCALIZE[19158]</label>
					<align>right</align>
					<aligny>center</aligny>
					<font>font12_title</font>
					<textcolor>blue</textcolor>
					<shadowcolor>black</shadowcolor>
				</control>
				<control type="label">
					<description>NextRecordingDateTime</description>
					<posx>390</posx>
					<posy>30</posy>
					<height>25</height>
					<width>400</width>
					<label>$INFO[PVR.NowRecordingDateTime,$LOCALIZE[19126] - ]</label>
					<align>right</align>
					<aligny>center</aligny>
					<font>font12</font>
					<scroll>true</scroll>
					<shadowcolor>black</shadowcolor>
				</control>
				<control type="label">
					<description>NextRecordingTitle Channel</description>
					<posx>390</posx>
					<posy>50</posy>
					<height>30</height>
					<width>800</width>
					<label>$INFO[PVR.NowRecordingTitle][COLOR=grey]$INFO[PVR.NowRecordingChannel, - [COLOR=blue]([/COLOR],[COLOR=blue])[/COLOR]][/COLOR]</label>
					<align>right</align>
					<aligny>center</aligny>
					<font>font12_title</font>
					<shadowcolor>black</shadowcolor>
					<scroll>true</scroll>
				</control>
			</control>
		</control>
		<!-- Video Info -->
		<control type="group">
			<posx>0</posx>
			<posy>20</posy>
			<visible>Player.HasVideo + !Skin.HasSetting(homepageVideoinfo) + ![Container(9000).HasFocus(2) + ![Skin.HasSetting(HomeMenuNoMoviesButton) | Skin.HasSetting(HomeMenuNoTVShowsButton)] + Skin.HasSetting(homepageShowRecentlyAdded)]</visible>
			<include>VisibleFadeEffect</include>
			<include>Window_OpenClose_Animation</include>
			<control type="group">
				<visible>!VideoPlayer.Content(Movies) + !VideoPlayer.Content(Episodes) + !VideoPlayer.Content(LiveTV)</visible>
				<control type="image">
					<description>Cover image</description>
					<posx>20</posx>
					<posy>45</posy>
					<width>150</width>
					<height>300</height>
					<aspectratio aligny="bottom">keep</aspectratio>
					<texture>$INFO[VideoPlayer.Cover]</texture>
					<bordertexture border="8">ThumbBorder.png</bordertexture>
					<bordersize>5</bordersize>
				</control>
				<control type="label">
					<description>Title label</description>
					<posx>190</posx>
					<posy>285</posy>
					<height>30</height>
					<width>1000</width>
					<label>$INFO[VideoPlayer.Title]</label>
					<align>left</align>
					<aligny>center</aligny>
					<font>font13_title</font>
					<textcolor>white</textcolor>
					<shadowcolor>black</shadowcolor>
				</control>
				<control type="label">
					<description>Time Label</description>
					<posx>190</posx>
					<posy>310</posy>
					<height>30</height>
					<width>300</width>
					<label>$INFO[Player.Time]$INFO[Player.Duration,[COLOR=blue] / [/COLOR]]</label>
					<align>left</align>
					<aligny>center</aligny>
					<font>font12</font>
					<textcolor>white</textcolor>
					<shadowcolor>black</shadowcolor>
				</control>
			</control>
			<control type="group">
				<visible>VideoPlayer.Content(LiveTV)</visible>
				<control type="image">
					<description>Cover image</description>
					<posx>20</posx>
					<posy>45</posy>
					<width>150</width>
					<height>300</height>
					<aspectratio aligny="bottom">keep</aspectratio>
					<texture>$INFO[VideoPlayer.Cover]</texture>
					<bordertexture border="8">ThumbBorder.png</bordertexture>
					<bordersize>5</bordersize>
				</control>
				<control type="label">
					<description>Channel label</description>
					<posx>190</posx>
					<posy>265</posy>
					<height>25</height>
					<width>660</width>
					<label>$INFO[VideoPlayer.ChannelName]</label>
					<align>left</align>
					<aligny>center</aligny>
					<font>font12</font>
					<textcolor>white</textcolor>
					<shadowcolor>black</shadowcolor>
				</control>
				<control type="label">
					<description>Title label</description>
					<posx>190</posx>
					<posy>285</posy>
					<height>30</height>
					<width>1000</width>
					<label>$INFO[VideoPlayer.Title]</label>
					<align>left</align>
					<aligny>center</aligny>
					<font>font13_title</font>
					<textcolor>white</textcolor>
					<shadowcolor>black</shadowcolor>
				</control>
				<control type="label">
					<description>Time Label</description>
					<posx>190</posx>
					<posy>310</posy>
					<height>30</height>
					<width>300</width>
					<label>$INFO[Player.Time]$INFO[Player.Duration,[COLOR=blue] / [/COLOR]]</label>
					<align>left</align>
					<aligny>center</aligny>
					<font>font12</font>
					<textcolor>white</textcolor>
					<shadowcolor>black</shadowcolor>
				</control>
			</control>
			<control type="group">
				<visible>VideoPlayer.Content(Movies)</visible>
				<control type="image">
					<description>Cover image</description>
					<posx>20</posx>
					<posy>45</posy>
					<width>150</width>
					<height>300</height>
					<aspectratio aligny="bottom">keep</aspectratio>
					<texture>$INFO[VideoPlayer.Cover]</texture>
					<bordertexture border="8">ThumbBorder.png</bordertexture>
					<bordersize>5</bordersize>
				</control>
				<control type="label">
					<description>Studio label</description>
					<posx>180</posx>
					<posy>265</posy>
					<height>25</height>
					<width>1000</width>
					<label>$INFO[VideoPlayer.Studio]</label>
					<align>left</align>
					<aligny>center</aligny>
					<font>font12</font>
					<textcolor>white</textcolor>
					<shadowcolor>black</shadowcolor>
				</control>
				<control type="label">
					<description>Title label</description>
					<posx>180</posx>
					<posy>285</posy>
					<height>30</height>
					<width>1000</width>
					<label>$INFO[VideoPlayer.Title]$INFO[VideoPlayer.Year,[COLOR=grey] (,)[/COLOR]]</label>
					<align>left</align>
					<aligny>center</aligny>
					<font>font13_title</font>
					<textcolor>white</textcolor>
					<shadowcolor>black</shadowcolor>
				</control>
				<control type="label">
					<description>Time Label</description>
					<posx>180</posx>
					<posy>310</posy>
					<height>30</height>
					<width>300</width>
					<label>$INFO[Player.Time]$INFO[Player.Duration,[COLOR=blue] / [/COLOR]]</label>
					<align>left</align>
					<aligny>center</aligny>
					<font>font12</font>
					<textcolor>white</textcolor>
					<shadowcolor>black</shadowcolor>
				</control>
			</control>
			<control type="group">
				<visible>VideoPlayer.Content(Episodes)</visible>
				<control type="image">
					<description>Cover image</description>
					<posx>20</posx>
					<posy>45</posy>
					<width>200</width>
					<height>300</height>
					<aspectratio aligny="bottom">keep</aspectratio>
					<texture>$INFO[VideoPlayer.Cover]</texture>
					<bordertexture border="8">ThumbBorder.png</bordertexture>
					<bordersize>5</bordersize>
				</control>
				<control type="label">
					<description>TV Show Season Ep Label</description>
					<posx>240</posx>
					<posy>265</posy>
					<height>25</height>
					<width>1000</width>
					<label>$INFO[VideoPlayer.TVShowTitle] ($LOCALIZE[20373] $INFO[VideoPlayer.Season] - $LOCALIZE[20359] $INFO[VideoPlayer.episode])</label>
					<align>left</align>
					<aligny>center</aligny>
					<font>font12</font>
					<textcolor>white</textcolor>
					<shadowcolor>black</shadowcolor>
				</control>
				<control type="label">
					<description>Title label</description>
					<posx>240</posx>
					<posy>285</posy>
					<height>30</height>
					<width>1000</width>
					<label>$INFO[VideoPlayer.Title]</label>
					<align>left</align>
					<aligny>center</aligny>
					<font>font13_title</font>
					<textcolor>white</textcolor>
					<shadowcolor>black</shadowcolor>
				</control>
				<control type="label">
					<description>Time Label</description>
					<posx>240</posx>
					<posy>310</posy>
					<height>30</height>
					<width>300</width>
					<label>$INFO[Player.Time]$INFO[Player.Duration,[COLOR=blue] / [/COLOR]]</label>
					<align>left</align>
					<aligny>center</aligny>
					<font>font12</font>
					<textcolor>white</textcolor>
					<shadowcolor>black</shadowcolor>
				</control>
			</control>
		</control>
		<include condition="Skin.HasSetting(homepageShowRecentlyAdded)">HomeRecentlyAddedInfo</include>
		<control type="button" id="9003">
			<description>Hidden Button to pass through navigation when recently added is disabled</description>
			<posx>-20</posx>
			<posy>-20</posy>
			<width>1</width>
			<height>1</height>
			<label>-</label>
			<font>-</font>
			<texturefocus>-</texturefocus>
			<texturenofocus>-</texturenofocus>
			<onleft>9000</onleft>
			<onright>9000</onright>
			<onup>20</onup>
			<ondown>9000</ondown>
			<visible>false</visible>
		</control>
		<control type="group">
			<description>Controls for currently playing media</description>
			<posx>400r</posx>
			<posy>340</posy>
			<visible>Player.HasMedia</visible>
			<include>VisibleFadeEffect</include>
			<animation type="WindowOpen" reversible="false">
				<effect type="zoom" start="80" end="100" center="640,360" easing="out" tween="back" time="300" />
				<effect type="fade" start="0" end="100" time="300" />
			</animation>
			<animation type="WindowClose" reversible="false">
				<effect type="zoom" start="100" end="80" center="640,360" easing="in" tween="back" time="300" />
				<effect type="fade" start="100" end="0" time="300" />
			</animation>
			<control type="image">
				<description>Background End image</description>
				<posx>0</posx>
				<posy>0</posy>
				<width>35</width>
				<height>35</height>
				<colordiffuse>CCFFFFFF</colordiffuse>
				<texture flipy="true" border="0,5,0,0" flipx="true">HomeSubEnd.png</texture>
				<animation effect="slide" start="0,0" end="30,0" time="0" condition="VideoPlayer.Content(LiveTV)">Conditional</animation>
			</control>
			<control type="group" id="600">
				<visible>!VideoPlayer.Content(LiveTV)</visible>
				<posx>35</posx>
				<onup>9003</onup>
				<ondown>9000</ondown>
				<defaultcontrol>603</defaultcontrol>
				<control type="image">
					<description>Background image</description>
					<posx>0</posx>
					<posy>0</posy>
					<width>205</width>
					<height>35</height>
					<texture flipy="true" border="0,5,0,0">HomeSubNF.png</texture>
					<colordiffuse>CCFFFFFF</colordiffuse>
				</control>
				<control type="button" id="601">
					<posx>10</posx>
					<posy>2</posy>
					<width>30</width>
					<height>30</height>
					<label>-</label>
					<texturefocus>OSDPrevTrackFO.png</texturefocus>
					<texturenofocus>OSDPrevTrackNF.png</texturenofocus>
					<onleft>607</onleft>
					<onright>602</onright>
					<onup>9003</onup>
					<ondown>9000</ondown>
					<onclick>XBMC.PlayerControl(Previous)</onclick>
				</control>
				<control type="button" id="602">
					<posx>40</posx>
					<posy>2</posy>
					<width>30</width>
					<height>30</height>
					<label>-</label>
					<texturefocus>OSDRewindFO.png</texturefocus>
					<texturenofocus>OSDRewindNF.png</texturenofocus>
					<onleft>601</onleft>
					<onright>603</onright>
					<onup>9003</onup>
					<ondown>9000</ondown>
					<onclick>XBMC.PlayerControl(Rewind)</onclick>
				</control>
				<control type="togglebutton" id="603">
					<posx>70</posx>
					<posy>2</posy>
					<width>30</width>
					<height>30</height>
					<label>-</label>
					<texturefocus>OSDPauseFO.png</texturefocus>
					<texturenofocus>OSDPauseNF.png</texturenofocus>
					<usealttexture>Player.Paused | Player.Forwarding | Player.Rewinding</usealttexture>
					<alttexturefocus>OSDPlayFO.png</alttexturefocus>
					<alttexturenofocus>OSDPlayNF.png</alttexturenofocus>
					<onleft>602</onleft>
					<onright>604</onright>
					<onup>9003</onup>
					<ondown>9000</ondown>
					<onclick>XBMC.PlayerControl(Play)</onclick>
				</control>
				<control type="button" id="604">
					<posx>100</posx>
					<posy>2</posy>
					<width>30</width>
					<height>30</height>
					<label>-</label>
					<texturefocus>OSDStopFO.png</texturefocus>
					<texturenofocus>OSDStopNF.png</texturenofocus>
					<onleft>603</onleft>
					<onright>605</onright>
					<onup>9003</onup>
					<ondown>9000</ondown>
					<onclick>down</onclick>
					<onclick>XBMC.PlayerControl(Stop)</onclick>
				</control>
				<control type="button" id="605">
					<posx>130</posx>
					<posy>2</posy>
					<width>30</width>
					<height>30</height>
					<label>-</label>
					<texturefocus>OSDForwardFO.png</texturefocus>
					<texturenofocus>OSDForwardNF.png</texturenofocus>
					<onleft>604</onleft>
					<onright>606</onright>
					<onup>9003</onup>
					<ondown>9000</ondown>
					<onclick>XBMC.PlayerControl(Forward)</onclick>
				</control>
				<control type="button" id="606">
					<posx>160</posx>
					<posy>2</posy>
					<width>30</width>
					<height>30</height>
					<label>-</label>
					<texturefocus>OSDNextTrackFO.png</texturefocus>
					<texturenofocus>OSDNextTrackNF.png</texturenofocus>
					<onleft>605</onleft>
					<onright>607</onright>
					<onup>9003</onup>
					<ondown>9000</ondown>
					<onclick>XBMC.PlayerControl(Next)</onclick>
				</control>
			</control>
			<control type="group" id="600">
				<visible>VideoPlayer.Content(LiveTV)</visible>
				<posx>65</posx>
				<onup>9003</onup>
				<ondown>9000</ondown>
				<defaultcontrol>603</defaultcontrol>
				<control type="image">
					<description>Background image</description>
					<posx>0</posx>
					<posy>0</posy>
					<width>175</width>
					<height>35</height>
					<texture flipy="true" border="0,5,0,0">HomeSubNF.png</texture>
					<colordiffuse>CCFFFFFF</colordiffuse>
				</control>
				<control type="button" id="601">
					<posx>10</posx>
					<posy>2</posy>
					<width>30</width>
					<height>30</height>
					<label>-</label>
					<texturefocus>OSDChannelUPFO.png</texturefocus>
					<texturenofocus>OSDChannelUPNF.png</texturenofocus>
					<onleft>607</onleft>
					<onright>602</onright>
					<onup>9003</onup>
					<ondown>9000</ondown>
					<onclick>XBMC.PlayerControl(Previous)</onclick>
				</control>
				<control type="button" id="602">
					<posx>40</posx>
					<posy>2</posy>
					<width>30</width>
					<height>30</height>
					<label>-</label>
					<texturefocus>OSDChannelDownFO.png</texturefocus>
					<texturenofocus>OSDChannelDownNF.png</texturenofocus>
					<onleft>601</onleft>
					<onright>603</onright>
					<onup>9003</onup>
					<ondown>9000</ondown>
					<onclick>XBMC.PlayerControl(Next)</onclick>
				</control>
				<control type="button" id="603">
					<posx>70</posx>
					<posy>2</posy>
					<width>30</width>
					<height>30</height>
					<label>-</label>
					<texturefocus>OSDStopFO.png</texturefocus>
					<texturenofocus>OSDStopNF.png</texturenofocus>
					<onleft>602</onleft>
					<onright>604</onright>
					<onup>9003</onup>
					<ondown>9000</ondown>
					<onclick>down</onclick>
					<onclick>XBMC.PlayerControl(Stop)</onclick>
				</control>
				<control type="button" id="604">
					<posx>130</posx>
					<posy>2</posy>
					<width>30</width>
					<height>30</height>
					<label>-</label>
					<texturefocus>OSDRecordOffFO.png</texturefocus>
					<texturenofocus>OSDRecordOffNF.png</texturenofocus>
					<onleft>603</onleft>
					<onright>607</onright>
					<onup>9003</onup>
					<ondown>9000</ondown>
					<onclick>XBMC.PlayerControl(Forward)</onclick>
				</control>
			</control>
			<control type="radiobutton" id="607">
				<colordiffuse>CCFFFFFF</colordiffuse>
				<description>Go to fullscreen Playback</description>
				<posx>240</posx>
				<posy>0</posy>
				<height>35</height>
				<width>160</width>
				<textwidth>150</textwidth>
				<textoffsetx>10</textoffsetx>
				<align>left</align>
				<aligny>center</aligny>
				<font>font12</font>
				<textcolor>grey2</textcolor>
				<focusedcolor>white</focusedcolor>
				<texturefocus flipy="true" border="5">HomeSubFO.png</texturefocus>
				<texturenofocus flipy="true" border="5">HomeSubNF.png</texturenofocus>
				<pulseonselect>false</pulseonselect>
				<label>31008</label>
				<onclick>fullscreen</onclick>
				<textureradiofocus>GoFullscreen.png</textureradiofocus>
				<textureradionofocus>GoFullscreen.png</textureradionofocus>
				<onleft>606</onleft>
				<onright>601</onright>
				<onup>9003</onup>
				<ondown>9000</ondown>
			</control>
		</control>
		<control type="group">
			<posy>370</posy>
			<animation type="WindowOpen" reversible="false">
				<effect type="zoom" start="80" end="100" center="640,360" easing="out" tween="back" time="300" />
				<effect type="fade" start="0" end="100" time="300" />
			</animation>
			<animation type="WindowClose" reversible="false">
				<effect type="zoom" start="100" end="80" center="640,360" easing="in" tween="back" time="300" />
				<effect type="fade" start="100" end="0" time="300" />
			</animation>
			<control type="group" id="9001">
				<posx>0</posx>
				<posy>70</posy>
				<onup>9000</onup>
				<ondown>9002</ondown>
				<control type="grouplist" id="9010">
					<include>HomeSubMenuCommonValues</include>
					<onleft>9010</onleft>
					<onright>9010</onright>
					<visible>Container(9000).HasFocus(2)</visible>
					<include>HomeSubMenuVideos</include> <!-- Buttons for the grouplist -->
				</control>
				<control type="grouplist" id="9016">
					<include>HomeSubMenuCommonValues</include>
					<onleft>9016</onleft>
					<onright>9016</onright>
					<visible>Container(9000).HasFocus(10)</visible>
					<include>HomeSubMenuMovies</include> <!-- Buttons for the grouplist -->
				</control>
				<control type="grouplist" id="9017">
					<include>HomeSubMenuCommonValues</include>
					<onleft>9017</onleft>
					<onright>9017</onright>
					<visible>Container(9000).HasFocus(11)</visible>
					<include>HomeSubMenuTVShows</include> <!-- Buttons for the grouplist -->
				</control>
				<control type="grouplist" id="9011">
					<include>HomeSubMenuCommonValues</include>
					<onleft>9011</onleft>
					<onright>9011</onright>
					<visible>Container(9000).HasFocus(3)</visible>
					<include>HomeSubMenuMusic</include> <!-- Buttons for the grouplist -->
				</control>
				<control type="grouplist" id="9012">
					<include>HomeSubMenuCommonValues</include>
					<onleft>9012</onleft>
					<onright>9012</onright>
					<visible>Container(9000).HasFocus(5)</visible>
					<include>HomeSubMenuSystem</include> <!-- Buttons for the grouplist -->
				</control>
				<control type="grouplist" id="9013">
					<include>HomeSubMenuCommonValues</include>
					<onleft>9013</onleft>
					<onright>9013</onright>
					<visible>Container(9000).HasFocus(6)</visible>
					<include>HomeSubMenuPlayDisc</include> <!-- Buttons for the grouplist -->
				</control>
				<control type="grouplist" id="9014">
					<include>HomeSubMenuCommonValues</include>
					<onleft>9014</onleft>
					<onright>9014</onright>
					<visible>Container(9000).HasFocus(12)</visible>
					<include>HomeSubMenuLiveTV</include> <!-- Buttons for the grouplist -->
				</control>
				<control type="grouplist" id="9015">
					<include>HomeSubMenuCommonValues</include>
					<onleft>9013</onleft>
					<onright>9013</onright>
					<visible>Container(9000).HasFocus(4)</visible>
					<include>HomeSubMenuPictures</include> <!-- Buttons for the grouplist -->
				</control>
			</control>
			<control type="image">
				<posx>-100</posx>
				<posy>0</posy>
				<width>1480</width>
				<height>75</height>
				<texture border="0,6,0,6">HomeBack.png</texture>
			</control>
			<control type="image">
				<posx>0</posx>
				<posy>5</posy>
				<width>1280</width>
				<height>6</height>
				<texture>HomeOverlay1.png</texture>
			</control>
			<control type="fixedlist" id="9000">
				<posx>-110</posx>
				<posy>5</posy>
				<width>1500</width>
				<height>60</height>
				<onleft>9000</onleft>
				<onright>9000</onright>
				<onup>600</onup>
				<ondown>9001</ondown>
				<pagecontrol>-</pagecontrol>
				<scrolltime>300</scrolltime>
				<focusposition>2</focusposition>
				<movement>1</movement>
				<orientation>Horizontal</orientation>
				<itemlayout height="60" width="300">
					<control type="image">
						<posx>0</posx>
						<posy>4</posy>
						<width>1</width>
						<height>52</height>
						<texture>HomeSeperator.png</texture>
					</control>
					<control type="image">
						<posx>299</posx>
						<posy>4</posy>
						<width>1</width>
						<height>52</height>
						<texture>HomeSeperator.png</texture>
					</control>
					<control type="label">
						<posx>150</posx>
						<posy>0</posy>
						<width>290</width>
						<height>60</height>
						<font>font50caps_title</font>
						<textcolor>grey3</textcolor>
						<align>center</align>
						<aligny>center</aligny>
						<label>$INFO[ListItem.Label]</label>
					</control>
				</itemlayout>
				<focusedlayout height="60" width="300">
					<control type="image">
						<posx>0</posx>
						<posy>4</posy>
						<width>1</width>
						<height>52</height>
						<texture>HomeSeperator.png</texture>
					</control>
					<control type="image">
						<posx>299</posx>
						<posy>4</posy>
						<width>1</width>
						<height>52</height>
						<texture>HomeSeperator.png</texture>
					</control>
					<control type="label">
						<posx>150</posx>
						<posy>0</posy>
						<width>290</width>
						<height>60</height>
						<font>font50caps_title</font>
						<textcolor>white</textcolor>
						<align>center</align>
						<aligny>center</aligny>
						<label>$INFO[ListItem.Label]</label>
						<animation effect="fade" start="100" end="50" time="200" condition="!Control.HasFocus(9000)">conditional</animation>
					</control>
				</focusedlayout>
				<content>
					<item id="7">
						<label>8</label>
						<onclick>ActivateWindow(Weather)</onclick>
						<icon>special://skin/backgrounds/weather.jpg</icon>
						<thumb>$INFO[Skin.String(WeatherFanartDir)]$INFO[Window(Weather).Property(Day0.FanartCode)]</thumb>  
						<!--<thumb>$INFO[Skin.String(Home_Custom_Back_Weather_Folder)]</thumb>-->
						<visible>!Skin.HasSetting(HomeMenuNoWeatherButton) + !IsEmpty(Weather.Plugin)</visible>
					</item>
					<item id="4">
						<label>1</label>
						<onclick>ActivateWindow(Pictures)</onclick>
						<icon>special://skin/backgrounds/pictures.jpg</icon>
						<thumb>$INFO[Skin.String(Home_Custom_Back_Pictures_Folder)]</thumb>
						<visible>!Skin.HasSetting(HomeMenuNoPicturesButton)</visible>
					</item>
					<item id="12">
						<label>31502</label>
						<onclick>ActivateWindow(PVR)</onclick>
						<icon>special://skin/backgrounds/tv.jpg</icon>
						<thumb>$INFO[Skin.String(Home_Custom_Back_TV_Folder)]</thumb>
						<visible>System.GetBool(pvrmanager.enabled)</visible>
					</item>
					<item id="2">
						<label>3</label>
						<onclick condition="!Skin.HasSetting(HomeVideostoFiles)">ActivateWindow(Videos)</onclick>
						<onclick condition="Skin.HasSetting(HomeVideostoFiles)">ActivateWindow(Videos,Files,Return)</onclick>
						<icon>special://skin/backgrounds/videos.jpg</icon>
						<thumb>$INFO[Skin.String(Home_Custom_Back_Video_Folder)]</thumb>
						<visible>!Skin.HasSetting(HomeMenuNoVideosButton)</visible>
					</item>
					<item id="10">
						<label>20342</label>
						<onclick>ActivateWindow(Videos,MovieTitles,return)</onclick>
						<icon>special://skin/backgrounds/videos.jpg</icon>
						<thumb>$INFO[Skin.String(Home_Custom_Back_Movies_Folder)]</thumb>
						<visible>Skin.HasSetting(HomeMenuNoMoviesButton) + Library.HasContent(Movies)</visible>
					</item>
					<item id="11">
						<label>20343</label>
						<onclick>ActivateWindow(Videos,TVShowTitles,return)</onclick>
						<icon>special://skin/backgrounds/videos.jpg</icon>
						<thumb>$INFO[Skin.String(Home_Custom_Back_TVShow_Folder)]</thumb>
						<visible>Skin.HasSetting(HomeMenuNoTVShowsButton) + Library.HasContent(TVShows)</visible>
					</item>
					<item id="3">
						<label>2</label>
						<onclick>ActivateWindow(Music)</onclick>
						<icon>special://skin/backgrounds/music.jpg</icon>
						<thumb>$INFO[Skin.String(Home_Custom_Back_Music_Folder)]</thumb>
						<visible>!Skin.HasSetting(HomeMenuNoMusicButton)</visible>
					</item>
					<item id="1">
						<label>0</label>
						<onclick>ActivateWindow(Programs,Addons,return)</onclick>
						<icon>special://skin/backgrounds/programs.jpg</icon>
						<thumb>$INFO[Skin.String(Home_Custom_Back_Programs_Folder)]</thumb>
						<visible>!Skin.HasSetting(HomeMenuNoProgramsButton)</visible>
					</item>
					<item id="6">
						<label>341</label>
						<onclick>XBMC.PlayDVD()</onclick>
						<icon>special://skin/backgrounds/playdisc.jpg</icon>
						<thumb>$INFO[Skin.String(Home_Custom_Back_PlayDisc_Folder)]</thumb>
						<visible>System.HasMediaDVD</visible>
					</item>
					<item id="5">
						<label>13000</label>
						<onclick>ActivateWindow(Settings)</onclick>
						<icon>special://skin/backgrounds/settings.jpg</icon>
						<thumb>$INFO[Skin.String(Home_Custom_Back_Settings_Folder)]</thumb>
					</item>
				</content>
			</control>
			<control type="image">
				<posx>0</posx>
				<posy>6</posy>
				<width>128</width>
				<height>50</height>
				<texture>SideFade.png</texture>
			</control>
			<control type="image">
				<posx>128r</posx>
				<posy>6</posy>
				<width>128</width>
				<height>60</height>
				<texture flipx="true">SideFade.png</texture>
			</control>
		</control>
		<control type="fixedlist" id="9002">
			<animation effect="slide" start="0,0" end="-91,0" time="0" condition="StringCompare(Container(9002).NumItems,2) | StringCompare(Container(9002).NumItems,4)">conditional</animation>
			<include>Window_OpenClose_Animation</include>
			<posx>0</posx>
			<posy>190r</posy>
			<width>1280</width>
			<height>200</height>
			<onleft>9002</onleft>
			<onright>9002</onright>
			<onup>9001</onup>
			<ondown>20</ondown>
			<pagecontrol>-</pagecontrol>
			<scrolltime>300</scrolltime>
			<focusposition>3</focusposition>
			<movement>2</movement>
			<orientation>Horizontal</orientation>
			<itemlayout height="200" width="182">
				<control type="image">
					<posx>0</posx>
					<posy>0</posy>
					<width>180</width>
					<height>120</height>
					<aspectratio aligny="bottom">keep</aspectratio>
					<bordertexture border="5">button-nofocus.png</bordertexture>
					<bordersize>5</bordersize>
					<texture background="true">$INFO[ListItem.Icon]</texture>
				</control>
				<control type="image">
					<posx>5</posx>
					<posy>120</posy>
					<width>170</width>
					<height>110</height>
					<aspectratio aligny="top">keep</aspectratio>
					<texture diffuse="diffuse_mirror2.png" flipy="true" background="true">$INFO[ListItem.Icon]</texture>
				</control>
				<control type="label">
					<posx>91</posx>
					<posy>125</posy>
					<width>180</width>
					<height>20</height>
					<font>font12</font>
					<textcolor>grey2</textcolor>
					<align>center</align>
					<aligny>center</aligny>
					<label>$INFO[ListItem.Label]</label>
				</control>
			</itemlayout>
			<focusedlayout height="200" width="182">
				<control type="image">
					<posx>0</posx>
					<posy>0</posy>
					<width>180</width>
					<height>120</height>
					<aspectratio aligny="bottom">keep</aspectratio>
					<bordertexture border="5">button-nofocus.png</bordertexture>
					<bordersize>5</bordersize>
					<texture background="true">$INFO[ListItem.Icon]</texture>
					<visible>!Control.HasFocus(9002)</visible>
				</control>
				<control type="image">
					<posx>0</posx>
					<posy>0</posy>
					<width>180</width>
					<height>120</height>
					<aspectratio aligny="bottom">keep</aspectratio>
					<bordertexture border="5">folder-focus.png</bordertexture>
					<bordersize>5</bordersize>
					<texture background="true">$INFO[ListItem.Icon]</texture>
					<visible>Control.HasFocus(9002)</visible>
				</control>
				<control type="image">
					<posx>5</posx>
					<posy>120</posy>
					<width>170</width>
					<height>110</height>
					<aspectratio aligny="top">keep</aspectratio>
					<texture diffuse="diffuse_mirror2.png" flipy="true" background="true">$INFO[ListItem.Icon]</texture>
				</control>
				<control type="label">
					<posx>91</posx>
					<posy>125</posy>
					<width>180</width>
					<height>20</height>
					<font>font12</font>
					<textcolor>white</textcolor>
					<align>center</align>
					<aligny>center</aligny>
					<label>$INFO[ListItem.Label]</label>
					<visible>Control.HasFocus(9002)</visible>
				</control>
				<control type="label">
					<posx>91</posx>
					<posy>125</posy>
					<width>180</width>
					<height>20</height>
					<font>font12</font>
					<textcolor>grey2</textcolor>
					<align>center</align>
					<aligny>center</aligny>
					<label>$INFO[ListItem.Label]</label>
					<visible>!Control.HasFocus(9002)</visible>
				</control>
			</focusedlayout>
			<content>
				<item>
					<label>$INFO[system.addontitle(Skin.String(HomeVideosButton1))]</label>
					<onclick>RunAddon($INFO[Skin.String(HomeVideosButton1)])</onclick>
					<icon>$INFO[system.addonicon(Skin.String(HomeVideosButton1))]</icon>
					<thumb>-</thumb>
					<visible>[Container(9000).HasFocus(2) | Container(9000).HasFocus(10) | Container(9000).HasFocus(11)] + !IsEmpty(Skin.String(HomeVideosButton1))</visible>
				</item>
				<item>
					<label>$INFO[system.addontitle(Skin.String(HomeVideosButton2))]</label>
					<onclick>RunAddon($INFO[Skin.String(HomeVideosButton2)])</onclick>
					<icon>$INFO[system.addonicon(Skin.String(HomeVideosButton2))]</icon>
					<thumb>-</thumb>
					<visible>[Container(9000).HasFocus(2) | Container(9000).HasFocus(10) | Container(9000).HasFocus(11)] + !IsEmpty(Skin.String(HomeVideosButton2))</visible>
				</item>
				<item>
					<label>$INFO[system.addontitle(Skin.String(HomeVideosButton3))]</label>
					<onclick>RunAddon($INFO[Skin.String(HomeVideosButton3)])</onclick>
					<icon>$INFO[system.addonicon(Skin.String(HomeVideosButton3))]</icon>
					<thumb>-</thumb>
					<visible>[Container(9000).HasFocus(2) | Container(9000).HasFocus(10) | Container(9000).HasFocus(11)] + !IsEmpty(Skin.String(HomeVideosButton3))</visible>
				</item>
				<item>
					<label>$INFO[system.addontitle(Skin.String(HomeVideosButton4))]</label>
					<onclick>RunAddon($INFO[Skin.String(HomeVideosButton4)])</onclick>
					<icon>$INFO[system.addonicon(Skin.String(HomeVideosButton4))]</icon>
					<thumb>-</thumb>
					<visible>[Container(9000).HasFocus(2) | Container(9000).HasFocus(10) | Container(9000).HasFocus(11)] + !IsEmpty(Skin.String(HomeVideosButton4))</visible>
				</item>
				<item>
					<label>$INFO[system.addontitle(Skin.String(HomeVideosButton5))]</label>
					<onclick>RunAddon($INFO[Skin.String(HomeVideosButton5)])</onclick>
					<icon>$INFO[system.addonicon(Skin.String(HomeVideosButton5))]</icon>
					<thumb>-</thumb>
					<visible>[Container(9000).HasFocus(2) | Container(9000).HasFocus(10) | Container(9000).HasFocus(11)] + !IsEmpty(Skin.String(HomeVideosButton5))</visible>
				</item>

				<item>
					<label>$INFO[system.addontitle(Skin.String(HomeMusicButton1))]</label>
					<onclick>RunAddon($INFO[Skin.String(HomeMusicButton1)])</onclick>
					<icon>$INFO[system.addonicon(Skin.String(HomeMusicButton1))]</icon>
					<thumb>-</thumb>
					<visible>Container(9000).HasFocus(3) + !IsEmpty(Skin.String(HomeMusicButton1))</visible>
				</item>
				<item>
					<label>$INFO[system.addontitle(Skin.String(HomeMusicButton2))]</label>
					<onclick>RunAddon($INFO[Skin.String(HomeMusicButton2)])</onclick>
					<icon>$INFO[system.addonicon(Skin.String(HomeMusicButton2))]</icon>
					<thumb>-</thumb>
					<visible>Container(9000).HasFocus(3) + !IsEmpty(Skin.String(HomeMusicButton2))</visible>
				</item>
				<item>
					<label>$INFO[system.addontitle(Skin.String(HomeMusicButton3))]</label>
					<onclick>RunAddon($INFO[Skin.String(HomeMusicButton3)])</onclick>
					<icon>$INFO[system.addonicon(Skin.String(HomeMusicButton3))]</icon>
					<thumb>-</thumb>
					<visible>Container(9000).HasFocus(3) + !IsEmpty(Skin.String(HomeMusicButton3))</visible>
				</item>
				<item>
					<label>$INFO[system.addontitle(Skin.String(HomeMusicButton4))]</label>
					<onclick>RunAddon($INFO[Skin.String(HomeMusicButton4)])</onclick>
					<icon>$INFO[system.addonicon(Skin.String(HomeMusicButton4))]</icon>
					<thumb>-</thumb>
					<visible>Container(9000).HasFocus(3) + !IsEmpty(Skin.String(HomeMusicButton4))</visible>
				</item>
				<item>
					<label>$INFO[system.addontitle(Skin.String(HomeMusicButton5))]</label>
					<onclick>RunAddon($INFO[Skin.String(HomeMusicButton5)])</onclick>
					<icon>$INFO[system.addonicon(Skin.String(HomeMusicButton5))]</icon>
					<thumb>-</thumb>
					<visible>Container(9000).HasFocus(3) + !IsEmpty(Skin.String(HomeMusicButton5))</visible>
				</item>

				<item>
					<label>$INFO[system.addontitle(Skin.String(HomePictureButton1))]</label>
					<onclick>RunAddon($INFO[Skin.String(HomePictureButton1)])</onclick>
					<icon>$INFO[system.addonicon(Skin.String(HomePictureButton1))]</icon>
					<thumb>-</thumb>
					<visible>Container(9000).HasFocus(4) + !IsEmpty(Skin.String(HomePictureButton1))</visible>
				</item>
				<item>
					<label>$INFO[system.addontitle(Skin.String(HomePictureButton2))]</label>
					<onclick>RunAddon($INFO[Skin.String(HomePictureButton2)])</onclick>
					<icon>$INFO[system.addonicon(Skin.String(HomePictureButton2))]</icon>
					<thumb>-</thumb>
					<visible>Container(9000).HasFocus(4) + !IsEmpty(Skin.String(HomePictureButton2))</visible>
				</item>
				<item>
					<label>$INFO[system.addontitle(Skin.String(HomePictureButton3))]</label>
					<onclick>RunAddon($INFO[Skin.String(HomePictureButton3)])</onclick>
					<icon>$INFO[system.addonicon(Skin.String(HomePictureButton3))]</icon>
					<thumb>-</thumb>
					<visible>Container(9000).HasFocus(4) + !IsEmpty(Skin.String(HomePictureButton3))</visible>
				</item>
				<item>
					<label>$INFO[system.addontitle(Skin.String(HomePictureButton4))]</label>
					<onclick>RunAddon($INFO[Skin.String(HomePictureButton4)])</onclick>
					<icon>$INFO[system.addonicon(Skin.String(HomePictureButton4))]</icon>
					<thumb>-</thumb>
					<visible>Container(9000).HasFocus(4) + !IsEmpty(Skin.String(HomePictureButton4))</visible>
				</item>
				<item>
					<label>$INFO[system.addontitle(Skin.String(HomePictureButton5))]</label>
					<onclick>RunAddon($INFO[Skin.String(HomePictureButton5)])</onclick>
					<icon>$INFO[system.addonicon(Skin.String(HomePictureButton5))]</icon>
					<thumb>-</thumb>
					<visible>Container(9000).HasFocus(4) + !IsEmpty(Skin.String(HomePictureButton5))</visible>
				</item>

				<item>
					<label>$INFO[system.addontitle(Skin.String(HomeProgramButton1))]</label>
					<onclick>RunAddon($INFO[Skin.String(HomeProgramButton1)])</onclick>
					<icon>$INFO[system.addonicon(Skin.String(HomeProgramButton1))]</icon>
					<thumb>-</thumb>
					<visible>Container(9000).HasFocus(1) + !IsEmpty(Skin.String(HomeProgramButton1))</visible>
				</item>
				<item>
					<label>$INFO[system.addontitle(Skin.String(HomeProgramButton2))]</label>
					<onclick>RunAddon($INFO[Skin.String(HomeProgramButton2)])</onclick>
					<icon>$INFO[system.addonicon(Skin.String(HomeProgramButton2))]</icon>
					<thumb>-</thumb>
					<visible>Container(9000).HasFocus(1) + !IsEmpty(Skin.String(HomeProgramButton2))</visible>
				</item>
				<item>
					<label>$INFO[system.addontitle(Skin.String(HomeProgramButton3))]</label>
					<onclick>RunAddon($INFO[Skin.String(HomeProgramButton3)])</onclick>
					<icon>$INFO[system.addonicon(Skin.String(HomeProgramButton3))]</icon>
					<thumb>-</thumb>
					<visible>Container(9000).HasFocus(1) + !IsEmpty(Skin.String(HomeProgramButton3))</visible>
				</item>
				<item>
					<label>$INFO[system.addontitle(Skin.String(HomeProgramButton4))]</label>
					<onclick>RunAddon($INFO[Skin.String(HomeProgramButton4)])</onclick>
					<icon>$INFO[system.addonicon(Skin.String(HomeProgramButton4))]</icon>
					<thumb>-</thumb>
					<visible>Container(9000).HasFocus(1) + !IsEmpty(Skin.String(HomeProgramButton4))</visible>
				</item>
				<item>
					<label>$INFO[system.addontitle(Skin.String(HomeProgramButton5))]</label>
					<onclick>RunAddon($INFO[Skin.String(HomeProgramButton5)])</onclick>
					<icon>$INFO[system.addonicon(Skin.String(HomeProgramButton5))]</icon>
					<thumb>-</thumb>
					<visible>Container(9000).HasFocus(1) + !IsEmpty(Skin.String(HomeProgramButton5))</visible>
				</item>
			</content>
		</control>
		<control type="group">
			<posx>0</posx>
			<posy>33r</posy>
			<visible>system.getbool(lookandfeel.enablerssfeeds)</visible>
			<include>Window_OpenClose_Animation</include>
			<control type="rss">
				<description>RSS feed</description>
				<posx>100</posx>
				<posy>0</posy>
				<height>30</height>
				<width>1145</width>
				<font>font12</font>
				<urlset>1</urlset>
				<textcolor>blue</textcolor>
				<titlecolor>blue</titlecolor>
				<headlinecolor>white</headlinecolor>
			</control>
			<control type="image">
				<description>RSS background</description>
				<posx>1250</posx>
				<posy>2</posy>
				<width>24</width>
				<height>24</height>
				<texture>icon-rss.png</texture>
			</control>
		</control>
		<control type="group" id="10">
			<posx>0</posx>
			<posy>60r</posy>
			<include>Window_OpenClose_Animation</include>
			<control type="image">
				<posx>0</posx>
				<posy>0</posy>
				<width>150</width>
				<height>60</height>
				<texture>HomeButtonsBack.png</texture>
			</control>
			<control type="button" id="20">
				<description>Power push button</description>
				<posx>55</posx>
				<posy>15</posy>
				<width>43</width>
				<height>43</height>
				<label>31003</label>
				<font>-</font>
				<aligny>-</aligny>
				<onclick>ActivateWindow(ShutdownMenu)</onclick>
				<texturefocus>home-power-FO.png</texturefocus>
				<texturenofocus>home-power.png</texturenofocus>
				<onleft>22</onleft>
				<onright>21</onright>
				<onup>21</onup>
				<ondown>21</ondown>
				<visible>!System.IsInhibit</visible>
			</control>
			<control type="button" id="21">
				<description>Power push button</description>
				<posx>55</posx>
				<posy>15</posy>
				<width>43</width>
				<height>43</height>
				<label>31003</label>
				<font>-</font>
				<aligny>-</aligny>
				<onclick>ActivateWindow(ShutdownMenu)</onclick>
				<texturefocus>home-power-inhibit-FO.png</texturefocus>
				<texturenofocus>home-power-inhibit.png</texturenofocus>
				<onleft>20</onleft>
				<onright>22</onright>
				<onup>9002</onup>
				<ondown>9003</ondown>
				<visible>System.IsInhibit</visible>
			</control>
			<control type="button" id="22">
				<description>Favourites push button</description>
				<posx>10</posx>
				<posy>15</posy>
				<width>43</width>
				<height>43</height>
				<label>1036</label>
				<font>-</font>
				<aligny>-</aligny>
				<onclick>ActivateWindow(Favourites)</onclick>
				<texturefocus>home-favourites-FO.png</texturefocus>
				<texturenofocus>home-favourites.png</texturenofocus>
				<onleft>21</onleft>
				<onright>20</onright>
				<onup>9002</onup>
				<ondown>9003</ondown>
			</control>
		</control>
		<control type="group">
			<posx>520r</posx>
			<posy>0</posy>
			<animation effect="slide" start="0,0" end="-60,0" delay="0" time="300" condition="Window.IsVisible(MuteBug)">conditional</animation>
			<animation effect="slide" start="0,0" end="550,0" delay="0" time="300">WindowClose</animation>
			<animation effect="slide" start="550,0" end="0,0" delay="0" time="300">WindowOpen</animation>
			<visible>!Skin.HasSetting(homepageWeatherinfo) + Weather.IsFetched</visible>
			<control type="image">
				<description>time background</description>
				<posx>0</posx>
				<posy>0</posy>
				<width>180</width>
				<height>35</height>
				<texture flipx="true" border="32,0,0,0">header.png</texture>
			</control>
			<control type="image">
				<description>Weather image</description>
				<posx>30</posx>
				<posy>1</posy>
				<width>25</width>
				<height>25</height>
				<aspectratio>keep</aspectratio>
				<texture>$INFO[Window(Weather).Property(Current.ConditionIcon)]</texture>
			</control>
			<control type="label">
				<description>time label</description>
				<posx>60</posx>
				<posy>0</posy>
				<width>100</width>
				<height>28</height>
				<align>left</align>
				<aligny>center</aligny>
				<font>font12</font>
				<textcolor>white</textcolor>
				<shadowcolor>black</shadowcolor>
				<label>[B]$INFO[Weather.Temperature][/B]</label>
			</control>
		</control>
		<control type="group">
			<posx>390r</posx>
			<posy>0</posy>
			<animation effect="slide" start="0,0" end="-60,0" delay="0" time="300" condition="Window.IsVisible(MuteBug)">conditional</animation>
			<animation effect="slide" start="0,0" end="420,0" delay="0" time="300">WindowClose</animation>
			<animation effect="slide" start="420,0" end="0,0" delay="0" time="300">WindowOpen</animation>
			<control type="image">
				<description>time background</description>
				<posx>0</posx>
				<posy>0</posy>
				<width>440</width>
				<height>35</height>
				<texture flipx="true" border="32,0,0,0">header.png</texture>
			</control>
			<control type="label">
				<description>time label</description>
				<posx>30</posx>
				<posy>0</posy>
				<width>400</width>
				<height>28</height>
				<align>left</align>
				<aligny>center</aligny>
				<font>font12</font>
				<textcolor>white</textcolor>
				<shadowcolor>black</shadowcolor>
				<label>[COLOR=grey]$INFO[System.Date][/COLOR] | $INFO[System.Time]</label>
			</control>
		</control>
	</controls>	
</window>
