<?xml version="1.0" encoding="UTF-8"?>
<window>
	<defaultcontrol always="true">222</defaultcontrol>
	<onload>SetProperty(Window.HasSettings,True,Home)</onload>
	<onload>ClearProperty(MediaMenu,Home)</onload>
	<onunload>ClearProperty(MediaMenu,Home)</onunload>
	<onunload>ClearProperty(Window.HasSettings,Home)</onunload>
	<menucontrol>9051</menucontrol>
	<controls>
<!--		<include>CommonBackground</include>-->

		<!-- Skin Specific Stuff -->
		<include file="OzWeatherTweaks-aeon.xml" />

		<!-- All Skins    -->
		<include file="OzWeatherSnippets.xml" />
		<include file="OzWeatherRadar.xml" />
		<include file="OzWeatherButtons.xml" />
		<include file="OzWeatherObservations.xml" />
		<include file="OzWeatherForecast.xml" />

		<!-- GROUP OF TWO MAIN CONTENT PANELS, LEFT AND RIGHT -->
		<control type="group">
			<posx>MasterXOffset</posx>
			<posy>MasterYOffset</posy>

			<animation type="WindowOpen" reversible="false">
				<effect type="zoom" start="80" end="100" center="640,360" easing="out" tween="back" time="300" />
				<effect type="fade" start="0" end="100" time="300" />
			</animation>
			<animation type="WindowClose" reversible="false">
				<effect type="zoom" start="100" end="80" center="640,360" easing="in" tween="back" time="300" />
				<effect type="fade" start="100" end="0" time="300" />
			</animation>

			<!--  LEFT PANEL GROUP  -->
			<control type="group">
				<description>Left Panel - The Radar Loop, Buttons, and OzWeather Version Tag</description>
				<posx>3%</posx>
				<posy>5%</posy>
				<visible>Weather.IsFetched</visible>

                <include content="ConfluenceLeftPanelContainer" />

				<include content="OzWeatherHeader">
					<description>Radar Panel Header - ID and Time Range</description>
					<param name="posx">2%</param>
					<param name="posy">3%</param>
					<param name="label">Radar ($INFO[Window.Property(Radar)]), [COLOR grey]from [COLOR]$INFO[Window.Property(RadarOldest)] [COLOR grey]to [/COLOR]$INFO[Window.Property(RadarNewest)]</param>
				</include>

				<include content="RadarBackgrounds" />
				<include content="RadarLoop" />
				<include content="OzWeatherButtons" />
				<include content="OzWeatherTag" />

			</control> <!--  END LEFT PANEL GROUP -->

			<!-- RIGHT PANEL GROUP  -->
			<control type="group">
                <description>Right Panel - Current Observations, Extended Forecast Text, Forecast Rows</description>
				<posx>46%</posx>
				<posy>5%</posy>
				<visible>Weather.IsFetched</visible>

                <include content="ConfluenceRightPanelContainer" />

                <include content="OzWeatherHeader">
					<description>Location Panel Header - Name and Observed At Time</description>
					<param name="posx">3%</param>
					<param name="posy">3%</param>
					<param name="label">$INFO[Window.Property(Location)], [COLOR grey]observed at[/COLOR] $INFO[Window.Property(ObservationsUpdated)]</param>
				</include>

				<include content="Observations" />
				<include content="ExtendedForecast" />
				<include content="ForecastRows" />

            </control> <!--  END RIGHT PANEL GROUP -->

        </control> <!--END GROUP for Left & Right Panels -->

		<include>Topbar</include>
		<control type="group">
			<left>-440</left>
			<include>SideBladeLeft</include>
			<control type="grouplist" id="9050">
				<top>100</top>
				<width>400</width>
				<height>1080</height>
				<onleft>9050</onleft>
				<onright>ClearProperty(MediaMenu,Home)</onright>
				<onright>9000</onright>
				<onup>9050</onup>
				<ondown condition="Player.HasMedia">9957</ondown>
				<ondown condition="!Player.HasMedia">9050</ondown>
				<onback>ClearProperty(MediaMenu,Home)</onback>
				<onback>9000</onback>
				<control type="label" id="200">
					<width>400</width>
					<height>52</height>
					<textoffsetx>15</textoffsetx>
					<font>font13_title</font>
					<label>31006</label>
					<textcolor>$VAR[ThemeLabelColor]</textcolor>
				</control>
				<control type="spincontrolex" id="3">
					<description>change location button</description>
					<font />
					<include>ButtonCommonValues</include>
				</control>
				<control type="button" id="2001">
					<label>$LOCALIZE[33068]</label>
					<onclick condition="!System.HasAddon(script.image.resource.select)">InstallAddon(script.image.resource.select)</onclick>
					<onclick condition="System.HasAddon(script.image.resource.select)">RunScript(script.image.resource.select,property=weatherfanart&amp;type=resource.images.weatherfanart)</onclick>
					<include>ButtonCommonValues</include>
				</control>
				<control type="button" id="2002">
					<description>Weather icons</description>
					<label>$LOCALIZE[536]</label>
					<onclick condition="!System.HasAddon(script.image.resource.select)">InstallAddon(script.image.resource.select)</onclick>
					<onclick condition="System.HasAddon(script.image.resource.select)">RunScript(script.image.resource.select,property=weathericons&amp;type=resource.images.weathericons)</onclick>
					<textwidth>352</textwidth>
					<include>ButtonCommonValues</include>
				</control>
				<control type="label" id="203">
					<width>400</width>
					<height>52</height>
					<textoffsetx>15</textoffsetx>
					<font>font13_title</font>
					<label>31026</label>
					<textcolor>$VAR[ThemeLabelColor]</textcolor>
				</control>
				<control type="button" id="2">
					<description>Refresh button</description>
					<textwidth>352</textwidth>
					<include>ButtonCommonValues</include>
					<label>103</label>
				</control>
				<control type="button" id="4">
					<description>Settings button</description>
					<label>5</label>
					<onclick>ClearProperty(MediaMenu,Home)</onclick>
					<onclick>ActivateWindow(servicesettings,weather)</onclick>
					<textwidth>352</textwidth>
					<include>ButtonCommonValues</include>
				</control>
			</control>
<!--			<control type="group">-->
<!--				<top>152</top>-->
<!--				<control type="label" id="201">-->
<!--					<include>ButtonCommonValues</include>-->
<!--					<label>31069</label>-->
<!--					<visible>!Control.HasFocus(3)</visible>-->
<!--				</control>-->
<!--				<control type="label" id="202">-->
<!--					<textcolor>white</textcolor>-->
<!--					<include>ButtonCommonValues</include>-->
<!--					<label>31069</label>-->
<!--					<visible>Control.HasFocus(3)</visible>-->
<!--				</control>-->
<!--			</control>-->
<!--			<include>MediaMenuPlayerControls</include>-->
		</control>
	</controls>
</window>