<?xml version="1.0" encoding="UTF-8"?>
<window>
	<!-- Skin Specific Stuff -->
    <include file="OzWeatherTweaks-osmc.xml" />
    <include file="OzWeatherButtons-osmc.xml" />
	<!-- weather -->
	<!-- Textbox scroll reset -->
	<include>12600ResetScroll</include>
	<!-- Sub menu menucontrol -->
	<include condition="!Skin.HasSetting(KioskMode)">SubMenuMenucontrol</include>

    <!-- All Skins    -->
    <include file="OzWeatherSnippets.xml" />
    <include file="OzWeatherRadar.xml" />
    <include file="OzWeatherObservations.xml" />
    <include file="OzWeatherForecast.xml" />

	<defaultcontrol always="true">222</defaultcontrol>
	<backgroundcolor>background</backgroundcolor>
	<menucontrol>10000</menucontrol>
	<controls>
		<include>WindowFullscreenDialogFadeAnimation</include>

		<!-- Hidden side menu button -->
		<control type="button" id="100">
			<onleft condition="!Skin.HasSetting(KioskMode)">3001</onleft>
		</control>

		<!-- Background -->
		<include>WindowBackgroundImagePlain</include>

<!--		<control type="button" id="20000">-->
<!--			<include>HiddenObject</include>-->
<!--			<animation effect="fade" time="300" start="100" end="0">Focus</animation>-->
<!--			<onfocus>SetFocus(2000)</onfocus>-->
<!--			<onclick>noop</onclick>-->
<!--			<visible allowhiddenfocus="true">Control.HasFocus(20000)</visible>-->
<!--		</control>-->
<!--		<control type="button" id="20001">-->
<!--			<include>HiddenObject</include>-->
<!--			<animation effect="fade" time="300" start="100" end="0">Focus</animation>-->
<!--			<onfocus>SetFocus(2000)</onfocus>-->
<!--			<onclick>noop</onclick>-->
<!--			<visible allowhiddenfocus="true">Control.HasFocus(20001)</visible>-->
<!--		</control>-->
<!--		<control type="button" id="10000">-->
<!--			<include>HiddenObject</include>-->
<!--			<onfocus>ActivateWindow(servicesettings,weather)</onfocus>-->
<!--			<onclick>noop</onclick>-->
<!--		</control>-->
		<control type="videowindow">
			<depth>DepthBackground</depth>
			<include>FullScreenDimensions</include>
			<visible>Player.HasVideo</visible>
		</control>
		<control type="visualisation">
			<include>FullScreenDimensions</include>
			<visible>Player.HasAudio</visible>
		</control>
		<control type="group">
			<animation effect="zoom" center="auto" end="102,102" time="0" condition="Integer.IsGreater(System.StereoscopicMode,0)">conditional</animation>
			<animation effect="fade" start="100" end="bg_alpha" time="0" condition="Player.HasMedia">Conditional</animation>
			<animation effect="fade" start="0" end="100" time="300" condition="Window.Previous(fullscreenvideo) | Window.Previous(FullscreenGame) | Window.Previous(startup)">WindowOpen</animation>
			<include>ColoredBackgroundImages</include>
		</control>
		<control type="multiimage">
			<depth>DepthBackground</depth>
			<include>FullScreenDimensions</include>
			<aspectratio>scale</aspectratio>
			<fadetime>400</fadetime>
			<animation effect="zoom" center="auto" end="102,102" time="0" condition="Integer.IsGreater(System.StereoscopicMode,0)">conditional</animation>
			<animation effect="fade" start="0" end="100" time="400">WindowOpen</animation>
			<animation effect="fade" start="100" end="0" time="300">WindowClose</animation>
			<animation effect="fade" time="400">VisibleChange</animation>
			<imagepath background="true" colordiffuse="bg_overlay">$VAR[WeatherFanartVar]</imagepath>
			<visible>!Player.HasMedia</visible>
		</control>

        <!-- GROUP OF TWO MAIN CONTENT PANELS, LEFT AND RIGHT -->
		<control type="group">
			<posx>MasterXOffset</posx>
			<posy>MasterYOffset</posy>

			<animation type="WindowOpen" reversible="false">
				<effect type="zoom" start="80" end="100" center="640,360" easing="out" tween="back" time="300" />
				<effect type="fade" start="0" end="100" time="300" />
			</animation>
			<animation type="WindowClose" reversible="false">
				<effect type="zoom" start="100" end="80" center="640,360" easing="in" tween="back" time="300" />
				<effect type="fade" start="100" end="0" time="300" />
			</animation>

			<!--  LEFT PANEL GROUP  -->
			<control type="group">
				<description>Left Panel - The Radar Loop, Buttons, and OzWeather Version Tag</description>
				<posx>3%</posx>
				<posy>5%</posy>

                <include content="ConfluenceLeftPanelContainer" />

				<include content="OzWeatherHeader">
					<description>Radar Panel Header - ID and Time Range</description>
					<param name="posx">2%</param>
					<param name="posy">3%</param>
					<param name="label">Radar ($INFO[Window.Property(Radar)]), [COLOR _colour_text_dim_]from [COLOR]$INFO[Window.Property(RadarOldest)] [COLOR _colour_text_dim_]to [/COLOR]$INFO[Window.Property(RadarNewest)]</param>
				</include>

				<include content="RadarBackgrounds" />
				<include content="RadarLoop" />
				<include content="OzWeatherButtons" />
				<include content="OzWeatherTag" />
			</control> <!--  END LEFT PANEL GROUP -->


			<!-- RIGHT PANEL GROUP  -->
			<control type="group">
                <description>Right Panel - Current Observations, Extended Forecast Text, Forecast Rows</description>
				<posx>46%</posx>
				<posy>5%</posy>

                <include content="ConfluenceRightPanelContainer" />

                <include content="OzWeatherHeader">
					<description>Location Panel Header - Name and Observed At Time</description>
					<param name="posx">3%</param>
					<param name="posy">3%</param>
					<param name="label">$INFO[Window.Property(Location)], [COLOR _colour_text_dim_]observed at[/COLOR] $INFO[Window.Property(ObservationsUpdated)]</param>
				</include>

				<include content="Observations" />
				<include content="ExtendedForecast" />
				<include content="ForecastRows" />

            </control> <!--  END RIGHT PANEL GROUP -->

        </control> <!--END GROUP for Left & Right Panels -->
	</controls>
</window>
