<?xml version="1.0" encoding="UTF-8" standalone="yes"?>
<addon 
  id="repository.bossanova808" 
  name="bossanova808's XBMC Addons" 
  version="0.0.7" 
  provider-name="bossanova808 [bossanova808@gmail.com]">
	<extension point="xbmc.addon.repository" 
             name="bossanova808's XBMC Addon Repository">
    <info compressed="true">http://bossanova808-xbmc-addons.googlecode.com/git/staging/addons.xml</info>
    <checksum>http://bossanova808-xbmc-addons.googlecode.com/git/staging/addons.xml.md5</checksum>
    <datadir zip="true">http://bossanova808-xbmc-addons.googlecode.com/git/repository-downloads/</datadir>
	</extension>
	<extension point="xbmc.addon.metadata">
		<summary>Repo for Bossanova808's XBMC Addons</summary>
		<description>Download and install addons by bossanova808.  These include OzWeather - weather data and radar maps from BOM Australia and XSqueeze - a Squeezebox player & controller for XBMC.</description>
		<platform>all</platform>
	</extension>
</addon>