<includes>

    <include name="FontHuge">
        <font>font60caps_title</font>
    </include>
    <include name="FontBig">
        <font>font30_title</font>
    </include>
    <include name="FontHeader">
        <font>font12_title</font>
    </include>
    <include name="FontBody">
        <font>font10</font>
    </include>

    <constant name="RadarSquare" condition="$PARAM[test]">40%</constant>
    <constant name="RadarLegend">48%</constant>

    <constant name="MasterXOffset">1%</constant>
    <constant name="MasterYOffset">-2%</constant>

    <constant name="WeatherInfoLineHeight">25%</constant>

</includes>
