<?xml version="1.0" encoding="UTF-8" standalone="yes"?>
<addon 
  id="repository.bossanova808" 
  name="bossanova808's XBMC Addons" 
  version="0.2.2" 
  provider-name="bossanova808">

  <extension point="xbmc.addon.repository" name="bossanova808's Kodi Addon Repository">
    <dir>
      <info>https://raw.githubusercontent.com/bossanova808/repository.bossanova808/master/staging/addons.xml</info>
      <checksum>https://raw.githubusercontent.com/bossanova808/repository.bossanova808/master/staging/addons.xml.md5</checksum>
      <datadir>https://raw.githubusercontent.com/repository.bossanova808/master/repository-downloads/</datadir>
      <hashes>false</hashes>
    </dir>
  </extension>

	<extension point="xbmc.addon.metadata">
		<summary>Repo for Bossanova808's Kodi Addons</summary>
		<description>Download and install addons by bossanova808.</description>
		<platform>all</platform>
	</extension>
  
</addon>