<?xml version="1.0" encoding="UTF-8"?>
<addon id="skin.confluence.bossanova808.omega" version="5.0.914" name="Confluence Bossanova808 Omega" provider-name="Jezz_X, Team Kodi, Bossanova808">
	<requires>
		<import addon="xbmc.gui" version="5.17.0"/>
	</requires>
	<extension point="xbmc.gui.skin" debugging="false" effectslowdown="1.0">
		<res width="1920" height="1080" aspect="16:9" default="true" folder="1080p" />
	</extension>
	<extension point="xbmc.addon.metadata">
		<summary lang="en_GB">Bossanova808 mod of Confluence skin, originally by Jezz_X &amp; Team Kodi.  Various tidy-ups and visual tweaks, OzWeather and ClearArt support built in.</summary>
		<description lang="en_GB">Bossanova808 mod of Confluence skin, originally by Jezz_X &amp; Team Kodi.  Various tidy-ups and visual tweaks, OzWeather and ClearArt support built in.</description>
		<platform>all</platform>
		<license>GNU General Public License version 2</license>
		<forum>https://forum.kodi.tv/forumdisplay.php?fid=125</forum>
        <website>https://github.com/bossanova808/repository.bossanova808/</website>
        <source>https://github.com/bossanova808/repository.bossanova808/</source>
		<assets>
			<icon>resources/icon.png</icon>
			<fanart>resources/fanart.jpg</fanart>
			<screenshot>resources/screenshot-01.jpg</screenshot>
			<screenshot>resources/screenshot-02.jpg</screenshot>
		</assets>
		<news>v5.0.914
- Improve clearart/logo/poster/thumb/icon display during video playback
- Hard code b808 specific menus as Library Node Editor is black magic			
		</news>
	</extension>
</addon>
