<includes>

    <include name="WeatherInfoLabel">
        <param name="posx" default="0%" />
        <param name="posy" default="0%" />
        <param name="label" />
        <definition>
            <control type="label">
                <description>Weather Info Label</description>
                <posx>$PARAM[posx]</posx>
                <posy>$PARAM[posy]</posy>
                <width>100%</width>
                <label>[COLOR _colour_text_dimmer_]$PARAM[label]:[/COLOR]</label>
                <include content="FontBody" />
                <align>right</align>
            </control>
        </definition>
    </include>

    <include name="WeatherInfoValue">
        <param name="posx" default="0%" />
        <param name="posy" default="0%" />
        <param name="label" />
        <definition>
            <control type="label">
                <description>Weather Info Value</description>
                <posx>$PARAM[posx]</posx>
                <posy>$PARAM[posy]</posy>
                <width>100%</width>
                <label>$PARAM[label]</label>
                <include content="FontBody" />
                <align>left</align>
            </control>
        </definition>
    </include>

    <include name="Observations">

        <control type="group">
            <description>Current Observations</description>
            <posx>7%</posx>
            <posy>6%</posy>
            <height>30%</height>
            <width>100%</width>

            <include content="OzWeatherSeparator">
                <param name="posx">-7%</param>
                <param name="posy">2%</param>
            </include>

            <include content="OzWeatherHeader">
                <description>Today's Outlook</description>
                <param name="posx">0%</param>
                <param name="posy">5%</param>
                <param name="label">$INFO[Window(weather).Property(Daily.1.Outlook)]</param>
            </include>
            
            <include content="OzWeatherHeader">
                <description>BOM's Now/Later Information</description>
                <param name="posx">0%</param>
                <param name="posy">18%</param>
                <param name="label">[COLOR _colour_text_dim_]$INFO[Window(weather).Property(Current.NowLabel)]: [/COLOR][COLOR _colour_text_high_temp_]$INFO[Window(weather).Property(Current.NowValue)]&#176;[/COLOR]</param>
            </include>

            <include content="OzWeatherHeader">
                <description>BOM's Now/Later Information</description>
                <param name="posx">0%</param>
                <param name="posy">28%</param>
                <param name="label">[COLOR _colour_text_dim_]$INFO[Window(weather).Property(Current.LaterLabel)]: [/COLOR][COLOR _colour_text_low_temp_]$INFO[Window(weather).Property(Current.LaterValue)]&#176;[/COLOR]</param>
            </include>

<!--            *** START of Now / Later -->

<!--    Now / Later options: -->
<!--            Mornings < 9am -->
<!--            'now': {'is_night': False,-->
<!--                'later_label': 'Max',-->
<!--                'now_label': 'Min',-->
<!--                'temp_later': 15,-->
<!--                'temp_now': 7},            -->
<!--            Afternoons 9am <> 6pm -->
<!--            "now": {-->
<!--                "is_night": false, -->
<!--                "later_label": "Overnight Min", -->
<!--                "now_label": "Max", -->
<!--                "temp_later": 10, -->
<!--                "temp_now": 22},             -->
<!--            Evenings > 6pm -->
<!--            'now': {-->
<!--                'is_night': True,-->
<!--                'later_label': "Tomorrow's max",-->
<!--                'now_label': 'Overnight min',-->
<!--                'temp_later': 15,-->
<!--                'temp_now': 7},-->

<!--            Now: Min / Later: Max -->
            <include content="OzWeatherHeader">
                <description>BOM's Now Information</description>
                <param name="posx">0%</param>
                <param name="posy">18%</param>
                <param name="label">[COLOR darkgray]$INFO[Window(weather).Property(Current.LaterLabel)]: [/COLOR][COLOR _colour_text_high_temp_]$INFO[Window(weather).Property(Current.LaterValue)]&#176;[/COLOR]</param>
                <param name="visible">String.IsEqual(Window(weather).Property(Current.NowLabel),Min) + String.IsEqual(Window(weather).Property(Current.LaterLabel),Max)</param>
            </include>
            <include content="OzWeatherHeader">
                <description>BOM's Now Information</description>
                <param name="posx">0%</param>
                <param name="posy">28%</param>
                <param name="label">[COLOR darkgray]$INFO[Window(weather).Property(Current.NowLabel)]: [/COLOR][COLOR _colour_text_low_temp_]$INFO[Window(weather).Property(Current.NowValue)]&#176;[/COLOR]</param>
                <param name="visible">String.IsEqual(Window(weather).Property(Current.NowLabel),Min) + String.IsEqual(Window(weather).Property(Current.LaterLabel),Max)</param>
            </include>
<!--            Now: Max / Later: Overnight Min -->
            <include content="OzWeatherHeader">
                <description>BOM's Now Information</description>
                <param name="posx">0%</param>
                <param name="posy">18%</param>
                <param name="label">[COLOR darkgray]$INFO[Window(weather).Property(Current.NowLabel)]: [/COLOR][COLOR _colour_text_high_temp_]$INFO[Window(weather).Property(Current.NowValue)]&#176;[/COLOR]</param>
                <param name="visible">String.IsEqual(Window(weather).Property(Current.NowLabel),Max) + String.IsEqual(Window(weather).Property(Current.LaterLabel),Overnight Min)</param>
            </include>
            <include content="OzWeatherHeader">
                <description>BOM's Later Information</description>
                <param name="posx">0%</param>
                <param name="posy">28%</param>
                <param name="label">[COLOR darkgray]$INFO[Window(weather).Property(Current.LaterLabel)]: [/COLOR][COLOR _colour_text_low_temp_]$INFO[Window(weather).Property(Current.LaterValue)]&#176;[/COLOR]</param>
                <param name="visible">String.IsEqual(Window(weather).Property(Current.NowLabel),Max) + String.IsEqual(Window(weather).Property(Current.LaterLabel),Overnight Min)</param>
            </include>
<!--            Now: Overnight min / Later: Tomorrow's max -->
            <include content="OzWeatherHeader">
                <description>BOM's Now Information</description>
                <param name="posx">0%</param>
                <param name="posy">18%</param>
                <param name="label">[COLOR darkgray]$INFO[Window(weather).Property(Current.NowLabel)]: [/COLOR][COLOR _colour_text_low_temp_]$INFO[Window(weather).Property(Current.NowValue)]&#176;[/COLOR]</param>
                <param name="visible">String.Contains(Window(weather).Property(Current.NowLabel),Overnight) + String.Contains(Window(weather).Property(Current.LaterLabel),Tomorrow)</param>
            </include>
            <include content="OzWeatherHeader">
                <description>BOM's Later Information</description>
                <param name="posx">0%</param>
                <param name="posy">28%</param>
                <param name="label">[COLOR darkgray]$INFO[Window(weather).Property(Current.LaterLabel)]: [/COLOR][COLOR _colour_text_high_temp_]$INFO[Window(weather).Property(Current.LaterValue)]&#176;[/COLOR]</param>
                <param name="visible">String.Contains(Window(weather).Property(Current.NowLabel),Overnight) + String.Contains(Window(weather).Property(Current.LaterLabel),Tomorrow)</param>
            </include>
            
<!--            *** END of Now / Later -->
            
            
            <include content="OzWeatherHeader">
                <description>Today's Rain Chance</description>
                <param name="posx">28%</param>
                <param name="posy">18%</param>
                <param name="label">[COLOR _colour_text_dim_]Rain Chance: [/COLOR][COLOR _colour_text_low_temp_]$INFO[Window(weather).Property(Daily.1.RainChance)][/COLOR]</param>
            </include>

            <include content="OzWeatherHeader">
                <description>Today's Rain Amount</description>
                <param name="posx">28%</param>
                <param name="posy">28%</param>
                <param name="label">[COLOR _colour_text_dim_]Rain Predicted: [/COLOR][COLOR _colour_text_low_temp_]$INFO[Window(weather).Property(Daily.1.RainAmount)][/COLOR]</param>
            </include>

            <control type="image">
                <description>Current Weather Icon</description>
                <posx>0%</posx>
                <posy>32%</posy>
                <width>16%</width>
                <aspectratio>keep</aspectratio>
                <info>Window(weather).Property(Current.ConditionIcon)</info>
            </control>

            <include content="OzWeatherHeader">
                <description>Current Temperature OzWeatherHeader</description>
                <param name="posx">20%</param>
                <param name="posy">47%</param>
                <param name="label">[COLOR _colour_text_dim_]Now:[/COLOR]</param>
            </include>

            <control type="label">
                <description>Current Temperature Value</description>
                <posx>22%</posx>
                <posy>60%</posy>
                <include content="FontHuge" />
                <label>$INFO[Window(weather).Property(Current.OzW_Temperature)]&#176;</label>
            </control>

            <include content="OzWeatherHeader">
                <description>Feels Like Temperature OzWeatherHeader</description>
                <param name="posx">40%</param>
                <param name="posy">47%</param>
                <param name="label">[COLOR _colour_text_dim_]Feels Like:[/COLOR]</param>
                <param name="visible">!String.IsEmpty(Window(weather).Property(Current.Ozw_FeelsLike))</param>
            </include>

            <control type="label">
                <description>Feels Like Temperature Value</description>
                <posx>44%</posx>
                <posy>60%</posy>
                <include content="FontHuge" />
                <label>$INFO[Window(weather).Property(Current.OzW_FeelsLike)]&#176;</label>
                <textcolor>_colour_text_dim_</textcolor>
                <visible>!String.IsEmpty(Window(weather).Property(Current.Ozw_FeelsLike))</visible>
            </control>


            <control type="grouplist">
                <posx>36%</posx>
                <posy>10%</posy>
                <width>40%</width>
                <itemgap>WeatherInfoLineHeight</itemgap>

                <include content="WeatherInfoLabel">
                    <param name="label">Rain Since 9am</param>
                </include>
                <include content="WeatherInfoLabel">
                    <param name="label">Humidity</param>
                </include>
                <include content="WeatherInfoLabel">
                    <param name="label">UV Max Today</param>
                </include>
                <include content="WeatherInfoLabel">
                    <param name="label">Fire Danger</param>
                </include>
                <include content="WeatherInfoLabel">
                    <param name="label">Wind</param>
                </include>
                <include content="WeatherInfoLabel">
                    <param name="label">Gusts</param>
                </include>
                <include content="WeatherInfoLabel">
                    <param name="label">Sunrise</param>
                </include>
                <include content="WeatherInfoLabel">
                    <param name="label">Sunset</param>
                </include>
            </control>

            <control type="grouplist">
                <posx>77%</posx>
                <posy>10%</posy>
                <width>40%</width>
                <itemgap>WeatherInfoLineHeight</itemgap>

                <include content="WeatherInfoValue">
                    <param name="label">$INFO[Window(weather).Property(Current.RainSince9)]mm</param>
                </include>
                <include content="WeatherInfoValue">
                    <param name="label">$INFO[Window(weather).Property(Current.Ozw_Humidity)]%</param>
                </include>
                <include content="WeatherInfoValue">
                    <param name="label">$INFO[Window(weather).Property(Current.UVIndex)]</param>
                </include>
                <include content="WeatherInfoValue">
                    <param name="label">$INFO[Window(weather).Property(Current.FireDanger)]</param>
                </include>
                <include content="WeatherInfoValue">
                    <param name="label">$INFO[Window(weather).Property(Current.Ozw_WindSpeed)]km/h $INFO[Window(weather).Property(Current.WindDirection)]</param>
                </include>
                <include content="WeatherInfoValue">
                    <param name="label">$INFO[Window(weather).Property(Current.WindGust)]km/h</param>
                </include>
                <include content="WeatherInfoValue">
                    <param name="label">$INFO[Window(weather).Property(Current.Sunrise)]</param>
                </include>
                <include content="WeatherInfoValue">
                    <param name="label">$INFO[Window(weather).Property(Current.Sunset)]</param>
                </include>
            </control>

        </control>

    </include>

</includes>