<?xml version="1.0" encoding="UTF-8"?>
<includes>
	<!-- VARIABLES -->
	<variable name="SeasonPlot">
		<value condition="!String.IsEmpty(ListItem.Plot)">$INFO[ListItem.Plot]</value>
		<value>$INFO[Container.ShowPlot]</value>
	</variable>
	<variable name="SkinSettingOSDAutoCloseTime">
		<value condition="!String.IsEmpty(Skin.String(OSDAutoCloseTime))">$INFO[Skin.String(OSDAutoCloseTime)]</value>
		<value condition="String.IsEmpty(Skin.String(OSDAutoCloseTime))">4</value>
	</variable>
	<variable name="StreamAudioChannelsVar">
		<value condition="String.IsEqual(ListItem.Property(Stream.Channels),0)">0.0</value>
		<value condition="String.IsEqual(ListItem.Property(Stream.Channels),1)">1.0</value>
		<value condition="String.IsEqual(ListItem.Property(Stream.Channels),2)">2.0</value>
		<value condition="String.IsEqual(ListItem.Property(Stream.Channels),3)">2.1</value>
		<value condition="String.IsEqual(ListItem.Property(Stream.Channels),4)">4.0</value>
		<value condition="String.IsEqual(ListItem.Property(Stream.Channels),5)">4.1</value>
		<value condition="String.IsEqual(ListItem.Property(Stream.Channels),6)">5.1</value>
		<value condition="String.IsEqual(ListItem.Property(Stream.Channels),7)">6.1</value>
		<value condition="String.IsEqual(ListItem.Property(Stream.Channels),8)">7.1</value>
		<value condition="String.IsEqual(ListItem.Property(Stream.Channels),10)">9.1</value>
		<value condition="String.IsEqual(ListItem.Property(Stream.Channels),12)">7.1.4</value>
		<value condition="String.IsEqual(ListItem.Property(Stream.Channels),16)">9.1.6</value>
		<value>$INFO[ListItem.Property(Stream.Channels),, $LOCALIZE[10127]]</value>
	</variable>
	<variable name="StreamCodecVar">
		<value condition="Window.IsVisible(dialogselectvideo) + String.IsEqual(ListItem.Property(stream.codec),av1)">AV1</value>
		<value condition="Window.IsVisible(dialogselectvideo) + String.IsEqual(ListItem.Property(stream.codec),avc1)">AVC-1</value>
		<value condition="Window.IsVisible(dialogselectvideo) + String.IsEqual(ListItem.Property(stream.codec),div3)">DivX</value>
		<value condition="Window.IsVisible(dialogselectvideo) + String.IsEqual(ListItem.Property(stream.codec),divx)">DivX</value>
		<value condition="Window.IsVisible(dialogselectvideo) + String.IsEqual(ListItem.Property(stream.codec),dx50)">DivX</value>
		<value condition="Window.IsVisible(dialogselectvideo) + String.IsEqual(ListItem.Property(stream.codec),flv)">FLV</value>
		<value condition="Window.IsVisible(dialogselectvideo) + String.IsEqual(ListItem.Property(stream.codec),h264)">H.264</value>
		<value condition="Window.IsVisible(dialogselectvideo) + String.IsEqual(ListItem.Property(stream.codec),hev1)">H.265</value>
		<value condition="Window.IsVisible(dialogselectvideo) + String.IsEqual(ListItem.Property(stream.codec),hevc)">H.265</value>
		<value condition="Window.IsVisible(dialogselectvideo) + String.IsEqual(ListItem.Property(stream.codec),hvc1)">H.265</value>
		<value condition="Window.IsVisible(dialogselectvideo) + String.IsEqual(ListItem.Property(stream.codec),mpeg1)">MPEG-1</value>
		<value condition="Window.IsVisible(dialogselectvideo) + String.IsEqual(ListItem.Property(stream.codec),mpeg2)">MPEG-2</value>
		<value condition="Window.IsVisible(dialogselectvideo) + String.IsEqual(ListItem.Property(stream.codec),mpeg2video)">MPEG-2</value>
		<value condition="Window.IsVisible(dialogselectvideo) + String.IsEqual(ListItem.Property(stream.codec),mp4v)">MPEG-4</value>
		<value condition="Window.IsVisible(dialogselectvideo) + String.IsEqual(ListItem.Property(stream.codec),mpeg4)">MPEG-4</value>
		<value condition="Window.IsVisible(dialogselectvideo) + String.IsEqual(ListItem.Property(stream.codec),theora)">Theora</value>
		<value condition="Window.IsVisible(dialogselectvideo) + String.IsEqual(ListItem.Property(stream.codec),vc1)">VC-1</value>
		<value condition="Window.IsVisible(dialogselectvideo) + String.IsEqual(ListItem.Property(stream.codec),vc-1)">VC-1</value>
		<value condition="Window.IsVisible(dialogselectvideo) + String.IsEqual(ListItem.Property(stream.codec),vp8)">VP8</value>
		<value condition="Window.IsVisible(dialogselectvideo) + String.IsEqual(ListItem.Property(stream.codec),vp9)">VP9</value>
		<value condition="Window.IsVisible(dialogselectvideo) + String.IsEqual(ListItem.Property(stream.codec),wmv)">WMV</value>
		<value condition="Window.IsVisible(dialogselectvideo) + String.IsEqual(ListItem.Property(stream.codec),wmv3)">WMV</value>
		<value condition="Window.IsVisible(dialogselectvideo) + String.IsEqual(ListItem.Property(stream.codec),wvc1)">VC-1</value>
		<value condition="Window.IsVisible(dialogselectvideo) + String.IsEqual(ListItem.Property(stream.codec),xvid)">XviD</value>
		<value condition="Window.IsVisible(dialogselectaudio) + String.IsEqual(ListItem.Property(stream.codec),aac)">AAC</value>
		<value condition="Window.IsVisible(dialogselectaudio) + String.IsEqual(ListItem.Property(stream.codec),aac_latm)">AAC-LATM</value>
		<value condition="Window.IsVisible(dialogselectaudio) + String.IsEqual(ListItem.Property(stream.codec),aac_lc)">AAC-LC</value>
		<value condition="Window.IsVisible(dialogselectaudio) + String.IsEqual(ListItem.Property(stream.codec),aac_ltp)">AAC-LTP</value>
		<value condition="Window.IsVisible(dialogselectaudio) + String.IsEqual(ListItem.Property(stream.codec),aac_ssr)">AAC-SSR</value>
		<value condition="Window.IsVisible(dialogselectaudio) + String.IsEqual(ListItem.Property(stream.codec),ac3)">DD</value>
		<value condition="Window.IsVisible(dialogselectaudio) + String.IsEqual(ListItem.Property(stream.codec),aif)">AIFF</value>
		<value condition="Window.IsVisible(dialogselectaudio) + String.IsEqual(ListItem.Property(stream.codec),aifc)">AIFC</value>
		<value condition="Window.IsVisible(dialogselectaudio) + String.IsEqual(ListItem.Property(stream.codec),aiff)">AIFF</value>
		<value condition="Window.IsVisible(dialogselectaudio) + String.IsEqual(ListItem.Property(stream.codec),alac)">ALAC</value>
		<value condition="Window.IsVisible(dialogselectaudio) + String.IsEqual(ListItem.Property(stream.codec),ape)">APE</value>
		<value condition="Window.IsVisible(dialogselectaudio) + String.IsEqual(ListItem.Property(stream.codec),avc)">AVC</value>
		<value condition="Window.IsVisible(dialogselectaudio) + String.IsEqual(ListItem.Property(stream.codec),cdda)">CDDA</value>
		<value condition="Window.IsVisible(dialogselectaudio) + String.IsEqual(ListItem.Property(stream.codec),dca)">DTS</value>
		<value condition="Window.IsVisible(dialogselectaudio) + String.IsEqual(ListItem.Property(stream.codec),dolbydigital)">DD</value>
		<value condition="Window.IsVisible(dialogselectaudio) + String.IsEqual(ListItem.Property(stream.codec),dts)">DTS</value>
		<value condition="Window.IsVisible(dialogselectaudio) + String.IsEqual(ListItem.Property(stream.codec),dtshd_hra)">DTS-HD HRA</value>
		<value condition="Window.IsVisible(dialogselectaudio) + String.IsEqual(ListItem.Property(stream.codec),dtshd_ma)">DTS-HD MA</value>
		<value condition="Window.IsVisible(dialogselectaudio) + String.IsEqual(ListItem.Property(stream.codec),dtsma)">DTS-HD MA</value>
		<value condition="Window.IsVisible(dialogselectaudio) + String.IsEqual(ListItem.Property(stream.codec),dtshd_ma_x)">DTS:X</value>
		<value condition="Window.IsVisible(dialogselectaudio) + String.IsEqual(ListItem.Property(stream.codec),dtshd_ma_x_imax)">DTS:X IMAX</value>
		<value condition="Window.IsVisible(dialogselectaudio) + String.IsEqual(ListItem.Property(stream.codec),eac3)">DD+</value>
		<value condition="Window.IsVisible(dialogselectaudio) + String.IsEqual(ListItem.Property(stream.codec),eac3_ddp_atmos)">DD+ Atmos</value>
		<value condition="Window.IsVisible(dialogselectaudio) + String.IsEqual(ListItem.Property(stream.codec),flac)">FLAC</value>
		<value condition="Window.IsVisible(dialogselectaudio) + String.IsEqual(ListItem.Property(stream.codec),he_aac)">HE-AAC</value>
		<value condition="Window.IsVisible(dialogselectaudio) + String.IsEqual(ListItem.Property(stream.codec),he_aac_v2)">HE-AACv2</value>
		<value condition="Window.IsVisible(dialogselectaudio) + String.IsEqual(ListItem.Property(stream.codec),mp1)">MP1</value>
		<value condition="Window.IsVisible(dialogselectaudio) + String.IsEqual(ListItem.Property(stream.codec),mp3)">MP3</value>
		<value condition="Window.IsVisible(dialogselectaudio) + String.IsEqual(ListItem.Property(stream.codec),mp3float)">MP3</value>
		<value condition="Window.IsVisible(dialogselectaudio) + String.IsEqual(ListItem.Property(stream.codec),ogg)">OGG</value>
		<value condition="Window.IsVisible(dialogselectaudio) + String.IsEqual(ListItem.Property(stream.codec),opus)">OPUS</value>
		<value condition="Window.IsVisible(dialogselectaudio) + String.IsEqual(ListItem.Property(stream.codec),pcm)">PCM</value>
		<value condition="Window.IsVisible(dialogselectaudio) + String.IsEqual(ListItem.Property(stream.codec),pcm_bluray)">PCM</value>
		<value condition="Window.IsVisible(dialogselectaudio) + String.IsEqual(ListItem.Property(stream.codec),pcm_s16le)">PCM</value>
		<value condition="Window.IsVisible(dialogselectaudio) + String.IsEqual(ListItem.Property(stream.codec),pcm_s24le)">PCM</value>
		<value condition="Window.IsVisible(dialogselectaudio) + String.IsEqual(ListItem.Property(stream.codec),truehd)">TrueHD</value>
		<value condition="Window.IsVisible(dialogselectaudio) + String.IsEqual(ListItem.Property(stream.codec),truehd_atmos)">TrueHD Atmos</value>
		<value condition="Window.IsVisible(dialogselectaudio) + String.IsEqual(ListItem.Property(stream.codec),vorbis)">Vorbis</value>
		<value condition="Window.IsVisible(dialogselectaudio) + String.IsEqual(ListItem.Property(stream.codec),wav)">WAV</value>
		<value condition="Window.IsVisible(dialogselectaudio) + String.IsEqual(ListItem.Property(stream.codec),wavpack)">">WAVP</value>
		<value condition="Window.IsVisible(dialogselectaudio) + String.IsEqual(ListItem.Property(stream.codec),wmapro)">WMA-PRO</value>
		<value condition="Window.IsVisible(dialogselectaudio) + String.IsEqual(ListItem.Property(stream.codec),wmav2)">WMAv2</value>
		<value>$INFO[ListItem.Property(stream.codec)]</value>
	</variable>
	<variable name="VideoTypeFlaggingVar">
		<value condition="[String.Contains(ListItem.FilenameAndPath,bluray) | String.Contains(ListItem.FilenameAndPath,bdrip) | String.Contains(ListItem.FilenameAndPath,brrip) | String.Contains(ListItem.FilenameAndPath,bd25) | String.Contains(ListItem.FilenameAndPath,bd50) | String.Contains(ListItem.FilenameAndPath,remux)]">Blu-ray</value>
		<value condition="String.Contains(ListItem.FilenameAndPath,hddvd)">HD DVD</value>
		<value condition="String.Contains(ListItem.FilenameAndPath,dvd)">DVD</value>
		<value condition="String.Contains(ListItem.FilenameAndPath,hdtv)">HDTV</value>
		<value condition="[String.Contains(ListItem.FilenameAndPath,pdtv) | String.Contains(ListItem.FilenameAndPath,sdtv) | String.Contains(ListItem.FilenameAndPath,dsr)]">TV</value>
		<value condition="String.Contains(ListItem.FilenameAndPath,vhs)">VHS</value>
		<value condition="String.Contains(ListItem.FilenameAndPath,webdl) | String.Contains(ListItem.FilenameAndPath,web-dl)">WEB-DL</value>
		<value condition="String.Contains(ListItem.FilenameAndPath,webrip)">WEB-Rip</value>
		<value condition="String.Contains(ListItem.FilenameAndPath,hybrid)">Hybrid</value>
		<value condition="String.Contains(ListItem.FilenameAndPath,uhd)">UHD</value>
		<value>none</value>
	</variable>
	<variable name="VideoStreamDialogItemLabelVar">
		<value condition="String.IsEqual(ListItem.Property(Stream.IsOriginal),true) + String.IsEqual(ListItem.Property(Stream.IsForced),true) + String.IsEqual(ListItem.Property(Stream.IsHearingImpaired),true)">$LOCALIZE[39111], $LOCALIZE[39106], $LOCALIZE[39107]</value>
		<value condition="String.IsEqual(ListItem.Property(Stream.IsOriginal),true) + String.IsEqual(ListItem.Property(Stream.IsForced),true) + String.IsEqual(ListItem.Property(Stream.IsVisualImpaired),true)">$LOCALIZE[39111], $LOCALIZE[39106], $LOCALIZE[39108]</value>
		<value condition="String.IsEqual(ListItem.Property(Stream.IsOriginal),true) + String.IsEqual(ListItem.Property(Stream.IsForced),true)">$LOCALIZE[39111], $LOCALIZE[39106]</value>
		<value condition="String.IsEqual(ListItem.Property(Stream.IsOriginal),true) + String.IsEqual(ListItem.Property(Stream.IsHearingImpaired),true)">$LOCALIZE[39111], $LOCALIZE[39107]</value>
		<value condition="String.IsEqual(ListItem.Property(Stream.IsOriginal),true) + String.IsEqual(ListItem.Property(Stream.IsVisualImpaired),true)">$LOCALIZE[39111], $LOCALIZE[39108]</value>
		<value condition="String.IsEqual(ListItem.Property(Stream.IsForced),true) + String.IsEqual(ListItem.Property(Stream.IsHearingImpaired),true)">$LOCALIZE[39106], $LOCALIZE[39107]</value>
		<value condition="String.IsEqual(ListItem.Property(Stream.IsForced),true) + String.IsEqual(ListItem.Property(Stream.IsVisualImpaired),true)">$LOCALIZE[39106], $LOCALIZE[39108]</value>
		<value condition="String.IsEqual(ListItem.Property(Stream.IsHearingImpaired),true)">$LOCALIZE[39107]</value>
		<value condition="String.IsEqual(ListItem.Property(Stream.IsVisualImpaired),true)">$LOCALIZE[39108]</value>
		<value condition="String.IsEqual(ListItem.Property(Stream.IsForced),true)">$LOCALIZE[39106]</value>
		<value condition="String.IsEqual(ListItem.Property(Stream.IsOriginal),true)">$LOCALIZE[39111]</value>
	</variable>
	<variable name="ActiveVideoPlayerSubtitleLanguage">
		<value condition="!VideoPlayer.HasSubtitles">$LOCALIZE[36623]</value>
		<value condition="VideoPlayer.HasSubtitles + !VideoPlayer.SubtitlesEnabled">$LOCALIZE[1223]</value>
		<value condition="VideoPlayer.HasSubtitles + VideoPlayer.SubtitlesEnabled + !String.IsEmpty(VideoPlayer.SubtitlesLanguage)">[UPPERCASE]$INFO[VideoPlayer.SubtitlesLanguage][/UPPERCASE]</value>
		<value condition="VideoPlayer.HasSubtitles + VideoPlayer.SubtitlesEnabled + String.IsEmpty(VideoPlayer.SubtitlesLanguage)">$LOCALIZE[13205]</value>
	</variable>
	<variable name="ActiveVideoPlayerAudioLanguage">
		<value condition="!String.IsEmpty(VideoPlayer.AudioLanguage)">[UPPERCASE]$INFO[VideoPlayer.AudioLanguage][/UPPERCASE]</value>
		<value condition="String.IsEmpty(VideoPlayer.AudioLanguage)">$LOCALIZE[13205]</value>
	</variable>
	<variable name="StreamHDRTypeVar">
		<value condition="String.IsEqual(ListItem.Property(stream.hdrtype),dolbyvision)">Dolby Vision</value>
		<value condition="String.IsEqual(ListItem.Property(stream.hdrtype),hdr10)">HDR10</value>
		<value condition="String.IsEqual(ListItem.Property(stream.hdrtype),hlg)">HLG</value>
		<value>$INFO[ListItem.Property(stream.hdrtype)]</value>
	</variable>
	<variable name="StreamBitrateVar">
		<value condition="!String.IsEqual(ListItem.Property(Stream.Bitrate),0)">$INFO[ListItem.Property(Stream.Bitrate)]</value>
	</variable>
	<variable name="AudioChannelsVar">
		<value condition="String.IsEqual(ListItem.AudioChannels,0) | [Window.IsActive(fullscreenvideo) + String.IsEqual(VideoPlayer.AudioChannels,0)] | String.IsEqual(ListItem.MusicChannels,0) | [Window.IsActive(visualisation) + String.IsEqual(MusicPlayer.Channels,0)]">0.0</value>
		<value condition="String.IsEqual(ListItem.AudioChannels,1) | [Window.IsActive(fullscreenvideo) + String.IsEqual(VideoPlayer.AudioChannels,1)] | String.IsEqual(ListItem.MusicChannels,1) | [Window.IsActive(visualisation) + String.IsEqual(MusicPlayer.Channels,1)]">1.0</value>
		<value condition="String.IsEqual(ListItem.AudioChannels,2) | [Window.IsActive(fullscreenvideo) + String.IsEqual(VideoPlayer.AudioChannels,2)] | String.IsEqual(ListItem.MusicChannels,2) | [Window.IsActive(visualisation) +  String.IsEqual(MusicPlayer.Channels,2)]">2.0</value>
		<value condition="String.IsEqual(ListItem.AudioChannels,3) | [Window.IsActive(fullscreenvideo) + String.IsEqual(VideoPlayer.AudioChannels,3)] | String.IsEqual(ListItem.MusicChannels,3) | [Window.IsActive(visualisation) + String.IsEqual(MusicPlayer.Channels,3)] ">2.1</value>
		<value condition="String.IsEqual(ListItem.AudioChannels,4) | [Window.IsActive(fullscreenvideo) + String.IsEqual(VideoPlayer.AudioChannels,4)] | String.IsEqual(ListItem.MusicChannels,4) | [Window.IsActive(visualisation) + String.IsEqual(MusicPlayer.Channels,4)]">4.0</value>
		<value condition="String.IsEqual(ListItem.AudioChannels,5) | [Window.IsActive(fullscreenvideo) + String.IsEqual(VideoPlayer.AudioChannels,5)] | String.IsEqual(ListItem.MusicChannels,5) | [Window.IsActive(visualisation) + String.IsEqual(MusicPlayer.Channels,5)]">4.1</value>
		<value condition="String.IsEqual(ListItem.AudioChannels,6) | [Window.IsActive(fullscreenvideo) + String.IsEqual(VideoPlayer.AudioChannels,6)] | String.IsEqual(ListItem.MusicChannels,6) | [Window.IsActive(visualisation) + String.IsEqual(MusicPlayer.Channels,6)]">5.1</value>
		<value condition="String.IsEqual(ListItem.AudioChannels,7) | [Window.IsActive(fullscreenvideo) + String.IsEqual(VideoPlayer.AudioChannels,7)] | String.IsEqual(ListItem.MusicChannels,7) | [Window.IsActive(visualisation) + String.IsEqual(MusicPlayer.Channels,7)]">6.1</value>
		<value condition="String.IsEqual(ListItem.AudioChannels,8) | [Window.IsActive(fullscreenvideo) + String.IsEqual(VideoPlayer.AudioChannels,8)] | String.IsEqual(ListItem.MusicChannels,8) | [Window.IsActive(visualisation) + String.IsEqual(MusicPlayer.Channels,8)]">7.1</value>
		<value condition="String.IsEqual(ListItem.AudioChannels,10) | [Window.IsActive(fullscreenvideo) + String.IsEqual(VideoPlayer.AudioChannels,10)] | String.IsEqual(ListItem.MusicChannels,10) | [Window.IsActive(visualisation) + String.IsEqual(MusicPlayer.Channels,10)]">9.1</value>
		<value condition="String.IsEqual(ListItem.AudioChannels,12) | [Window.IsActive(fullscreenvideo) + String.IsEqual(VideoPlayer.AudioChannels,12)] | String.IsEqual(ListItem.MusicChannels,12) | [Window.IsActive(visualisation) + String.IsEqual(MusicPlayer.Channels,12)]">7.1.4</value>
		<value condition="String.IsEqual(ListItem.AudioChannels,16) | [Window.IsActive(fullscreenvideo) + String.IsEqual(VideoPlayer.AudioChannels,16)] | String.IsEqual(ListItem.MusicChannels,16) | [Window.IsActive(visualisation) + String.IsEqual(MusicPlayer.Channels,16)]">9.1.6</value>
		<value condition="Window.IsActive(fullscreenvideo)">$INFO[VideoPlayer.AudioChannels]</value>
		<value condition="Window.IsActive(visualisation)">$INFO[MusicPlayer.Channels]</value>
		<value condition="Container.Content(albums) | Window.IsActive(music)">$INFO[ListItem.MusicChannels]</value>
		<value>$INFO[ListItem.AudioChannels]</value>
	</variable>
	<variable name="AudioCodecVar">
		<value condition="String.IsEqual(ListItem.AudioCodec,aac) | [Window.IsActive(fullscreenvideo) + String.IsEqual(VideoPlayer.AudioCodec,aac)] | [Window.IsActive(visualisation) + String.IsEqual(MusicPlayer.Codec,aac)]">AAC</value>
		<value condition="String.IsEqual(ListItem.AudioCodec,aac_latm) | [Window.IsActive(fullscreenvideo) + String.IsEqual(VideoPlayer.AudioCodec,aac_latm)] | [Window.IsActive(visualisation) + String.IsEqual(MusicPlayer.Codec,aac_latm)]">AAC-LATM</value>
		<value condition="String.IsEqual(ListItem.AudioCodec,aac_lc) | [Window.IsActive(fullscreenvideo) + String.IsEqual(VideoPlayer.AudioCodec,aac_lc)] | [Window.IsActive(visualisation) + String.IsEqual(MusicPlayer.Codec,aac_lc)]">AAC-LC</value>
		<value condition="String.IsEqual(ListItem.AudioCodec,aac_ltp) | [Window.IsActive(fullscreenvideo) + String.IsEqual(VideoPlayer.AudioCodec,aac_ltp)] | [Window.IsActive(visualisation) + String.IsEqual(MusicPlayer.Codec,aac_ltp)]">AAC-LTP</value>
		<value condition="String.IsEqual(ListItem.AudioCodec,aac_ssr) | [Window.IsActive(fullscreenvideo) + String.IsEqual(VideoPlayer.AudioCodec,aac_ssr)] | [Window.IsActive(visualisation) + String.IsEqual(MusicPlayer.Codec,aac_ssr)]">AAC-SSR</value>
		<value condition="String.IsEqual(ListItem.AudioCodec,ac3) | [Window.IsActive(fullscreenvideo) + String.IsEqual(VideoPlayer.AudioCodec,ac3)] | [Window.IsActive(visualisation) + String.IsEqual(MusicPlayer.Codec,ac3)]">DD</value>
		<value condition="String.IsEqual(ListItem.AudioCodec,aif) | [Window.IsActive(fullscreenvideo) + String.IsEqual(VideoPlayer.AudioCodec,aif)] | [Window.IsActive(visualisation) + String.IsEqual(MusicPlayer.Codec,aif)]">AIFF</value>
		<value condition="String.IsEqual(ListItem.AudioCodec,aifc) | [Window.IsActive(fullscreenvideo) + String.IsEqual(VideoPlayer.AudioCodec,aifc)] | [Window.IsActive(visualisation) + String.IsEqual(MusicPlayer.Codec,aifc)]">AIFC</value>
		<value condition="String.IsEqual(ListItem.AudioCodec,aiff) | [Window.IsActive(fullscreenvideo) + String.IsEqual(VideoPlayer.AudioCodec,aiff)] | [Window.IsActive(visualisation) + String.IsEqual(MusicPlayer.Codec,aiff)]">AIFF</value>
		<value condition="String.IsEqual(ListItem.AudioCodec,alac) | [Window.IsActive(fullscreenvideo) + String.IsEqual(VideoPlayer.AudioCodec,alac)] | [Window.IsActive(visualisation) + String.IsEqual(MusicPlayer.Codec,alac)]">ALAC</value>
		<value condition="String.IsEqual(ListItem.AudioCodec,ape) | [Window.IsActive(fullscreenvideo) + String.IsEqual(VideoPlayer.AudioCodec,ape)] | [Window.IsActive(visualisation) + String.IsEqual(MusicPlayer.Codec,ape)]">APE</value>
		<value condition="String.IsEqual(ListItem.AudioCodec,avc) | [Window.IsActive(fullscreenvideo) + String.IsEqual(VideoPlayer.AudioCodec,avc)] | [Window.IsActive(visualisation) + String.IsEqual(MusicPlayer.Codec,avc)]">AVC</value>
		<value condition="String.IsEqual(ListItem.AudioCodec,cdda) | [Window.IsActive(fullscreenvideo) + String.IsEqual(VideoPlayer.AudioCodec,cdda)] | [Window.IsActive(visualisation) + String.IsEqual(MusicPlayer.Codec,cdda)]">CDDA</value>
		<value condition="String.IsEqual(ListItem.AudioCodec,dca) | [Window.IsActive(fullscreenvideo) + String.IsEqual(VideoPlayer.AudioCodec,dca)] | [Window.IsActive(visualisation) + String.IsEqual(MusicPlayer.Codec,dca)]">DTS</value>
		<value condition="String.IsEqual(ListItem.AudioCodec,dolbydigital) | [Window.IsActive(fullscreenvideo) + String.IsEqual(VideoPlayer.AudioCodec,dolbydigital)] | [Window.IsActive(visualisation) + String.IsEqual(MusicPlayer.Codec,dolbydigital)]">DD</value>
		<value condition="String.IsEqual(ListItem.AudioCodec,dts) | [Window.IsActive(fullscreenvideo) + String.IsEqual(VideoPlayer.AudioCodec,dts)] | [Window.IsActive(visualisation) + String.IsEqual(MusicPlayer.Codec,dts)]">DTS</value>
		<value condition="String.IsEqual(ListItem.AudioCodec,dtshd_hra) | [Window.IsActive(fullscreenvideo) + String.IsEqual(VideoPlayer.AudioCodec,dtshd_hra)] | [Window.IsActive(visualisation) + String.IsEqual(MusicPlayer.Codec,dtshd_hra)]">DTS-HD HRA</value>
		<value condition="String.IsEqual(ListItem.AudioCodec,dtshd_ma) | [Window.IsActive(fullscreenvideo) + String.IsEqual(VideoPlayer.AudioCodec,dtshd_ma)] | [Window.IsActive(visualisation) + String.IsEqual(MusicPlayer.Codec,dtshd_ma)]">DTS-HD MA</value>
		<value condition="String.IsEqual(ListItem.AudioCodec,dtsma) | [Window.IsActive(fullscreenvideo) + String.IsEqual(VideoPlayer.AudioCodec,dtsma)] | [Window.IsActive(visualisation) + String.IsEqual(MusicPlayer.Codec,dtsma)]">DTS-HD MA</value>
		<value condition="String.IsEqual(ListItem.AudioCodec,dtshd_ma_x) | [Window.IsActive(fullscreenvideo) + String.IsEqual(VideoPlayer.AudioCodec,dtshd_ma_x)] | [Window.IsActive(visualisation) + String.IsEqual(MusicPlayer.Codec,dtshd_ma_x)]">DTS:X</value>
		<value condition="String.IsEqual(ListItem.AudioCodec,dtshd_ma_x_imax) | [Window.IsActive(fullscreenvideo) + String.IsEqual(VideoPlayer.AudioCodec,dtshd_ma_x_imax)] | [Window.IsActive(visualisation) + String.IsEqual(MusicPlayer.Codec,dtshd_ma_x_imax)]">DTS:X IMAX</value>
		<value condition="String.IsEqual(ListItem.AudioCodec,eac3) | [Window.IsActive(fullscreenvideo) + String.IsEqual(VideoPlayer.AudioCodec,eac3)] | [Window.IsActive(visualisation) + String.IsEqual(MusicPlayer.Codec,eac3)]">DD+</value>
		<value condition="String.IsEqual(ListItem.AudioCodec,eac3_ddp_atmos) | [Window.IsActive(fullscreenvideo) + String.IsEqual(VideoPlayer.AudioCodec,eac3_ddp_atmos)] | [Window.IsActive(visualisation) + String.IsEqual(MusicPlayer.Codec,eac3_ddp_atmos)]">DD+ Atmos</value>
		<value condition="String.IsEqual(ListItem.AudioCodec,flac) | [Window.IsActive(fullscreenvideo) + String.IsEqual(VideoPlayer.AudioCodec,flac)] | [Window.IsActive(visualisation) + String.IsEqual(MusicPlayer.Codec,flac)]">FLAC</value>
		<value condition="String.IsEqual(ListItem.AudioCodec,he_aac) | [Window.IsActive(fullscreenvideo) + String.IsEqual(VideoPlayer.AudioCodec,he_aac)] | [Window.IsActive(visualisation) + String.IsEqual(MusicPlayer.Codec,he_aac)]">HE-AAC</value>
		<value condition="String.IsEqual(ListItem.AudioCodec,he_aac_v2) | [Window.IsActive(fullscreenvideo) + String.IsEqual(VideoPlayer.AudioCodec,he_aac_v2)] | [Window.IsActive(visualisation) + String.IsEqual(MusicPlayer.Codec,he_aac_v2)]">HE-AACv2</value>
		<value condition="String.IsEqual(ListItem.AudioCodec,mp1) | [Window.IsActive(fullscreenvideo) + String.IsEqual(VideoPlayer.AudioCodec,mp1)] | [Window.IsActive(visualisation) + String.IsEqual(MusicPlayer.Codec,mp1)]">MP1</value>
		<value condition="String.IsEqual(ListItem.AudioCodec,mp3) | [Window.IsActive(fullscreenvideo) + String.IsEqual(VideoPlayer.AudioCodec,mp3)] | [Window.IsActive(visualisation) + String.IsEqual(MusicPlayer.Codec,mp3)]">MP3</value>
		<value condition="String.IsEqual(ListItem.AudioCodec,mp3float) | [Window.IsActive(fullscreenvideo) + String.IsEqual(VideoPlayer.AudioCodec,mp3float)] | [Window.IsActive(visualisation) + String.IsEqual(MusicPlayer.Codec,mp3float)]">MP3</value>
		<value condition="String.IsEqual(ListItem.AudioCodec,ogg) | [Window.IsActive(fullscreenvideo) + String.IsEqual(VideoPlayer.AudioCodec,ogg)] | [Window.IsActive(visualisation) + String.IsEqual(MusicPlayer.Codec,ogg)]">OGG</value>
		<value condition="String.IsEqual(ListItem.AudioCodec,opus) | [Window.IsActive(fullscreenvideo) + String.IsEqual(VideoPlayer.AudioCodec,opus)] | [Window.IsActive(visualisation) + String.IsEqual(MusicPlayer.Codec,opus)]">OPUS</value>
		<value condition="String.IsEqual(ListItem.AudioCodec,pcm) | [Window.IsActive(fullscreenvideo) + String.IsEqual(VideoPlayer.AudioCodec,pcm)] | [Window.IsActive(visualisation) + String.IsEqual(MusicPlayer.Codec,pcm)]">PCM</value>
		<value condition="String.IsEqual(ListItem.AudioCodec,pcm_bluray) | [Window.IsActive(fullscreenvideo) + String.IsEqual(VideoPlayer.AudioCodec,pcm_bluray)] | [Window.IsActive(visualisation) + String.IsEqual(MusicPlayer.Codec,pcm_bluray)]">PCM</value>
		<value condition="String.IsEqual(ListItem.AudioCodec,pcm_s16le) | [Window.IsActive(fullscreenvideo) + String.IsEqual(VideoPlayer.AudioCodec,pcm_s16le)] | [Window.IsActive(visualisation) + String.IsEqual(MusicPlayer.Codec,pcm_s16le)]">PCM</value>
		<value condition="String.IsEqual(ListItem.AudioCodec,pcm_s24le) | [Window.IsActive(fullscreenvideo) + String.IsEqual(VideoPlayer.AudioCodec,pcm_s24le)] | [Window.IsActive(visualisation) + String.IsEqual(MusicPlayer.Codec,pcm_s24le)]">PCM</value>
		<value condition="String.IsEqual(ListItem.AudioCodec,truehd) | [Window.IsActive(fullscreenvideo) + String.IsEqual(VideoPlayer.AudioCodec,truehd)] | [Window.IsActive(visualisation) + String.IsEqual(MusicPlayer.Codec,truehd)]">TrueHD</value>
		<value condition="String.IsEqual(ListItem.AudioCodec,truehd_atmos) | [Window.IsActive(fullscreenvideo) + String.IsEqual(VideoPlayer.AudioCodec,truehd_atmos)] | [Window.IsActive(visualisation) + String.IsEqual(MusicPlayer.Codec,truehd_atmos)]">TrueHD Atmos</value>
		<value condition="String.IsEqual(ListItem.AudioCodec,vorbis) | [Window.IsActive(fullscreenvideo) + String.IsEqual(VideoPlayer.AudioCodec,vorbis)] | [Window.IsActive(visualisation) + String.IsEqual(MusicPlayer.Codec,vorbis)]">Vorbis</value>
		<value condition="String.IsEqual(ListItem.AudioCodec,wav) | [Window.IsActive(fullscreenvideo) + String.IsEqual(VideoPlayer.AudioCodec,wav)] | [Window.IsActive(visualisation) + String.IsEqual(MusicPlayer.Codec,wav)]">WAV</value>
		<value condition="String.IsEqual(ListItem.AudioCodec,wavpack) | [Window.IsActive(fullscreenvideo) + String.IsEqual(VideoPlayer.AudioCodec,wavpack)] | [Window.IsActive(visualisation) + String.IsEqual(MusicPlayer.Codec,wavpack)]">">WAVP</value>
		<value condition="String.IsEqual(ListItem.AudioCodec,wmapro) | [Window.IsActive(fullscreenvideo) + String.IsEqual(VideoPlayer.AudioCodec,wmapro)] | [Window.IsActive(visualisation) + String.IsEqual(VideoPlayer.AudioCodec,wmapro)]">WMA-PRO</value>
		<value condition="String.IsEqual(ListItem.AudioCodec,wmav2) | [Window.IsActive(fullscreenvideo) + String.IsEqual(VideoPlayer.AudioCodec,wmav2)] | [Window.IsActive(visualisation) + String.IsEqual(VideoPlayer.AudioCodec,wmav2)]">WMAv2</value>
		<value condition="Window.IsActive(fullscreenvideo)">$INFO[VideoPlayer.AudioCodec]</value>
		<value condition="Window.IsActive(visualisation)">$INFO[MusicPlayer.Codec]</value>
		<value>$INFO[ListItem.AudioCodec]</value>
	</variable>
	<variable name="VideoHDRTypeVar">
		<value condition="String.IsEqual(ListItem.HdrType,dolbyvision) | [Window.IsActive(fullscreenvideo) + String.IsEqual(VideoPlayer.HdrType,dolbyvision)]">Dolby Vision</value>
		<value condition="String.IsEqual(ListItem.HdrType,hdr10) | [Window.IsActive(fullscreenvideo) + String.IsEqual(VideoPlayer.HdrType,hdr10)]">HDR10</value>
		<value condition="String.IsEqual(ListItem.HdrType,hlg) | [Window.IsActive(fullscreenvideo) + String.IsEqual(VideoPlayer.HdrType,hlg)]">HLG</value>
		<value condition="Window.IsActive(fullscreenvideo)">$INFO[VideoPlayer.HdrType]</value>
		<value>$INFO[ListItem.HdrType]</value>
	</variable>
	<variable name="VideoResolutionTypeVar">
		<value condition="String.IsEqual(ListItem.VideoResolution,480) | [Window.IsActive(fullscreenvideo) + String.IsEqual(VideoPlayer.VideoResolution,480)]">SD</value>
		<value condition="String.IsEqual(ListItem.VideoResolution,540) | [Window.IsActive(fullscreenvideo) + String.IsEqual(VideoPlayer.VideoResolution,540)]">SD</value>
		<value condition="String.IsEqual(ListItem.VideoResolution,576) | [Window.IsActive(fullscreenvideo) + String.IsEqual(VideoPlayer.VideoResolution,576)]">SD</value>
		<value condition="String.IsEqual(ListItem.VideoResolution,720) | [Window.IsActive(fullscreenvideo) + String.IsEqual(VideoPlayer.VideoResolution,720)]">HD</value>
		<value condition="String.IsEqual(ListItem.VideoResolution,1080) | [Window.IsActive(fullscreenvideo) + String.IsEqual(VideoPlayer.VideoResolution,1080)]">HD</value>
		<value condition="String.IsEqual(ListItem.VideoResolution,4K) | [Window.IsActive(fullscreenvideo) + String.IsEqual(VideoPlayer.VideoResolution,4K)]">4K</value>
		<value condition="String.IsEqual(ListItem.VideoResolution,8K) | [Window.IsActive(fullscreenvideo) + String.IsEqual(VideoPlayer.VideoResolution,8K)]">8K</value>
		<value condition="Window.IsActive(fullscreenvideo)">$INFO[VideoPlayer.VideoResolution]</value>
		<value>$INFO[ListItem.VideoResolution]</value>
	</variable>
	<variable name="VideoCodecVar">
		<value condition="String.IsEqual(ListItem.VideoCodec,av1) | [Window.IsActive(fullscreenvideo) + String.IsEqual(VideoPlayer.VideoCodec,av1)]">AV1</value>
		<value condition="String.IsEqual(ListItem.VideoCodec,avc1) | [Window.IsActive(fullscreenvideo) + String.IsEqual(VideoPlayer.VideoCodec,avc1)]">AVC-1</value>
		<value condition="String.IsEqual(ListItem.VideoCodec,div3) | [Window.IsActive(fullscreenvideo) + String.IsEqual(VideoPlayer.VideoCodec,div3)]">DivX</value>
		<value condition="String.IsEqual(ListItem.VideoCodec,divx) | [Window.IsActive(fullscreenvideo) + String.IsEqual(VideoPlayer.VideoCodec,divx)]">DivX</value>
		<value condition="String.IsEqual(ListItem.VideoCodec,dx50) | [Window.IsActive(fullscreenvideo) + String.IsEqual(VideoPlayer.VideoCodec,dx50)]">DivX</value>
		<value condition="String.IsEqual(ListItem.VideoCodec,flv) | [Window.IsActive(fullscreenvideo) + String.IsEqual(VideoPlayer.VideoCodec,flv)]">FLV</value>
		<value condition="String.IsEqual(ListItem.VideoCodec,h264) | [Window.IsActive(fullscreenvideo) + String.IsEqual(VideoPlayer.VideoCodec,h264)]">H.264</value>
		<value condition="String.IsEqual(ListItem.VideoCodec,hev1) | [Window.IsActive(fullscreenvideo) + String.IsEqual(VideoPlayer.VideoCodec,hev1)]">H.265</value>
		<value condition="String.IsEqual(ListItem.VideoCodec,hevc) | [Window.IsActive(fullscreenvideo) + String.IsEqual(VideoPlayer.VideoCodec,hevc)]">H.265</value>
		<value condition="String.IsEqual(ListItem.VideoCodec,hvc1) | [Window.IsActive(fullscreenvideo) + String.IsEqual(VideoPlayer.VideoCodec,hvc1)]">H.265</value>
		<value condition="String.IsEqual(ListItem.VideoCodec,mpeg1) | [Window.IsActive(fullscreenvideo) + String.IsEqual(VideoPlayer.VideoCodec,mpeg1)]">MPEG-1</value>
		<value condition="String.IsEqual(ListItem.VideoCodec,mpeg2) | [Window.IsActive(fullscreenvideo) + String.IsEqual(VideoPlayer.VideoCodec,mpeg2)]">MPEG-2</value>
		<value condition="String.IsEqual(ListItem.VideoCodec,mpeg2video) | [Window.IsActive(fullscreenvideo) + String.IsEqual(VideoPlayer.VideoCodec,mpeg2video)]">MPEG-2</value>
		<value condition="String.IsEqual(ListItem.VideoCodec,mp4v) | [Window.IsActive(fullscreenvideo) + String.IsEqual(VideoPlayer.VideoCodec,mp4v)]">MPEG-4</value>
		<value condition="String.IsEqual(ListItem.VideoCodec,mpeg4) | [Window.IsActive(fullscreenvideo) + String.IsEqual(VideoPlayer.VideoCodec,mpeg4)]">MPEG-4</value>
		<value condition="String.IsEqual(ListItem.VideoCodec,theora) | [Window.IsActive(fullscreenvideo) + String.IsEqual(VideoPlayer.VideoCodec,theora)]">Theora</value>
		<value condition="String.IsEqual(ListItem.VideoCodec,vc1) | [Window.IsActive(fullscreenvideo) + String.IsEqual(VideoPlayer.VideoCodec,vc1)]">VC-1</value>
		<value condition="String.IsEqual(ListItem.VideoCodec,vc-1) | [Window.IsActive(fullscreenvideo) + String.IsEqual(VideoPlayer.VideoCodec,vc-1)]">VC-1</value>
		<value condition="String.IsEqual(ListItem.VideoCodec,vp8) | [Window.IsActive(fullscreenvideo) + String.IsEqual(VideoPlayer.VideoCodec,vp8)]">VP8</value>
		<value condition="String.IsEqual(ListItem.VideoCodec,vp9) | [Window.IsActive(fullscreenvideo) + String.IsEqual(VideoPlayer.VideoCodec,vp9)]">VP9</value>
		<value condition="String.IsEqual(ListItem.VideoCodec,wmv) | [Window.IsActive(fullscreenvideo) + String.IsEqual(VideoPlayer.VideoCodec,wmv)]">WMV</value>
		<value condition="String.IsEqual(ListItem.VideoCodec,wmv3) | [Window.IsActive(fullscreenvideo) + String.IsEqual(VideoPlayer.VideoCodec,wmv3)]">WMV</value>
		<value condition="String.IsEqual(ListItem.VideoCodec,wvc1) | [Window.IsActive(fullscreenvideo) + String.IsEqual(VideoPlayer.VideoCodec,wvc1)]">VC-1</value>
		<value condition="String.IsEqual(ListItem.VideoCodec,xvid) | [Window.IsActive(fullscreenvideo) + String.IsEqual(VideoPlayer.VideoCodec,xvid)]">XviD</value>
		<value condition="Window.IsActive(fullscreenvideo)">$INFO[VideoPlayer.VideoCodec]</value>
		<value>$INFO[ListItem.VideoCodec]</value>
	</variable>
	<variable name="AddonInfoHeading">
		<value condition="!String.IsEmpty(Window(home).Property(WhatsNew))">$LOCALIZE[24054]</value>
		<value>$LOCALIZE[21821]</value>
	</variable>
	<variable name="AddonInfoDescription">
		<value condition="!String.IsEmpty(Window(home).Property(WhatsNew))">$INFO[ListItem.AddonNews]</value>
		<value>$INFO[ListItem.AddonDescription]</value>
	</variable>
	<variable name="AddonInfoButtonLabel">
		<value condition="!String.IsEmpty(Window(home).Property(WhatsNew))">$LOCALIZE[21821]</value>
		<value>$LOCALIZE[24054]</value>
	</variable>
	<variable name="GameSelectHeader">
		<value condition="Window.IsActive(gamevideofilter)">$LOCALIZE[230]</value>
		<value condition="Window.IsActive(gamestretchmode)">$LOCALIZE[35233]</value>
		<value condition="Window.IsActive(gamevideorotation)">$LOCALIZE[35227]</value>
		<value condition="Window.IsActive(ingamesaves)">$LOCALIZE[31020]</value>
	</variable>
	<variable name="DurationInMinutes">
		<value condition="String.StartsWith(ListItem.Duration,01:00:)">60 $LOCALIZE[12391]</value>
		<value condition="String.StartsWith(ListItem.Duration,01:01:)">61 $LOCALIZE[12391]</value>
		<value condition="String.StartsWith(ListItem.Duration,01:02:)">62 $LOCALIZE[12391]</value>
		<value condition="String.StartsWith(ListItem.Duration,01:03:)">63 $LOCALIZE[12391]</value>
		<value condition="String.StartsWith(ListItem.Duration,01:04:)">64 $LOCALIZE[12391]</value>
		<value condition="String.StartsWith(ListItem.Duration,01:05:)">65 $LOCALIZE[12391]</value>
		<value condition="String.StartsWith(ListItem.Duration,01:06:)">66 $LOCALIZE[12391]</value>
		<value condition="String.StartsWith(ListItem.Duration,01:07:)">67 $LOCALIZE[12391]</value>
		<value condition="String.StartsWith(ListItem.Duration,01:08:)">68 $LOCALIZE[12391]</value>
		<value condition="String.StartsWith(ListItem.Duration,01:09:)">69 $LOCALIZE[12391]</value>
		<value condition="String.StartsWith(ListItem.Duration,01:10:)">70 $LOCALIZE[12391]</value>
		<value condition="String.StartsWith(ListItem.Duration,01:11:)">71 $LOCALIZE[12391]</value>
		<value condition="String.StartsWith(ListItem.Duration,01:12:)">72 $LOCALIZE[12391]</value>
		<value condition="String.StartsWith(ListItem.Duration,01:13:)">73 $LOCALIZE[12391]</value>
		<value condition="String.StartsWith(ListItem.Duration,01:14:)">74 $LOCALIZE[12391]</value>
		<value condition="String.StartsWith(ListItem.Duration,01:15:)">75 $LOCALIZE[12391]</value>
		<value condition="String.StartsWith(ListItem.Duration,01:16:)">76 $LOCALIZE[12391]</value>
		<value condition="String.StartsWith(ListItem.Duration,01:17:)">77 $LOCALIZE[12391]</value>
		<value condition="String.StartsWith(ListItem.Duration,01:18:)">78 $LOCALIZE[12391]</value>
		<value condition="String.StartsWith(ListItem.Duration,01:19:)">79 $LOCALIZE[12391]</value>
		<value condition="String.StartsWith(ListItem.Duration,01:20:)">80 $LOCALIZE[12391]</value>
		<value condition="String.StartsWith(ListItem.Duration,01:21:)">81 $LOCALIZE[12391]</value>
		<value condition="String.StartsWith(ListItem.Duration,01:22:)">82 $LOCALIZE[12391]</value>
		<value condition="String.StartsWith(ListItem.Duration,01:23:)">83 $LOCALIZE[12391]</value>
		<value condition="String.StartsWith(ListItem.Duration,01:24:)">84 $LOCALIZE[12391]</value>
		<value condition="String.StartsWith(ListItem.Duration,01:25:)">85 $LOCALIZE[12391]</value>
		<value condition="String.StartsWith(ListItem.Duration,01:26:)">86 $LOCALIZE[12391]</value>
		<value condition="String.StartsWith(ListItem.Duration,01:27:)">87 $LOCALIZE[12391]</value>
		<value condition="String.StartsWith(ListItem.Duration,01:28:)">88 $LOCALIZE[12391]</value>
		<value condition="String.StartsWith(ListItem.Duration,01:29:)">89 $LOCALIZE[12391]</value>
		<value condition="String.StartsWith(ListItem.Duration,01:30:)">90 $LOCALIZE[12391]</value>
		<value condition="String.StartsWith(ListItem.Duration,01:31:)">91 $LOCALIZE[12391]</value>
		<value condition="String.StartsWith(ListItem.Duration,01:32:)">92 $LOCALIZE[12391]</value>
		<value condition="String.StartsWith(ListItem.Duration,01:33:)">93 $LOCALIZE[12391]</value>
		<value condition="String.StartsWith(ListItem.Duration,01:34:)">94 $LOCALIZE[12391]</value>
		<value condition="String.StartsWith(ListItem.Duration,01:35:)">95 $LOCALIZE[12391]</value>
		<value condition="String.StartsWith(ListItem.Duration,01:36:)">96 $LOCALIZE[12391]</value>
		<value condition="String.StartsWith(ListItem.Duration,01:37:)">97 $LOCALIZE[12391]</value>
		<value condition="String.StartsWith(ListItem.Duration,01:38:)">98 $LOCALIZE[12391]</value>
		<value condition="String.StartsWith(ListItem.Duration,01:39:)">99 $LOCALIZE[12391]</value>
		<value condition="String.StartsWith(ListItem.Duration,01:40:)">100 $LOCALIZE[12391]</value>
		<value condition="String.StartsWith(ListItem.Duration,01:41:)">101 $LOCALIZE[12391]</value>
		<value condition="String.StartsWith(ListItem.Duration,01:42:)">102 $LOCALIZE[12391]</value>
		<value condition="String.StartsWith(ListItem.Duration,01:43:)">103 $LOCALIZE[12391]</value>
		<value condition="String.StartsWith(ListItem.Duration,01:44:)">104 $LOCALIZE[12391]</value>
		<value condition="String.StartsWith(ListItem.Duration,01:45:)">105 $LOCALIZE[12391]</value>
		<value condition="String.StartsWith(ListItem.Duration,01:46:)">106 $LOCALIZE[12391]</value>
		<value condition="String.StartsWith(ListItem.Duration,01:47:)">107 $LOCALIZE[12391]</value>
		<value condition="String.StartsWith(ListItem.Duration,01:48:)">108 $LOCALIZE[12391]</value>
		<value condition="String.StartsWith(ListItem.Duration,01:49:)">109 $LOCALIZE[12391]</value>
		<value condition="String.StartsWith(ListItem.Duration,01:50:)">110 $LOCALIZE[12391]</value>
		<value condition="String.StartsWith(ListItem.Duration,01:51:)">111 $LOCALIZE[12391]</value>
		<value condition="String.StartsWith(ListItem.Duration,01:52:)">112 $LOCALIZE[12391]</value>
		<value condition="String.StartsWith(ListItem.Duration,01:53:)">113 $LOCALIZE[12391]</value>
		<value condition="String.StartsWith(ListItem.Duration,01:54:)">114 $LOCALIZE[12391]</value>
		<value condition="String.StartsWith(ListItem.Duration,01:55:)">115 $LOCALIZE[12391]</value>
		<value condition="String.StartsWith(ListItem.Duration,01:56:)">116 $LOCALIZE[12391]</value>
		<value condition="String.StartsWith(ListItem.Duration,01:57:)">117 $LOCALIZE[12391]</value>
		<value condition="String.StartsWith(ListItem.Duration,01:58:)">118 $LOCALIZE[12391]</value>
		<value condition="String.StartsWith(ListItem.Duration,01:59:)">119 $LOCALIZE[12391]</value>
		<value condition="String.StartsWith(ListItem.Duration,02:00:)">120 $LOCALIZE[12391]</value>
		<value condition="String.StartsWith(ListItem.Duration,02:01:)">121 $LOCALIZE[12391]</value>
		<value condition="String.StartsWith(ListItem.Duration,02:02:)">122 $LOCALIZE[12391]</value>
		<value condition="String.StartsWith(ListItem.Duration,02:03:)">123 $LOCALIZE[12391]</value>
		<value condition="String.StartsWith(ListItem.Duration,02:04:)">124 $LOCALIZE[12391]</value>
		<value condition="String.StartsWith(ListItem.Duration,02:05:)">125 $LOCALIZE[12391]</value>
		<value condition="String.StartsWith(ListItem.Duration,02:06:)">126 $LOCALIZE[12391]</value>
		<value condition="String.StartsWith(ListItem.Duration,02:07:)">127 $LOCALIZE[12391]</value>
		<value condition="String.StartsWith(ListItem.Duration,02:08:)">128 $LOCALIZE[12391]</value>
		<value condition="String.StartsWith(ListItem.Duration,02:09:)">129 $LOCALIZE[12391]</value>
		<value condition="String.StartsWith(ListItem.Duration,02:10:)">130 $LOCALIZE[12391]</value>
		<value condition="String.StartsWith(ListItem.Duration,02:11:)">131 $LOCALIZE[12391]</value>
		<value condition="String.StartsWith(ListItem.Duration,02:12:)">132 $LOCALIZE[12391]</value>
		<value condition="String.StartsWith(ListItem.Duration,02:13:)">133 $LOCALIZE[12391]</value>
		<value condition="String.StartsWith(ListItem.Duration,02:14:)">134 $LOCALIZE[12391]</value>
		<value condition="String.StartsWith(ListItem.Duration,02:15:)">135 $LOCALIZE[12391]</value>
		<value condition="String.StartsWith(ListItem.Duration,02:16:)">136 $LOCALIZE[12391]</value>
		<value condition="String.StartsWith(ListItem.Duration,02:17:)">137 $LOCALIZE[12391]</value>
		<value condition="String.StartsWith(ListItem.Duration,02:18:)">138 $LOCALIZE[12391]</value>
		<value condition="String.StartsWith(ListItem.Duration,02:19:)">139 $LOCALIZE[12391]</value>
		<value condition="String.StartsWith(ListItem.Duration,02:20:)">140 $LOCALIZE[12391]</value>
		<value condition="String.StartsWith(ListItem.Duration,02:21:)">141 $LOCALIZE[12391]</value>
		<value condition="String.StartsWith(ListItem.Duration,02:22:)">142 $LOCALIZE[12391]</value>
		<value condition="String.StartsWith(ListItem.Duration,02:23:)">143 $LOCALIZE[12391]</value>
		<value condition="String.StartsWith(ListItem.Duration,02:24:)">144 $LOCALIZE[12391]</value>
		<value condition="String.StartsWith(ListItem.Duration,02:25:)">145 $LOCALIZE[12391]</value>
		<value condition="String.StartsWith(ListItem.Duration,02:26:)">146 $LOCALIZE[12391]</value>
		<value condition="String.StartsWith(ListItem.Duration,02:27:)">147 $LOCALIZE[12391]</value>
		<value condition="String.StartsWith(ListItem.Duration,02:28:)">148 $LOCALIZE[12391]</value>
		<value condition="String.StartsWith(ListItem.Duration,02:29:)">149 $LOCALIZE[12391]</value>
		<value condition="String.StartsWith(ListItem.Duration,02:30:)">150 $LOCALIZE[12391]</value>
		<value condition="String.StartsWith(ListItem.Duration,02:31:)">151 $LOCALIZE[12391]</value>
		<value condition="String.StartsWith(ListItem.Duration,02:32:)">152 $LOCALIZE[12391]</value>
		<value condition="String.StartsWith(ListItem.Duration,02:33:)">153 $LOCALIZE[12391]</value>
		<value condition="String.StartsWith(ListItem.Duration,02:34:)">154 $LOCALIZE[12391]</value>
		<value condition="String.StartsWith(ListItem.Duration,02:35:)">155 $LOCALIZE[12391]</value>
		<value condition="String.StartsWith(ListItem.Duration,02:36:)">156 $LOCALIZE[12391]</value>
		<value condition="String.StartsWith(ListItem.Duration,02:37:)">157 $LOCALIZE[12391]</value>
		<value condition="String.StartsWith(ListItem.Duration,02:38:)">158 $LOCALIZE[12391]</value>
		<value condition="String.StartsWith(ListItem.Duration,02:39:)">159 $LOCALIZE[12391]</value>
		<value condition="String.StartsWith(ListItem.Duration,02:40:)">160 $LOCALIZE[12391]</value>
		<value condition="String.StartsWith(ListItem.Duration,02:41:)">161 $LOCALIZE[12391]</value>
		<value condition="String.StartsWith(ListItem.Duration,02:42:)">162 $LOCALIZE[12391]</value>
		<value condition="String.StartsWith(ListItem.Duration,02:43:)">163 $LOCALIZE[12391]</value>
		<value condition="String.StartsWith(ListItem.Duration,02:44:)">164 $LOCALIZE[12391]</value>
		<value condition="String.StartsWith(ListItem.Duration,02:45:)">165 $LOCALIZE[12391]</value>
		<value condition="String.StartsWith(ListItem.Duration,02:46:)">166 $LOCALIZE[12391]</value>
		<value condition="String.StartsWith(ListItem.Duration,02:47:)">167 $LOCALIZE[12391]</value>
		<value condition="String.StartsWith(ListItem.Duration,02:48:)">168 $LOCALIZE[12391]</value>
		<value condition="String.StartsWith(ListItem.Duration,02:49:)">169 $LOCALIZE[12391]</value>
		<value condition="String.StartsWith(ListItem.Duration,02:50:)">170 $LOCALIZE[12391]</value>
		<value condition="String.StartsWith(ListItem.Duration,02:51:)">171 $LOCALIZE[12391]</value>
		<value condition="String.StartsWith(ListItem.Duration,02:52:)">172 $LOCALIZE[12391]</value>
		<value condition="String.StartsWith(ListItem.Duration,02:53:)">173 $LOCALIZE[12391]</value>
		<value condition="String.StartsWith(ListItem.Duration,02:54:)">174 $LOCALIZE[12391]</value>
		<value condition="String.StartsWith(ListItem.Duration,02:55:)">175 $LOCALIZE[12391]</value>
		<value condition="String.StartsWith(ListItem.Duration,02:56:)">176 $LOCALIZE[12391]</value>
		<value condition="String.StartsWith(ListItem.Duration,02:57:)">177 $LOCALIZE[12391]</value>
		<value condition="String.StartsWith(ListItem.Duration,02:58:)">178 $LOCALIZE[12391]</value>
		<value condition="String.StartsWith(ListItem.Duration,02:59:)">179 $LOCALIZE[12391]</value>
		<value condition="String.StartsWith(ListItem.Duration,03:00:)">180 $LOCALIZE[12391]</value>
		<value condition="String.StartsWith(ListItem.Duration,03:01:)">181 $LOCALIZE[12391]</value>
		<value condition="String.StartsWith(ListItem.Duration,03:02:)">182 $LOCALIZE[12391]</value>
		<value condition="String.StartsWith(ListItem.Duration,03:03:)">183 $LOCALIZE[12391]</value>
		<value condition="String.StartsWith(ListItem.Duration,03:04:)">184 $LOCALIZE[12391]</value>
		<value condition="String.StartsWith(ListItem.Duration,03:05:)">185 $LOCALIZE[12391]</value>
		<value condition="String.StartsWith(ListItem.Duration,03:06:)">186 $LOCALIZE[12391]</value>
		<value condition="String.StartsWith(ListItem.Duration,03:07:)">187 $LOCALIZE[12391]</value>
		<value condition="String.StartsWith(ListItem.Duration,03:08:)">188 $LOCALIZE[12391]</value>
		<value condition="String.StartsWith(ListItem.Duration,03:09:)">189 $LOCALIZE[12391]</value>
		<value condition="String.StartsWith(ListItem.Duration,03:10:)">190 $LOCALIZE[12391]</value>
		<value condition="String.StartsWith(ListItem.Duration,03:11:)">191 $LOCALIZE[12391]</value>
		<value condition="String.StartsWith(ListItem.Duration,03:12:)">192 $LOCALIZE[12391]</value>
		<value condition="String.StartsWith(ListItem.Duration,03:13:)">193 $LOCALIZE[12391]</value>
		<value condition="String.StartsWith(ListItem.Duration,03:14:)">194 $LOCALIZE[12391]</value>
		<value condition="String.StartsWith(ListItem.Duration,03:15:)">195 $LOCALIZE[12391]</value>
		<value condition="String.StartsWith(ListItem.Duration,03:16:)">196 $LOCALIZE[12391]</value>
		<value condition="String.StartsWith(ListItem.Duration,03:17:)">197 $LOCALIZE[12391]</value>
		<value condition="String.StartsWith(ListItem.Duration,03:18:)">198 $LOCALIZE[12391]</value>
		<value condition="String.StartsWith(ListItem.Duration,03:19:)">199 $LOCALIZE[12391]</value>
		<value condition="String.StartsWith(ListItem.Duration,03:20:)">200 $LOCALIZE[12391]</value>
		<value condition="String.StartsWith(ListItem.Duration,03:21:)">201 $LOCALIZE[12391]</value>
		<value condition="String.StartsWith(ListItem.Duration,03:22:)">202 $LOCALIZE[12391]</value>
		<value condition="String.StartsWith(ListItem.Duration,03:23:)">203 $LOCALIZE[12391]</value>
		<value condition="String.StartsWith(ListItem.Duration,03:24:)">204 $LOCALIZE[12391]</value>
		<value condition="String.StartsWith(ListItem.Duration,03:25:)">205 $LOCALIZE[12391]</value>
		<value condition="String.StartsWith(ListItem.Duration,03:26:)">206 $LOCALIZE[12391]</value>
		<value condition="String.StartsWith(ListItem.Duration,03:27:)">207 $LOCALIZE[12391]</value>
		<value condition="String.StartsWith(ListItem.Duration,03:28:)">208 $LOCALIZE[12391]</value>
		<value condition="String.StartsWith(ListItem.Duration,03:29:)">209 $LOCALIZE[12391]</value>
		<value condition="String.StartsWith(ListItem.Duration,03:30:)">210 $LOCALIZE[12391]</value>
		<value condition="String.StartsWith(ListItem.Duration,03:31:)">211 $LOCALIZE[12391]</value>
		<value condition="String.StartsWith(ListItem.Duration,03:32:)">212 $LOCALIZE[12391]</value>
		<value condition="String.StartsWith(ListItem.Duration,03:33:)">213 $LOCALIZE[12391]</value>
		<value condition="String.StartsWith(ListItem.Duration,03:34:)">214 $LOCALIZE[12391]</value>
		<value condition="String.StartsWith(ListItem.Duration,03:35:)">215 $LOCALIZE[12391]</value>
		<value condition="String.StartsWith(ListItem.Duration,03:36:)">216 $LOCALIZE[12391]</value>
		<value condition="String.StartsWith(ListItem.Duration,03:37:)">217 $LOCALIZE[12391]</value>
		<value condition="String.StartsWith(ListItem.Duration,03:38:)">218 $LOCALIZE[12391]</value>
		<value condition="String.StartsWith(ListItem.Duration,03:39:)">219 $LOCALIZE[12391]</value>
		<value condition="String.StartsWith(ListItem.Duration,03:40:)">220 $LOCALIZE[12391]</value>
		<value condition="String.StartsWith(ListItem.Duration,03:41:)">221 $LOCALIZE[12391]</value>
		<value condition="String.StartsWith(ListItem.Duration,03:42:)">222 $LOCALIZE[12391]</value>
		<value condition="String.StartsWith(ListItem.Duration,03:43:)">223 $LOCALIZE[12391]</value>
		<value condition="String.StartsWith(ListItem.Duration,03:44:)">224 $LOCALIZE[12391]</value>
		<value condition="String.StartsWith(ListItem.Duration,03:45:)">225 $LOCALIZE[12391]</value>
		<value condition="String.StartsWith(ListItem.Duration,03:46:)">226 $LOCALIZE[12391]</value>
		<value condition="String.StartsWith(ListItem.Duration,03:47:)">227 $LOCALIZE[12391]</value>
		<value condition="String.StartsWith(ListItem.Duration,03:48:)">228 $LOCALIZE[12391]</value>
		<value condition="String.StartsWith(ListItem.Duration,03:49:)">229 $LOCALIZE[12391]</value>
		<value condition="String.StartsWith(ListItem.Duration,03:50:)">230 $LOCALIZE[12391]</value>
		<value condition="String.StartsWith(ListItem.Duration,03:51:)">231 $LOCALIZE[12391]</value>
		<value condition="String.StartsWith(ListItem.Duration,03:52:)">232 $LOCALIZE[12391]</value>
		<value condition="String.StartsWith(ListItem.Duration,03:53:)">233 $LOCALIZE[12391]</value>
		<value condition="String.StartsWith(ListItem.Duration,03:54:)">234 $LOCALIZE[12391]</value>
		<value condition="String.StartsWith(ListItem.Duration,03:55:)">235 $LOCALIZE[12391]</value>
		<value condition="String.StartsWith(ListItem.Duration,03:56:)">236 $LOCALIZE[12391]</value>
		<value condition="String.StartsWith(ListItem.Duration,03:57:)">237 $LOCALIZE[12391]</value>
		<value condition="String.StartsWith(ListItem.Duration,03:58:)">238 $LOCALIZE[12391]</value>
		<value condition="String.StartsWith(ListItem.Duration,03:59:)">239 $LOCALIZE[12391]</value>
		<value condition="String.StartsWith(ListItem.Duration,04:00:)">240 $LOCALIZE[12391]</value>
		<value condition="String.StartsWith(ListItem.Duration,04:01:)">241 $LOCALIZE[12391]</value>
		<value condition="String.StartsWith(ListItem.Duration,04:02:)">242 $LOCALIZE[12391]</value>
		<value condition="String.StartsWith(ListItem.Duration,04:03:)">243 $LOCALIZE[12391]</value>
		<value condition="String.StartsWith(ListItem.Duration,04:04:)">244 $LOCALIZE[12391]</value>
		<value condition="String.StartsWith(ListItem.Duration,04:05:)">245 $LOCALIZE[12391]</value>
		<value condition="String.StartsWith(ListItem.Duration,04:06:)">246 $LOCALIZE[12391]</value>
		<value condition="String.StartsWith(ListItem.Duration,04:07:)">247 $LOCALIZE[12391]</value>
		<value condition="String.StartsWith(ListItem.Duration,04:08:)">248 $LOCALIZE[12391]</value>
		<value condition="String.StartsWith(ListItem.Duration,04:09:)">249 $LOCALIZE[12391]</value>
		<value condition="String.StartsWith(ListItem.Duration,04:10:)">250 $LOCALIZE[12391]</value>
		<value condition="String.StartsWith(ListItem.Duration,04:11:)">251 $LOCALIZE[12391]</value>
		<value condition="String.StartsWith(ListItem.Duration,04:12:)">252 $LOCALIZE[12391]</value>
		<value condition="String.StartsWith(ListItem.Duration,04:13:)">253 $LOCALIZE[12391]</value>
		<value condition="String.StartsWith(ListItem.Duration,04:14:)">254 $LOCALIZE[12391]</value>
		<value condition="String.StartsWith(ListItem.Duration,04:15:)">255 $LOCALIZE[12391]</value>
		<value condition="String.StartsWith(ListItem.Duration,04:16:)">256 $LOCALIZE[12391]</value>
		<value condition="String.StartsWith(ListItem.Duration,04:17:)">257 $LOCALIZE[12391]</value>
		<value condition="String.StartsWith(ListItem.Duration,04:18:)">258 $LOCALIZE[12391]</value>
		<value condition="String.StartsWith(ListItem.Duration,04:19:)">259 $LOCALIZE[12391]</value>
		<value condition="String.StartsWith(ListItem.Duration,04:20:)">260 $LOCALIZE[12391]</value>
		<value condition="String.StartsWith(ListItem.Duration,04:21:)">261 $LOCALIZE[12391]</value>
		<value condition="String.StartsWith(ListItem.Duration,04:22:)">262 $LOCALIZE[12391]</value>
		<value condition="String.StartsWith(ListItem.Duration,04:23:)">263 $LOCALIZE[12391]</value>
		<value condition="String.StartsWith(ListItem.Duration,04:24:)">264 $LOCALIZE[12391]</value>
		<value condition="String.StartsWith(ListItem.Duration,04:25:)">265 $LOCALIZE[12391]</value>
		<value condition="String.StartsWith(ListItem.Duration,04:26:)">266 $LOCALIZE[12391]</value>
		<value condition="String.StartsWith(ListItem.Duration,04:27:)">267 $LOCALIZE[12391]</value>
		<value condition="String.StartsWith(ListItem.Duration,04:28:)">268 $LOCALIZE[12391]</value>
		<value condition="String.StartsWith(ListItem.Duration,04:29:)">269 $LOCALIZE[12391]</value>
		<value condition="String.StartsWith(ListItem.Duration,04:30:)">270 $LOCALIZE[12391]</value>
		<value condition="String.StartsWith(ListItem.Duration,04:31:)">271 $LOCALIZE[12391]</value>
		<value condition="String.StartsWith(ListItem.Duration,04:32:)">272 $LOCALIZE[12391]</value>
		<value condition="String.StartsWith(ListItem.Duration,04:33:)">273 $LOCALIZE[12391]</value>
		<value condition="String.StartsWith(ListItem.Duration,04:34:)">274 $LOCALIZE[12391]</value>
		<value condition="String.StartsWith(ListItem.Duration,04:35:)">275 $LOCALIZE[12391]</value>
		<value condition="String.StartsWith(ListItem.Duration,04:36:)">276 $LOCALIZE[12391]</value>
		<value condition="String.StartsWith(ListItem.Duration,04:37:)">277 $LOCALIZE[12391]</value>
		<value condition="String.StartsWith(ListItem.Duration,04:38:)">278 $LOCALIZE[12391]</value>
		<value condition="String.StartsWith(ListItem.Duration,04:39:)">279 $LOCALIZE[12391]</value>
		<value condition="String.StartsWith(ListItem.Duration,04:40:)">280 $LOCALIZE[12391]</value>
		<value condition="String.StartsWith(ListItem.Duration,04:41:)">281 $LOCALIZE[12391]</value>
		<value condition="String.StartsWith(ListItem.Duration,04:42:)">282 $LOCALIZE[12391]</value>
		<value condition="String.StartsWith(ListItem.Duration,04:43:)">283 $LOCALIZE[12391]</value>
		<value condition="String.StartsWith(ListItem.Duration,04:44:)">284 $LOCALIZE[12391]</value>
		<value condition="String.StartsWith(ListItem.Duration,04:45:)">285 $LOCALIZE[12391]</value>
		<value condition="String.StartsWith(ListItem.Duration,04:46:)">286 $LOCALIZE[12391]</value>
		<value condition="String.StartsWith(ListItem.Duration,04:47:)">287 $LOCALIZE[12391]</value>
		<value condition="String.StartsWith(ListItem.Duration,04:48:)">288 $LOCALIZE[12391]</value>
		<value condition="String.StartsWith(ListItem.Duration,04:49:)">289 $LOCALIZE[12391]</value>
		<value condition="String.StartsWith(ListItem.Duration,04:50:)">290 $LOCALIZE[12391]</value>
		<value condition="String.StartsWith(ListItem.Duration,04:51:)">291 $LOCALIZE[12391]</value>
		<value condition="String.StartsWith(ListItem.Duration,04:52:)">292 $LOCALIZE[12391]</value>
		<value condition="String.StartsWith(ListItem.Duration,04:53:)">293 $LOCALIZE[12391]</value>
		<value condition="String.StartsWith(ListItem.Duration,04:54:)">294 $LOCALIZE[12391]</value>
		<value condition="String.StartsWith(ListItem.Duration,04:55:)">295 $LOCALIZE[12391]</value>
		<value condition="String.StartsWith(ListItem.Duration,04:56:)">296 $LOCALIZE[12391]</value>
		<value condition="String.StartsWith(ListItem.Duration,04:57:)">297 $LOCALIZE[12391]</value>
		<value condition="String.StartsWith(ListItem.Duration,04:58:)">298 $LOCALIZE[12391]</value>
		<value condition="String.StartsWith(ListItem.Duration,04:59:)">299 $LOCALIZE[12391]</value>
		<value condition="String.StartsWith(ListItem.Duration,05:00:)">300 $LOCALIZE[12391]</value>
		<value condition="String.StartsWith(ListItem.Duration,05:01:)">301 $LOCALIZE[12391]</value>
		<value condition="String.StartsWith(ListItem.Duration,05:02:)">302 $LOCALIZE[12391]</value>
		<value condition="String.StartsWith(ListItem.Duration,05:03:)">303 $LOCALIZE[12391]</value>
		<value condition="String.StartsWith(ListItem.Duration,05:04:)">304 $LOCALIZE[12391]</value>
		<value condition="String.StartsWith(ListItem.Duration,05:05:)">305 $LOCALIZE[12391]</value>
		<value condition="String.StartsWith(ListItem.Duration,05:06:)">306 $LOCALIZE[12391]</value>
		<value condition="String.StartsWith(ListItem.Duration,05:07:)">307 $LOCALIZE[12391]</value>
		<value condition="String.StartsWith(ListItem.Duration,05:08:)">308 $LOCALIZE[12391]</value>
		<value condition="String.StartsWith(ListItem.Duration,05:09:)">309 $LOCALIZE[12391]</value>
		<value condition="String.StartsWith(ListItem.Duration,05:10:)">310 $LOCALIZE[12391]</value>
		<value condition="String.StartsWith(ListItem.Duration,05:11:)">311 $LOCALIZE[12391]</value>
		<value condition="String.StartsWith(ListItem.Duration,05:12:)">312 $LOCALIZE[12391]</value>
		<value condition="String.StartsWith(ListItem.Duration,05:13:)">313 $LOCALIZE[12391]</value>
		<value condition="String.StartsWith(ListItem.Duration,05:14:)">314 $LOCALIZE[12391]</value>
		<value condition="String.StartsWith(ListItem.Duration,05:15:)">315 $LOCALIZE[12391]</value>
		<value condition="String.StartsWith(ListItem.Duration,05:16:)">316 $LOCALIZE[12391]</value>
		<value condition="String.StartsWith(ListItem.Duration,05:17:)">317 $LOCALIZE[12391]</value>
		<value condition="String.StartsWith(ListItem.Duration,05:18:)">318 $LOCALIZE[12391]</value>
		<value condition="String.StartsWith(ListItem.Duration,05:19:)">319 $LOCALIZE[12391]</value>
		<value condition="String.StartsWith(ListItem.Duration,05:20:)">320 $LOCALIZE[12391]</value>
		<value condition="String.StartsWith(ListItem.Duration,05:21:)">321 $LOCALIZE[12391]</value>
		<value condition="String.StartsWith(ListItem.Duration,05:22:)">322 $LOCALIZE[12391]</value>
		<value condition="String.StartsWith(ListItem.Duration,05:23:)">323 $LOCALIZE[12391]</value>
		<value condition="String.StartsWith(ListItem.Duration,05:24:)">324 $LOCALIZE[12391]</value>
		<value condition="String.StartsWith(ListItem.Duration,05:25:)">325 $LOCALIZE[12391]</value>
		<value condition="String.StartsWith(ListItem.Duration,05:26:)">326 $LOCALIZE[12391]</value>
		<value condition="String.StartsWith(ListItem.Duration,05:27:)">327 $LOCALIZE[12391]</value>
		<value condition="String.StartsWith(ListItem.Duration,05:28:)">328 $LOCALIZE[12391]</value>
		<value condition="String.StartsWith(ListItem.Duration,05:29:)">329 $LOCALIZE[12391]</value>
		<value condition="String.StartsWith(ListItem.Duration,05:30:)">330 $LOCALIZE[12391]</value>
		<value condition="String.StartsWith(ListItem.Duration,05:31:)">331 $LOCALIZE[12391]</value>
		<value condition="String.StartsWith(ListItem.Duration,05:32:)">332 $LOCALIZE[12391]</value>
		<value condition="String.StartsWith(ListItem.Duration,05:33:)">333 $LOCALIZE[12391]</value>
		<value condition="String.StartsWith(ListItem.Duration,05:34:)">334 $LOCALIZE[12391]</value>
		<value condition="String.StartsWith(ListItem.Duration,05:35:)">335 $LOCALIZE[12391]</value>
		<value condition="String.StartsWith(ListItem.Duration,05:36:)">336 $LOCALIZE[12391]</value>
		<value condition="String.StartsWith(ListItem.Duration,05:37:)">337 $LOCALIZE[12391]</value>
		<value condition="String.StartsWith(ListItem.Duration,05:38:)">338 $LOCALIZE[12391]</value>
		<value condition="String.StartsWith(ListItem.Duration,05:39:)">339 $LOCALIZE[12391]</value>
		<value condition="String.StartsWith(ListItem.Duration,05:40:)">340 $LOCALIZE[12391]</value>
		<value condition="String.StartsWith(ListItem.Duration,05:41:)">341 $LOCALIZE[12391]</value>
		<value condition="String.StartsWith(ListItem.Duration,05:42:)">342 $LOCALIZE[12391]</value>
		<value condition="String.StartsWith(ListItem.Duration,05:43:)">343 $LOCALIZE[12391]</value>
		<value condition="String.StartsWith(ListItem.Duration,05:44:)">344 $LOCALIZE[12391]</value>
		<value condition="String.StartsWith(ListItem.Duration,05:45:)">345 $LOCALIZE[12391]</value>
		<value condition="String.StartsWith(ListItem.Duration,05:46:)">346 $LOCALIZE[12391]</value>
		<value condition="String.StartsWith(ListItem.Duration,05:47:)">347 $LOCALIZE[12391]</value>
		<value condition="String.StartsWith(ListItem.Duration,05:48:)">348 $LOCALIZE[12391]</value>
		<value condition="String.StartsWith(ListItem.Duration,05:49:)">349 $LOCALIZE[12391]</value>
		<value condition="String.StartsWith(ListItem.Duration,05:50:)">350 $LOCALIZE[12391]</value>
		<value condition="String.StartsWith(ListItem.Duration,05:51:)">351 $LOCALIZE[12391]</value>
		<value condition="String.StartsWith(ListItem.Duration,05:52:)">352 $LOCALIZE[12391]</value>
		<value condition="String.StartsWith(ListItem.Duration,05:53:)">353 $LOCALIZE[12391]</value>
		<value condition="String.StartsWith(ListItem.Duration,05:54:)">354 $LOCALIZE[12391]</value>
		<value condition="String.StartsWith(ListItem.Duration,05:55:)">355 $LOCALIZE[12391]</value>
		<value condition="String.StartsWith(ListItem.Duration,05:56:)">356 $LOCALIZE[12391]</value>
		<value condition="String.StartsWith(ListItem.Duration,05:57:)">357 $LOCALIZE[12391]</value>
		<value condition="String.StartsWith(ListItem.Duration,05:58:)">358 $LOCALIZE[12391]</value>
		<value condition="String.StartsWith(ListItem.Duration,05:59:)">359 $LOCALIZE[12391]</value>
		<value condition="String.StartsWith(ListItem.Duration,00:)">1 $LOCALIZE[31015]</value>
		<value condition="String.StartsWith(ListItem.Duration,01:)">1 $LOCALIZE[31015]</value>
		<value condition="String.StartsWith(ListItem.Duration,02:)">2 $LOCALIZE[12391]</value>
		<value condition="String.StartsWith(ListItem.Duration,03:)">3 $LOCALIZE[12391]</value>
		<value condition="String.StartsWith(ListItem.Duration,04:)">4 $LOCALIZE[12391]</value>
		<value condition="String.StartsWith(ListItem.Duration,05:)">5 $LOCALIZE[12391]</value>
		<value condition="String.StartsWith(ListItem.Duration,06:)">6 $LOCALIZE[12391]</value>
		<value condition="String.StartsWith(ListItem.Duration,07:)">7 $LOCALIZE[12391]</value>
		<value condition="String.StartsWith(ListItem.Duration,08:)">8 $LOCALIZE[12391]</value>
		<value condition="String.StartsWith(ListItem.Duration,09:)">9 $LOCALIZE[12391]</value>
		<value condition="String.StartsWith(ListItem.Duration,10:)">10 $LOCALIZE[12391]</value>
		<value condition="String.StartsWith(ListItem.Duration,11:)">11 $LOCALIZE[12391]</value>
		<value condition="String.StartsWith(ListItem.Duration,12:)">12 $LOCALIZE[12391]</value>
		<value condition="String.StartsWith(ListItem.Duration,13:)">13 $LOCALIZE[12391]</value>
		<value condition="String.StartsWith(ListItem.Duration,14:)">14 $LOCALIZE[12391]</value>
		<value condition="String.StartsWith(ListItem.Duration,15:)">15 $LOCALIZE[12391]</value>
		<value condition="String.StartsWith(ListItem.Duration,16:)">16 $LOCALIZE[12391]</value>
		<value condition="String.StartsWith(ListItem.Duration,17:)">17 $LOCALIZE[12391]</value>
		<value condition="String.StartsWith(ListItem.Duration,18:)">18 $LOCALIZE[12391]</value>
		<value condition="String.StartsWith(ListItem.Duration,19:)">19 $LOCALIZE[12391]</value>
		<value condition="String.StartsWith(ListItem.Duration,20:)">20 $LOCALIZE[12391]</value>
		<value condition="String.StartsWith(ListItem.Duration,21:)">21 $LOCALIZE[12391]</value>
		<value condition="String.StartsWith(ListItem.Duration,22:)">22 $LOCALIZE[12391]</value>
		<value condition="String.StartsWith(ListItem.Duration,23:)">23 $LOCALIZE[12391]</value>
		<value condition="String.StartsWith(ListItem.Duration,24:)">24 $LOCALIZE[12391]</value>
		<value condition="String.StartsWith(ListItem.Duration,25:)">25 $LOCALIZE[12391]</value>
		<value condition="String.StartsWith(ListItem.Duration,26:)">26 $LOCALIZE[12391]</value>
		<value condition="String.StartsWith(ListItem.Duration,27:)">27 $LOCALIZE[12391]</value>
		<value condition="String.StartsWith(ListItem.Duration,28:)">28 $LOCALIZE[12391]</value>
		<value condition="String.StartsWith(ListItem.Duration,29:)">29 $LOCALIZE[12391]</value>
		<value condition="String.StartsWith(ListItem.Duration,30:)">30 $LOCALIZE[12391]</value>
		<value condition="String.StartsWith(ListItem.Duration,31:)">31 $LOCALIZE[12391]</value>
		<value condition="String.StartsWith(ListItem.Duration,32:)">32 $LOCALIZE[12391]</value>
		<value condition="String.StartsWith(ListItem.Duration,33:)">33 $LOCALIZE[12391]</value>
		<value condition="String.StartsWith(ListItem.Duration,34:)">34 $LOCALIZE[12391]</value>
		<value condition="String.StartsWith(ListItem.Duration,35:)">35 $LOCALIZE[12391]</value>
		<value condition="String.StartsWith(ListItem.Duration,36:)">36 $LOCALIZE[12391]</value>
		<value condition="String.StartsWith(ListItem.Duration,37:)">37 $LOCALIZE[12391]</value>
		<value condition="String.StartsWith(ListItem.Duration,38:)">38 $LOCALIZE[12391]</value>
		<value condition="String.StartsWith(ListItem.Duration,39:)">39 $LOCALIZE[12391]</value>
		<value condition="String.StartsWith(ListItem.Duration,40:)">40 $LOCALIZE[12391]</value>
		<value condition="String.StartsWith(ListItem.Duration,41:)">41 $LOCALIZE[12391]</value>
		<value condition="String.StartsWith(ListItem.Duration,42:)">42 $LOCALIZE[12391]</value>
		<value condition="String.StartsWith(ListItem.Duration,43:)">43 $LOCALIZE[12391]</value>
		<value condition="String.StartsWith(ListItem.Duration,44:)">44 $LOCALIZE[12391]</value>
		<value condition="String.StartsWith(ListItem.Duration,45:)">45 $LOCALIZE[12391]</value>
		<value condition="String.StartsWith(ListItem.Duration,46:)">46 $LOCALIZE[12391]</value>
		<value condition="String.StartsWith(ListItem.Duration,47:)">47 $LOCALIZE[12391]</value>
		<value condition="String.StartsWith(ListItem.Duration,48:)">48 $LOCALIZE[12391]</value>
		<value condition="String.StartsWith(ListItem.Duration,49:)">49 $LOCALIZE[12391]</value>
		<value condition="String.StartsWith(ListItem.Duration,50:)">50 $LOCALIZE[12391]</value>
		<value condition="String.StartsWith(ListItem.Duration,51:)">51 $LOCALIZE[12391]</value>
		<value condition="String.StartsWith(ListItem.Duration,52:)">52 $LOCALIZE[12391]</value>
		<value condition="String.StartsWith(ListItem.Duration,53:)">53 $LOCALIZE[12391]</value>
		<value condition="String.StartsWith(ListItem.Duration,54:)">54 $LOCALIZE[12391]</value>
		<value condition="String.StartsWith(ListItem.Duration,55:)">55 $LOCALIZE[12391]</value>
		<value condition="String.StartsWith(ListItem.Duration,56:)">56 $LOCALIZE[12391]</value>
		<value condition="String.StartsWith(ListItem.Duration,57:)">57 $LOCALIZE[12391]</value>
		<value condition="String.StartsWith(ListItem.Duration,58:)">58 $LOCALIZE[12391]</value>
		<value condition="String.StartsWith(ListItem.Duration,59:)">59 $LOCALIZE[12391]</value>
	</variable>
	<variable name="AddonLabel2">
		<value condition="!String.IsEmpty(ListItem.Property(Addon.Status))">$INFO[ListItem.Property(Addon.Status)]</value>
		<value condition="!String.IsEmpty(ListItem.AddonSize)">$INFO[ListItem.AddonSize]</value>
	</variable>
	<variable name="MusicInfoHeader">
		<value condition="Container.Content(Artists)">$INFO[ListItem.Artist]</value>
		<value condition="Container.Content(Albums)">$INFO[ListItem.Album]</value>
		<value condition="Container.Content(Songs)">$INFO[ListItem.Title]</value>
	</variable>
	<variable name="MusicInfoLabel">
		<value condition="Container.Content(Artists)">$INFO[ListItem.Property(Artist_Description)]</value>
		<value condition="Container.Content(Albums)">$INFO[ListItem.Property(Album_Description)]</value>
		<value condition="Container.Content(Songs)">$INFO[ListItem.Comment]</value>
	</variable>
	<variable name="MusicInfoListViewLabel">
		<value condition="Control.IsVisible(506)">$LOCALIZE[544]</value>
		<value condition="Control.IsVisible(507) + !Player.HasAudio">$LOCALIZE[31040]</value>
		<value condition="Control.IsVisible(507) + Player.HasAudio">$LOCALIZE[31040]$INFO[musicplayer.Playlistposition,: ]$INFO[musicplayer.Playlistlength,/]</value>
	</variable>
	<variable name="MusicInfoListViewPanel">
		<value condition="Control.IsVisible(506)">$INFO[ListItem.TrackNumber,,. ]$INFO[ListItem.Title,,[CR]]$INFO[ListItem.Artist,,[CR]]$INFO[ListItem.Album,[COLOR grey2],[/COLOR][CR]]$INFO[ListItem.DiscNumber,[COLOR grey2]$LOCALIZE[427] ,[/COLOR][CR]]$INFO[ListItem.Year,[COLOR grey2], | [/COLOR]]$INFO[ListItem.Genre,[COLOR grey2],[/COLOR][CR]]$INFO[ListItem.PlayCount,$LOCALIZE[567]: ,[CR]]$INFO[ListItem.Time,$LOCALIZE[180]: ,/]$INFO[ListItem.Duration,,[CR]]</value>
		<value condition="Control.IsVisible(507) + Player.HasAudio">$INFO[MusicPlayer.TrackNumber,,. ]$INFO[MusicPlayer.Title,,[CR]]$INFO[MusicPlayer.Artist,,[CR]]$INFO[MusicPlayer.Album,[COLOR grey2],[/COLOR][CR]]$INFO[MusicPlayer.DiscNumber,[COLOR grey2]$LOCALIZE[427] ,[/COLOR][CR]]$INFO[MusicPlayer.Year,[COLOR grey2], | [/COLOR]]$INFO[MusicPlayer.Genre,[COLOR grey2],[/COLOR][CR]]$INFO[MusicPlayer.PlayCount,$LOCALIZE[567]: ,[CR]]$INFO[MusicPlayer.Time,$LOCALIZE[31016]: ,/]$INFO[MusicPlayer.Duration,,[CR]]</value>
	</variable>
	<variable name="MusicInfoListViewtRating">
		<value condition="Control.IsVisible(506)">$INFO[ListItem.UserRating,ratings/,.png]</value>
		<value condition="Control.IsVisible(507) + Player.HasAudio">$INFO[MusicPlayer.UserRating,ratings/,.png]</value>
	</variable>
	<variable name="MusicInfoListViewThumb">
		<value condition="Control.IsVisible(506)">$INFO[ListItem.Icon]</value>
		<value condition="Control.IsVisible(507)">$INFO[Player.Art(thumb)]</value>
	</variable>
	<variable name="MusicInfoListThumb">
		<value condition="Container.Content(Artists) + !String.IsEmpty(Container(50).Listitem.Icon)">$INFO[Container(50).Listitem.Icon]</value>
		<value condition="[Container.Content(Albums) | Container.Content(Songs)] + !String.IsEmpty(Container.Art(artist.thumb))">$INFO[Container.Art(artist.thumb)]</value>
		<value condition="Container.Content(Artists)">DefaultAlbumCover.png</value>
		<value condition="Container.Content(Albums) | Container.Content(Songs)">DefaultArtist.png</value>
	</variable>
	<variable name="MediaInfoOverlayVar">
		<value condition="ListItem.IsCollection">flagging/video/Set.png</value>
		<value condition="ListItem.HasVideoVersions + ListItem.HasVideoExtras">flagging/video/versions_extras.png</value>
		<value condition="ListItem.HasVideoVersions">flagging/video/versions.png</value>
		<value condition="ListItem.HasVideoExtras">flagging/video/extras.png</value>
		<value condition="!ListItem.IsStereoscopic">$INFO[ListItem.VideoResolution,flagging/lists/,.png]</value>
		<value>flagging/lists/3D.png</value>
	</variable>
	<variable name="BannerThumb">
		<value condition="!String.IsEmpty(ListItem.Art(banner))">$INFO[ListItem.Art(banner)]</value>
		<value>$INFO[ListItem.Icon]</value>
	</variable>
	<variable name="PosterThumb">
		<value condition="[Skin.HasSetting(ShowPosterInsteadThumb) + Container.Content(MusicVideos) + !String.IsEmpty(ListItem.Art(poster))]">$INFO[ListItem.Art(poster)]</value>
		<value condition="[Skin.HasSetting(ShowPosterInsteadThumb) + Container.Content(MusicVideos) + String.IsEmpty(ListItem.Art(poster)) + !ListItem.IsFolder]">DefaultVideoPoster.png</value>
		<value condition="[[Container.Content(MusicVideos) + [Control.IsVisible(50) | Control.IsVisible(51)]] | [!Container.Content(MusicVideos) + !String.IsEmpty(ListItem.Art(poster))]]">$INFO[ListItem.Art(poster)]</value>
		<value>$INFO[ListItem.Icon]</value>
	</variable>

	<expression name="ClearSomething">!String.IsEmpty(Player.Art(clearart)) | !String.IsEmpty(Player.Art(tvshow.clearart)) | !String.IsEmpty(Player.Art(clearlogo)) | !String.IsEmpty(Player.Art(tvshow.clearlogo))</expression>
	<expression name="Poster">!$EXP[ClearSomething] + [!String.IsEmpty(Player.Art(poster)) | !String.IsEmpty(Player.Art(tvshow.poster))]</expression>
	<expression name="Thumbnail">!$EXP[Poster] + [!String.IsEmpty(Player.Art(thumbnail)) | !String.IsEmpty(Player.Art(tvshow.thumbnail))]</expression>
	<expression name="Icon">!$EXP[ClearSomething] + !$EXP[Poster] + !$EXP[Thumbnail] + !String.IsEmpty(Player.Icon)</expression>
	<!--  END BOSSANOVA808 MOD CLEARART -->	
	<variable name="PlaySpeed">
		<value condition="String.IsEqual(Player.PlaySpeed,0.80)">0.8X</value>
		<value condition="String.IsEqual(Player.PlaySpeed,0.90)">0.9X</value>
		<value condition="String.IsEqual(Player.PlaySpeed,1.10)">1.1X</value>
		<value condition="String.IsEqual(Player.PlaySpeed,1.20)">1.2X</value>
		<value condition="String.IsEqual(Player.PlaySpeed,1.30)">1.3X</value>
		<value condition="String.IsEqual(Player.PlaySpeed,1.40)">1.4X</value>
		<value condition="String.IsEqual(Player.PlaySpeed,1.50)">1.5X</value>
		<value condition="String.IsEqual(Player.PlaySpeed,1.60)">1.6X</value>
		<value condition="String.IsEqual(Player.PlaySpeed,1.70)">1.7X</value>
		<value condition="String.IsEqual(Player.PlaySpeed,1.80)">1.8X</value>
		<value condition="String.IsEqual(Player.PlaySpeed,1.90)">1.9X</value>
		<value condition="String.IsEqual(Player.PlaySpeed,2.00)">2X</value>
		<value condition="String.IsEqual(Player.PlaySpeed,2.10)">2.1X</value>
		<value>$INFO[Player.PlaySpeed]</value>
	</variable>
	<variable name="MusicInfoPanelLabel">
		<value condition="Container.Content(Artists)">$INFO[ListItem.Label]</value>
		<value condition="Container.Content(Songs)">$INFO[ListItem.Label,[COLOR=selected][B],[/B][/COLOR] - ]$INFO[ListItem.Label2]</value>
		<value>$INFO[ListItem.TrackNumber,([COLOR=selected][B],[/B][/COLOR]) - ]$INFO[ListItem.Label]</value>
	</variable>
	<variable name="PlayList">
		<value condition="Window.IsActive(Videos) + !String.IsEqual(Playlist.Length(video),0)">ActivateWindow(videoplaylist)</value>
		<value>ActivateWindow(musicplaylist)</value>
	</variable>
	<variable name="DialogSelectImage">
		<value condition="!String.IsEmpty(ListItem.Art(poster))">$INFO[ListItem.Art(poster)]</value>
		<value>$INFO[ListItem.Icon]</value>
	</variable>
	<variable name="SelectBack">
		<value condition="![Window.IsVisible(FullscreenVideo) | Window.IsVisible(Visualisation)]">DialogBack.png</value>
		<value>DialogBack2.png</value>
	</variable>
	<variable name="rating">
		<value condition="String.Contains(listitem.mpaa,Rated G)">mpaa_general</value>
		<value condition="String.Contains(listitem.mpaa,Rated PG-13)">mpaa_pg13</value>
		<value condition="String.Contains(listitem.mpaa,Rated PG)">mpaa_pg</value>
		<value condition="String.Contains(Listitem.mpaa,Rated R)">mpaa_restricted</value>
		<value condition="String.Contains(Listitem.mpaa,Rated NC)">mpaa_nc17</value>
		<value condition="String.Contains(Listitem.mpaa,Rated NR)">mpaa_notrated</value>
		<value condition="String.Contains(Listitem.mpaa,Not Rated)">mpaa_notrated</value>
	</variable>
	<variable name="SeekLabel">
		<value condition="[Player.Playing + !Player.Seeking + !Player.HasPerformedSeek(3)] | Player.IsTempo">$LOCALIZE[31042]</value>
		<value condition="[Player.Paused + !Player.Caching] + !Player.Seeking">$LOCALIZE[31043]</value>
		<value condition="[Player.Paused + Player.Caching] + !Player.Seeking">$LOCALIZE[15107] $INFO[Player.CacheLevel]%</value>
		<value condition="!String.IsEmpty(Player.SeekStepSize) + ![player.forwarding | player.rewinding]">$LOCALIZE[31046][COLOR=grey] $INFO[Player.SeekStepSize][/COLOR]</value>
		<value condition="Player.HasPerformedSeek(3) + ![player.forwarding | player.rewinding]">$LOCALIZE[31046][COLOR=grey] $INFO[Player.SeekOffset][/COLOR]</value>
		<value condition="!Player.HasPerformedSeek(3) + Player.Seeking">$LOCALIZE[31046]</value>
		<value condition="Player.Forwarding">$LOCALIZE[31044]</value>
		<value condition="Player.Rewinding">$LOCALIZE[31045]</value>
	</variable>
	<variable name="SelectLabel">
		<value condition="Control.IsVisible(3)">([COLOR=blue]$INFO[Container(3).NumItems][/COLOR]) $LOCALIZE[31025] - $LOCALIZE[31024] ([COLOR=blue]$INFO[Container(3).CurrentPage]/$INFO[Container(3).NumPages][/COLOR])</value>
		<value condition="Control.IsVisible(6)">([COLOR=blue]$INFO[Container(6).NumItems][/COLOR]) $LOCALIZE[31025] - $LOCALIZE[31024] ([COLOR=blue]$INFO[Container(6).CurrentPage]/$INFO[Container(6).NumPages][/COLOR])</value>
	</variable>
	<variable name="PlayerControlsRepeatImageVar">
		<value condition="Playlist.IsRepeatOne + Control.HasFocus(704)">OSDRepeatOneFO.png</value>
		<value condition="Playlist.IsRepeat + Control.HasFocus(704)">OSDRepeatAllFO.png</value>
		<value condition="Control.HasFocus(704)">OSDRepeatFO.png</value>
		<value condition="Playlist.IsRepeatOne">OSDRepeatOneNF.png</value>
		<value condition="Playlist.IsRepeat">OSDRepeatAllNF.png</value>
		<value>OSDRepeatNF.png</value>
	</variable>
	<variable name="PVRChannelMgrHeader">
		<value condition="!String.IsEmpty(Window.Property(IsRadio))">$LOCALIZE[19199] - $LOCALIZE[19024]</value>
		<value>$LOCALIZE[19199] - $LOCALIZE[19023]</value>
	</variable>
	<variable name="PVRTimerIcon">
		<value condition="ListItem.IsRecording">PVR-IsRecording.png</value>
		<value condition="ListItem.HasReminder">PVR-HasReminder.png</value>
		<value condition="ListItem.HasTimerSchedule + ListItem.TimerHasError">PVR-HasTimerScheduleError.png</value>
		<value condition="ListItem.HasTimer + ListItem.TimerHasError">PVR-HasTimerError.png</value>
		<value condition="ListItem.HasTimerSchedule + ListItem.TimerHasConflict">PVR-HasTimerScheduleConflict.png</value>
		<value condition="ListItem.HasTimer + ListItem.TimerHasConflict">PVR-HasTimerConflict.png</value>
		<value condition="ListItem.HasRecording">PVR-HasRecording.png</value>
		<value condition="ListItem.HasTimerSchedule + !ListItem.TimerIsActive">PVR-HasTimerScheduleDisabled.png</value>
		<value condition="ListItem.HasTimer + !ListItem.TimerIsActive">PVR-HasTimerDisabled.png</value>
		<value condition="ListItem.HasTimerSchedule">PVR-HasTimerSchedule.png</value>
		<value condition="ListItem.HasTimer">PVR-HasTimer.png</value>
		<value condition="ListItem.IsPlayable">PVR-HasArchive.png</value>
	</variable>
	<variable name="PVRTimerLabel">
		<value condition="ListItem.IsRecording">$LOCALIZE[19043]</value>
		<value condition="ListItem.HasTimer + !ListItem.TimerIsActive">$LOCALIZE[19057]</value>
		<value condition="ListItem.HasTimer">$LOCALIZE[31510]</value>
	</variable>
	<variable name="ProfileIdentificationLabel2Var">
		<value condition="Skin.HasSetting(show_profilename)">$LOCALIZE[20093]</value>
		<value condition="Skin.HasSetting(show_profileavatar)">$LOCALIZE[31964]</value>
		<value>$LOCALIZE[16018]</value>
	</variable>
	<variable name="ShowOriginalName">
		<value condition="Skin.HasSetting(TitleFormat_1st)">$LOCALIZE[31034]</value>
		<value condition="Skin.HasSetting(TitleFormat_2nd)">$LOCALIZE[31035]</value>
		<value condition="Skin.HasSetting(TitleFormat_only)">$LOCALIZE[31036]</value>
		<value>$LOCALIZE[31030]</value>
	</variable>
	<variable name="ShowCustomLabel">
		<value condition="Skin.HasSetting(TitleFormat_1st) + !String.IsEmpty(ListItem.OriginalTitle) + !String.IsEqual(ListItem.Label,ListItem.OriginalTitle)">$INFO[ListItem.OriginalTitle] ($INFO[ListItem.Label])</value>
		<value condition="Skin.HasSetting(TitleFormat_2nd) + !String.IsEmpty(ListItem.OriginalTitle) + !String.IsEqual(ListItem.Label,ListItem.OriginalTitle)">$INFO[ListItem.Label] ($INFO[ListItem.OriginalTitle])</value>
		<value condition="Skin.HasSetting(TitleFormat_only) + !String.IsEmpty(ListItem.OriginalTitle) + !String.IsEqual(ListItem.Label,ListItem.OriginalTitle)">$INFO[ListItem.OriginalTitle]</value>
		<value>$INFO[ListItem.Label]</value>
	</variable>
	<variable name="VideoManagerPosterThumb">
		<value condition="!String.IsEmpty(Container(6).ListItem.Art(poster))">$INFO[Container(6).ListItem.Art(poster)]</value>
		<value condition="!String.IsEmpty(Container(6).ListItem.Art(thumb))">$INFO[Container(6).ListItem.Art(thumb)]</value>
		<value condition="!String.IsEmpty(Container(50).ListItem.Art(poster))">$INFO[Container(50).ListItem.Art(poster)]</value>
		<value condition="!String.IsEmpty(Container(50).ListItem.Art(thumb))">$INFO[Container(50).ListItem.Art(thumb)]</value>
		<value condition="String.IsEmpty(Container(50).ListItem.Art(thumb))">DefaultMovies.png</value>
		<value condition="!String.IsEmpty(Listitem.Art(poster))">$INFO[ListItem.Art(poster)]</value>
		<value>$INFO[ListItem.Art(thumb)]</value>
	</variable>
	<variable name="VideoManagerLabel">
		<value condition="Window.IsVisible(selectvideoversion)">$INFO[ListItem.VideoVersionName]</value>
		<value>$INFO[ListItem.Label]</value>
	</variable>
	<variable name="VideoManagerLabel2">
		<value condition="ListItem.IsStereoscopic">3D$VAR[VideoCodecVar, | ]$VAR[VideoResolutionTypeVar, | ,]$VAR[VideoHDRTypeVar, | ]$INFO[ListItem.VideoAspect, | ,:1]$VAR[AudioCodecVar, | ]$VAR[AudioChannelsVar, ]</value>
		<value>$VAR[VideoCodecVar]$VAR[VideoResolutionTypeVar, | ]$VAR[VideoHDRTypeVar, | ]$INFO[ListItem.VideoAspect, | ,:1]$VAR[AudioCodecVar, | ]$VAR[AudioChannelsVar, ]</value>
	</variable>
	<variable name="VersionsExtrasOverlay">
		<value condition="ListItem.HasVideoVersions + ListItem.HasVideoExtras">flagging/video/overlay_versions_extras.png</value>
		<value condition="ListItem.HasVideoVersions">flagging/video/overlay_versions.png</value>
		<value condition="ListItem.HasVideoExtras">flagging/video/overlay_extras.png</value>
	</variable>

	<!--  BOSSANOVA808 MOD - Holiday Backgrounds - dates in form MM-DD -->
	<variable name="HolidayBackground">
		<!-- For testing...uncomment this to overrule all below options	-->
<!--	 	<value>special://skin/backgrounds/MothersDay.jpg</value>-->
		<!-- Bossanova808 Specific -->
		<value condition="Skin.HasSetting(IsB808) + System.Date(01-03,01-04)">special://skin/backgrounds/BirthdayJem.jpg</value>
		<value condition="Skin.HasSetting(IsB808) + System.Date(04-11,04-12)">special://skin/backgrounds/BirthdayAmy.jpg</value>
		<value condition="Skin.HasSetting(IsB808) + System.Date(06-26,06-27)">special://skin/backgrounds/BirthdayLeyna.jpg</value>
		<value condition="Skin.HasSetting(IsB808) + System.Date(08-12,08-13)">special://skin/backgrounds/BirthdayAleda.jpg</value>
		<value condition="Skin.HasSetting(IsB808) + System.Date(10-07,10-08)">special://skin/backgrounds/Valentines.jpg</value>
		<!-- Need annual updates to these dates! -->
		<value condition="Skin.HasSetting(IsB808) + System.Date(05-11,05-12)">special://skin/backgrounds/MothersDay.jpg</value>
		<value condition="Skin.HasSetting(IsB808) + System.Date(09-07,09-08)">special://skin/backgrounds/FathersDay.jpg</value>
		<!-- All skin users	-->
		<value condition="System.Date(02-14,02-15)">special://skin/backgrounds/Valentines.jpg</value>
		<value condition="System.Date(04-18,04-22)">special://skin/backgrounds/Easter.jpg</value>
		<value condition="System.Date(10-31,11-01)">special://skin/backgrounds/Halloween.jpg</value>
		<value condition="System.Date(12-01,12-26)">special://skin/backgrounds/Christmas.jpg</value>
		<value condition="System.Date(12-31,01-02)">special://skin/backgrounds/NewYears.jpg</value>
		<value>$INFO[Skin.CurrentTheme,special://skin/backgrounds/,.jpg]</value>
	</variable>
	<!--  END BOSSANOVA808 MOD Holiday Backgrounds -->

	<!--  BOSSANOVA808 MOD Clearart -->
	<variable name="NowPlayingThumb">
		<value condition="!String.IsEmpty(Player.Art(clearart))">$INFO[Player.Art(clearart)]</value>
		<value condition="!String.IsEmpty(Player.Art(tvshow.clearart))">$INFO[Player.Art(tvshow.clearart)]</value>
		<value condition="!String.IsEmpty(Player.Art(clearlogo))">$INFO[Player.Art(clearlogo)]</value>
		<value condition="!String.IsEmpty(Player.Art(tvshow.clearlogo))">$INFO[Player.Art(tvshow.clearlogo)]</value>
		<value condition="!String.IsEmpty(Player.Art(poster))">$INFO[Player.Art(poster)]</value>
		<value condition="!String.IsEmpty(Player.Art(tvshow.poster))">$INFO[Player.Art(tvshow.poster)]</value>
		<value condition="!String.IsEmpty(Player.Art(thumbnail))">$INFO[Player.Art(thumbnail)]</value>
		<value condition="!String.IsEmpty(Player.Art(tvshow.thumbnail))">$INFO[Player.Art(tvshow.thumbnail)]</value>
		<value>$INFO[Player.Icon]</value>
	</variable>
	<!--  END BOSSANOVA808 MOD Clearart -->

</includes>
