<?xml version="1.0" encoding="UTF-8"?>
<includes>
	<include name="HomeWeatherWidget">
		<control type="group" id="9003">
			<depth>DepthMenu</depth>
			<onup>20</onup>
			<ondown condition="Control.IsVisible(600)">600</ondown>
			<ondown condition="!Control.IsVisible(600)">9000</ondown>
			<visible>!Window.IsVisible(Favourites)</visible>
			<include>VisibleFadeEffect</include>
			<animation effect="fade" time="225" delay="750">WindowOpen</animation>
			<animation effect="fade" time="150">WindowClose</animation>
			<control type="group">
				<left>285</left>
				<top>75</top>
				<visible>Weather.IsFetched</visible>
				<visible>Container(9000).Hasfocus(7) + !Skin.HasSetting(HomepageHideWeatherWidget)</visible>
				<include>VisibleFadeEffect</include>
				<control type="label">
					<description>Title label</description>
					<left>270</left>
					<top>370</top>
					<height>30</height>
					<width>810</width>
					<label>10508</label>
					<align>center</align>
					<aligny>center</aligny>
					<font>font12_title</font>
					<textcolor>white</textcolor>
					<shadowcolor>black</shadowcolor>
				</control>
				<control type="list" id="7000">
					<animation effect="slide" start="0,0" end="135,0" time="0" condition="String.IsEqual(Container(7000).NumItems,4)">conditional</animation>
					<animation effect="slide" start="0,0" end="270,0" time="0" condition="String.IsEqual(Container(7000).NumItems,3)">conditional</animation>
					<animation effect="slide" start="0,0" end="405,0" time="0" condition="String.IsEqual(Container(7000).NumItems,2)">conditional</animation>
					<animation effect="slide" start="0,0" end="540,0" time="0" condition="String.IsEqual(Container(7000).NumItems,1)">conditional</animation>
					<left>0</left>
					<top>0</top>
					<width>1350</width>
					<height>370</height>
					<onleft>7000</onleft>
					<onright>7000</onright>
					<onup>20</onup>
					<ondown condition="Control.IsVisible(600)">600</ondown>
					<ondown condition="!Control.IsVisible(600)">9000</ondown>
					<viewtype label="535">list</viewtype>
					<pagecontrol />
					<scrolltime>200</scrolltime>
					<orientation>Horizontal</orientation>
					<itemlayout height="370" width="270">
						<control type="image">
							<description>background</description>
							<left>0</left>
							<top>0</top>
							<width>270</width>
							<height>370</height>
							<texture border="15">RecentAddedBack.png</texture>
						</control>
						<control type="label">
							<left>23</left>
							<top>23</top>
							<width>225</width>
							<height>30</height>
							<font>font12</font>
							<textcolor>white</textcolor>
							<shadowcolor>black</shadowcolor>
							<selectedcolor>selected</selectedcolor>
							<align>center</align>
							<aligny>center</aligny>
							<label>$INFO[ListItem.Label]</label>
						</control>
						<control type="image">
							<left>15</left>
							<top>55</top>
							<width>240</width>
							<height>255</height>
							<texture>$INFO[ListItem.Thumb]</texture>
							<aspectratio>keep</aspectratio>
							<bordertexture infill="false" border="5">button-nofocus.png</bordertexture>
							<bordersize>25</bordersize>
						</control>
						<control type="label">
							<left>23</left>
							<top>318</top>
							<width>225</width>
							<height>30</height>
							<font>font12</font>
							<textcolor>grey2</textcolor>
							<shadowcolor>black</shadowcolor>
							<selectedcolor>selected</selectedcolor>
							<align>center</align>
							<aligny>center</aligny>
							<label>$INFO[ListItem.Label2]</label>
						</control>
					</itemlayout>
					<focusedlayout height="370" width="270">
						<control type="image">
							<description>background</description>
							<left>0</left>
							<top>0</top>
							<width>270</width>
							<height>370</height>
							<texture border="15">RecentAddedBack.png</texture>
						</control>
						<control type="label">
							<left>23</left>
							<top>23</top>
							<width>225</width>
							<height>30</height>
							<font>font12</font>
							<textcolor>white</textcolor>
							<shadowcolor>black</shadowcolor>
							<selectedcolor>selected</selectedcolor>
							<align>center</align>
							<aligny>center</aligny>
							<label>$INFO[ListItem.Label]</label>
							<visible>!Control.HasFocus(7000)</visible>
						</control>
						<control type="label">
							<left>23</left>
							<top>23</top>
							<width>225</width>
							<height>30</height>
							<font>font12</font>
							<textcolor>blue</textcolor>
							<selectedcolor>selected</selectedcolor>
							<align>center</align>
							<aligny>center</aligny>
							<label>$INFO[ListItem.Label]</label>
							<visible>Control.HasFocus(7000)</visible>
						</control>
						<control type="image">
							<left>15</left>
							<top>55</top>
							<width>240</width>
							<height>255</height>
							<texture>$INFO[ListItem.Thumb]</texture>
							<aspectratio>keep</aspectratio>
							<bordertexture infill="false" border="5">folder-focus.png</bordertexture>
							<bordersize>25</bordersize>
							<visible>Control.HasFocus(7000)</visible>
						</control>
						<control type="image">
							<left>15</left>
							<top>55</top>
							<width>240</width>
							<height>255</height>
							<texture>$INFO[ListItem.Thumb]</texture>
							<aspectratio>keep</aspectratio>
							<bordertexture infill="false" border="5">button-nofocus.png</bordertexture>
							<bordersize>25</bordersize>
							<visible>!Control.HasFocus(7000)</visible>
						</control>
						<control type="label">
							<left>23</left>
							<top>318</top>
							<width>225</width>
							<height>30</height>
							<font>font12</font>
							<textcolor>grey2</textcolor>
							<shadowcolor>black</shadowcolor>
							<selectedcolor>selected</selectedcolor>
							<align>center</align>
							<aligny>center</aligny>
							<label>$INFO[ListItem.Label2]</label>
							<visible>!Control.HasFocus(7000)</visible>
						</control>
						<control type="label">
							<left>23</left>
							<top>318</top>
							<width>225</width>
							<height>30</height>
							<font>font12</font>
							<textcolor>blue</textcolor>
							<selectedcolor>selected</selectedcolor>
							<align>center</align>
							<aligny>center</aligny>
							<label>$INFO[ListItem.Label2]</label>
							<visible>Control.HasFocus(7000)</visible>
						</control>
					</focusedlayout>
				<content>
					<include content="HomeWeatherDailyItem">
						<param name="item_id" value="1" />
					</include>
					<include content="HomeWeatherDailyItem">
						<param name="item_id" value="2" />
					</include>
					<include content="HomeWeatherDailyItem">
						<param name="item_id" value="3" />
					</include>
					<include content="HomeWeatherDailyItem">
						<param name="item_id" value="4" />
					</include>
					<include content="HomeWeatherDailyItem">
						<param name="item_id" value="5" />
					</include>
					<include content="HomeWeatherDailyItem">
						<param name="item_id" value="6" />
					</include>
					<include content="HomeWeatherDailyItem">
						<param name="item_id" value="7" />
					</include>
				</content>
				</control>
				<control type="button">
					<description>left Arrow</description>
					<left>-60</left>
					<top>135</top>
					<width>45</width>
					<height>60</height>
					<texturefocus>arrow-big-left.png</texturefocus>
					<texturenofocus>arrow-big-left.png</texturenofocus>
					<onclick>Control.Move(7000,-1)</onclick>
					<visible>Control.HasFocus(7000) + Container(7000).HasPrevious</visible>
					<include>VisibleFadeEffect</include>
				</control>
				<control type="button">
					<description>right Arrow</description>
					<left>1365</left>
					<top>135</top>
					<width>45</width>
					<height>60</height>
					<texturefocus>arrow-big-right.png</texturefocus>
					<texturenofocus>arrow-big-right.png</texturenofocus>
					<onclick>Control.Move(7000,1)</onclick>
					<visible>Control.HasFocus(7000) + Container(7000).HasNext</visible>
					<include>VisibleFadeEffect</include>
				</control>
			</control>
		</control>
	</include>
</includes>
