<?xml version="1.0" encoding="UTF-8"?>
<addon
  id="plugin.image.xzen"
  version="0.0.4"
  name="XZen"
  provider-name="bossanova808 (bossanova808@gmail.com)">
  <requires>
    <import addon="xbmc.python" version="2.1.0"/>
    <import addon="script.module.b808common" version="0.0.2"/>
  </requires>
  <extension point="xbmc.python.pluginsource" library="default.py">
    <provides>image</provides>
  </extension>
    <extension point="xbmc.addon.metadata">
        <platform>all</platform>
        <minversion>31632</minversion>
        <summary>Zenfolio Browser for XBMC</summary>
        <description>Browse the public Zenfolio galleries, and view your Zenfolio photo portfolios in XBMC</description>
        <disclaimer></disclaimer>
    </extension>
</addon>
