<!--

XSQUEEZE SKIN NOTES

WARNING - DO NOT CHANGE ID OF PROGRESS BAR (998) OR YOU MAY BREAK XSQUEEZE!!
WARNING - DO NOT CHANGE ID OF VOLUME BAR (997) OR YOU MAY BREAK XSQUEEZE!!
WARNING - DO NOT REMOVE PROGRESS BAR OR YOU MAY BREAK XSQUEEZE!!

Check the media directory for icons you should supply:
play.png
pause.png
stop.png
black.png
...using those names!!

IMAGES:
XSqueeze will supply the textures for 5 images with IDs:
XSQUEEZE_MAINCOVER             = 100
XSQUEEZE_UPCOMING1COVERART     = 101
XSQUEEZE_UPCOMING2COVERART     = 102
XSQUEEZE_UPCOMING3COVERART     = 103
XSQUEEZE_PLAYSTATE             = 104 (the play/pause/stop icon)
SLIDESHOW                      = 105 (the multiimage control handled by artist.slideshow)


AVAILABLE IN $INFO & example usages:

$INFO[Window.Property(XSQUEEZE_WINDOWID)] - the current window ID
$INFO[Window.Property(XSQUEEZE_NAME)] - the name + current version for title bars etc.
$INFO[Window.Property(XSQUEEZE_PLAYER)] - the player MAC which is LMS unique ID for the player
$INFO[Window.Property(XSQUEEZE_SERVER)] - the LMS server name or IP

Test for player playing - this example will show the element if the payer is playing
<visible>SubString(Window.Property(XSQUEEZE_NOWPLAYING),play)</visible>
(values can be play, pause, stop)

Test if playing radio stream or a track - this example will hide the element if radio is playing:
<visible>SubString(Window.Property(XSQUEEZE_PLAYING_RADIO),false)</visible>

Track 0 - the currently playing track

$INFO[Window.Property(XSQUEEZE_TRACK_0_INPLAYLIST)] - true or false depending on if there is a track 0 in playlist
$INFO[Window.Property(XSQUEEZE_TRACK_0_ARTIST)] - Artist of song
$INFO[Window.Property(XSQUEEZE_TRACK_0_UNIARTIST)] - unicode encoded artist for submission to e.g. script.artistslideshow
$INFO[Window.Property(XSQUEEZE_TRACK_0_TITLE)] - the title of the track
$INFO[Window.Property(XSQUEEZE_TRACK_0_ALBUM)] - the album the track comes from
$INFO[Window.Property(XSQUEEZE_TRACK_0_ALBUMYEAR)] - the year of the album the track comes from
$INFO[Window.Property(XSQUEEZE_TRACK_0_ELAPSED)] - elapsed time of current track's playback
$INFO[Window.Property(XSQUEEZE_TRACK_0_REMAINING)] - remaining time of current track's playback
$INFO[Window.Property(XSQUEEZE_TRACK_0_DURATION)] - duration of current track

**** OR

Track 0 - the current radio station - radio stations are very variable in what they return

$INFO[Window.Property(XSQUEEZE_TRACK_0_ARTIST)] - usually the radio station name
$INFO[Window.Property(XSQUEEZE_TRACK_0_UNIARTIST)] - unicode encoded of the above
$INFO[Window.Property(XSQUEEZE_TRACK_0_TITLE)] - usually title of track/show
(others will be blank/unset)

Track 1 - 9 - up to 9 more upcoming tracks...change the X to 1 to 9....

$INFO[Window.Property(XSQUEEZE_TRACK_X_INPLAYLIST)] - true or false/unset depending on if there is a track 0 in playlist
$INFO[Window.Property(XSQUEEZE_TRACK_X_ARTIST)] - Artist of song
$INFO[Window.Property(XSQUEEZE_TRACK_X_UNIARTIST)] - unicode encoded artist for submission to e.g. script.artistslideshow
$INFO[Window.Property(XSQUEEZE_TRACK_X_TITLE)] - the title of the track
$INFO[Window.Property(XSQUEEZE_TRACK_X_ALBUM)] - the album the track comes from
$INFO[Window.Property(XSQUEEZE_TRACK_X_ALBUMYEAR)] - the year of the album the track comes from
$INFO[Window.Property(XSQUEEZE_TRACK_X_FILEFORMAT)] - fileformat of current track (e.g. flc, mp3 - see LMS singinfo)
$INFO[Window.Property(XSQUEEZE_TRACK_X_BITRATE)] - string containing bitrate of current track
$INFO[Window.Property(XSQUEEZE_TRACK_X_GENRE)] - genre of current track

-->

<window>
  <allowoverlay>no</allowoverlay>

  <defaultcontrol>2610</defaultcontrol>

  <controls>




    <!-- STATIC BACKGROUND -->
    <control type="image">
      <posx>0</posx>
      <posy>0</posy>
      <width>1280</width>
      <height>720</height>
      <texture>music.jpg</texture>
    </control>

    <!-- ANIMATIONS -->
    <control type="image">
      <posx>0</posx>
      <posy>100r</posy>
      <width>1280</width>
      <height>100</height>
      <texture>floor.png</texture>
      <include>VisibleFadeEffect</include>
      <animation effect="slide" start="0,10" end="0,0" time="200" condition="Window.Previous(Home)">WindowOpen</animation>
      <animation effect="slide" start="0,0" end="0,10" time="200" condition="Window.Next(Home)">WindowClose</animation>
    </control>

    <!-- Close Button -->
    <control type="button" id="2599">
     <description>Close Window button</description>
     <posx>60r</posx>
     <posy>0</posy>
     <width>64</width>
     <height>45</height>
     <label>-</label>
     <font>-</font>
			<!--
      <onclick>Dialog.Close(all,true)</onclick>
			<onclick>FullScreen</onclick>
    -->
    <texturefocus>DialogCloseButton-focus.png</texturefocus>
    <texturenofocus>DialogCloseButton.png</texturenofocus>
    <animation effect="fade" time="200">VisibleChange</animation>
  </control>

  <!-- MAIN PANELS AND FLOOR AREA -->
  <control type="group">
    <animation type="WindowOpen" reversible="false">
      <effect type="zoom" start="80" end="100" center="640,360" easing="out" tween="back" time="300"/>
      <effect type="fade" start="0" end="100" time="300"/>
    </animation>
    <animation type="WindowClose" reversible="false">
      <effect type="zoom" start="100" end="80" center="640,360" easing="in" tween="back" time="300"/>
      <effect type="fade" start="100" end="0" time="300"/>
    </animation>
    <include>VisibleFadeEffect</include>
    <control type="group">
      <animation effect="slide" start="0,0" end="-40,0" time="200" condition="StringCompare(Weather.Plugin,weather.weatherplus)">Conditional</animation>
      <posx>40</posx>
      <posy>10</posy>
      <control type="image">
        <posx>0</posx>
        <posy>0</posy>
        <width>600</width>
        <height>630</height>
        <texture border="20">ContentPanel.png</texture>
      </control>
      <control type="image">
        <posx>600</posx>
        <posy>30</posy>
        <width>600</width>
        <height>600</height>
        <texture border="20">ContentPanel.png</texture>
      </control>
      <control type="image">
        <posx>0</posx>
        <posy>622</posy>
        <width>1200</width>
        <height>64</height>
        <texture border="10">ContentPanelMirror.png</texture>
      </control>
      <control type="image">
        <posx>20</posx>
        <posy>5</posy>
        <width>600</width>
        <height>80</height>
        <aspectratio>stretch</aspectratio>
        <texture>GlassTitleBar.png</texture>
      </control>
      <control type="label">
        <description>header label</description>
        <posx>15</posx>
        <posy>10</posy>
        <width>600</width>
        <height>30</height>
        <font>font14caps</font>
        <label>$INFO[Window.Property(XSQUEEZE_NAME)]</label>
        <align>center</align>
        <aligny>center</aligny>
        <textcolor>FF888888</textcolor>
        <shadowcolor>black</shadowcolor>
      </control>

      <!-- LMS server and player ID tags -->
      <control type="label">
        <description>server label</description>
        <posx>15</posx>
        <posy>2</posy>
        <width>1280</width>
        <height>30</height>
        <font>font10</font>
        <label>Server: $INFO[Window.Property(XSQUEEZE_SERVER)]</label>
        <align>left</align>
        <aligny>center</aligny>
        <textcolor>FF333333</textcolor>
        <shadowcolor>black</shadowcolor>
      </control>
      <control type="label">
        <description>player label</description>
        <posx>15</posx>
        <posy>16</posy>
        <width>1280</width>
        <height>30</height>
        <font>font10</font>
        <label>Player: $INFO[Window.Property(XSQUEEZE_PLAYERMAC)]</label>
        <align>left</align>
        <aligny>center</aligny>
        <textcolor>FF333333</textcolor>
        <shadowcolor>black</shadowcolor>
      </control>
    </control>


    <!-- ***************** LEFT PANEL CONTROLS *************************** -->

    <!-- COVER ART FOR CURRENT TRACK -->
    <control type="image" id="100">
      <description>Cover art for currently playing track</description>
      <posx>60</posx>
      <posy>65</posy>
      <width>275</width>
      <height>275</height>
      <texture>$INFO[Window.Property(XSQUEEZE_MAINCOVER)]</texture>
    </control>

    <!-- CURRENT ARTIST, ALBUM, YEAR -->
    <control type="group">
      <description>Current Track Details</description>
      <posx>350</posx>
      <posy>-640</posy>
      <control type="label" id="200">
        <description>Current Track Label</description>
        <posx>0</posx>
        <posy>75</posy>
        <width>265</width>
        <visible>true</visible>
        <align>left</align>
        <aligny>center</aligny>
        <scroll>true</scroll>
        <label>$INFO[Window.Property(XSQUEEZE_TRACK_0_TITLE)]</label>
        <font>font24_title</font>
        <textcolor>orange</textcolor>
      </control>
      <control type="label" id="201">
        <description>Current Artist Label</description>
        <posx>0</posx>
        <posy>130</posy>
        <width>265</width>
        <visible>true</visible>
        <align>left</align>
        <aligny>center</aligny>
        <scroll>true</scroll>
        <label>$INFO[Window.Property(XSQUEEZE_TRACK_0_ARTIST)]</label>
        <font>font11_title</font>
        <textcolor>FF9999FF</textcolor>
      </control>
      <control type="label" id="202">
        <description>Current Album Label</description>
        <posx>0</posx>
        <posy>170</posy>
        <width>265</width>
        <visible>true</visible>
        <align>left</align>
        <aligny>center</aligny>
        <scroll>true</scroll>
        <label>$INFO[Window.Property(XSQUEEZE_TRACK_0_ALBUM)]</label>
        <font>font11_title</font>
        <textcolor>FF9999FF</textcolor>
      </control>
      <control type="label" id="203">
        <description>Current Album Year Label</description>
        <posx>0</posx>
        <posy>210</posy>
        <width>200</width>
        <visible>true</visible>
        <align>left</align>
        <aligny>center</aligny>
        <scroll>true</scroll>
        <label>$INFO[Window.Property(XSQUEEZE_TRACK_0_ALBUMYEAR)]</label>
        <font>font11_title</font>
        <textcolor>FF9999FF</textcolor>
      </control>
      <control type="label" id="204">
        <description>Current Bitrate</description>
        <posx>0</posx>
        <posy>250</posy>
        <width>200</width>
        <visible>true</visible>
        <align>left</align>
        <aligny>center</aligny>
        <scroll>true</scroll>
        <label>$INFO[Window.Property(XSQUEEZE_TRACK_0_BITRATE)]</label>
        <font>font11_title</font>
        <textcolor>FF9999FF</textcolor>
      </control>
      <control type="label" id="205">
        <description>Current Bitrate</description>
        <posx>0</posx>
        <posy>290</posy>
        <width>200</width>
        <visible>true</visible>
        <align>left</align>
        <aligny>center</aligny>
        <scroll>true</scroll>
        <label>$INFO[Window.Property(XSQUEEZE_TRACK_0_TYPE)]</label>
        <font>font11_title</font>
        <textcolor>FF9999FF</textcolor>
      </control>
    </control>
    <!-- END GROUP CURRENT ALBUM LABELS -->

    <!-- THUMBNAILS FOR UPCOMING TRACKS -->
    <control type="group">
      <description>Upcoming Tracks Thumbs</description>
      <posx>363</posx>
      <posy>265</posy>
      <control type="image" id="101">
        <description>Cover art for track + 1</description>
        <posx>0</posx>
        <posy>0</posy>
        <width>75</width>
        <height>75</height>
        <texture>$INFO[Window.Property(XSQUEEZE_UPCOMING1COVERART)]</texture>
      </control>
      <control type="image" id="102">
        <description>Cover art for track + 2</description>
        <posx>85</posx>
        <posy>0</posy>
        <width>75</width>
        <height>75</height>
        <texture>$INFO[Window.Property(XSQUEEZE_UPCOMING2COVERART)]</texture>
      </control>
      <control type="image" id="103">
        <description>Cover art for track + 3</description>
        <posx>170</posx>
        <posy>0</posy>
        <width>75</width>
        <height>75</height>
        <texture>$INFO[Window.Property(XSQUEEZE_UPCOMING3COVERART)]</texture>
      </control>
    </control>
    <!-- END GROUP UPCOMING THUMBS -->

    <!-- TRACK SLIDER BAR (not working!) -->
      <!--
      <control type="slider" id="998">
        <description>Track Playing Progress</description>
        <posx>60</posx>
        <posy>350</posy>
        <width>560</width>
        <height>16</height>
  			<texturesliderbar>seekslider2.png</texturesliderbar>
  			<textureslidernib>osd_slider_nibNF.png</textureslidernib>
  			<textureslidernibfocus>osd_slider_nib.png</textureslidernibfocus>
        <visible>SubString(Window.Property(XSQUEEZE_PLAYING_RADIO),false)</visible>
      </control>
    -->

    <!-- TRACK PROGRESS BAR -->
    <control type="progress" id="998">
      <description>Track Playing Progress</description>
      <posx>60</posx>
      <posy>350</posy>
      <width>560</width>
      <height>10</height>
      <reveal>false</reveal>
      <info/>
    </control>

    <!-- VOLUME BAR -->
    <control type="progress" id="997">
      <description>Volume Bar</description>
      <posx>60</posx>
      <posy>380</posy>
      <width>220</width>
      <height>10</height>
      <reveal>false</reveal>
      <info/>
    </control>
    <control type="label" id="205">
      <description>Volume Label</description>
      <posx>287</posx>
      <posy>50</posy>
      <width>85</width>
      <align>left</align>
      <aligny>center</aligny>
      <scroll>true</scroll>
      <label>(Vol: $INFO[Window.Property(XSQUEEZE_VOLUME)])</label>
      <font>font16_title</font>
      <textcolor>FF777777</textcolor>
    </control>


    <!-- THE PLAYSTATE ICON -->
    <control type="image" id="104" >
      <posx>375</posx>
      <posy>370</posy>
      <width>32</width>
      <height>32</height>
      <texture>$INFO[Window.Property(XSQUEEZE_PLAYSTATE)]</texture>
    </control>

    <!-- TRACK TIME PLAYED / TIME REMAINING / DURATION -->
    <control type="label" id="204">
      <description>Track Times Label</description>
      <posx>610</posx>
      <posy>50</posy>
      <width>500</width>
      <align>right</align>
      <aligny>center</aligny>
      <scroll>true</scroll>
      <label>$INFO[Window.Property(XSQUEEZE_TRACK_0_ELAPSED)] / $INFO[Window.Property(XSQUEEZE_TRACK_0_REMAINING)] / $INFO[Window.Property(XSQUEEZE_TRACK_0_DURATION)]</label>
      <font>font16_title</font>
      <textcolor>FF777777</textcolor>
    </control>

    <!-- CURRENT TRACK LABEL  -->
      <!--
      <control type="label" id="240">
        <description>Current Track Name Label</description>
        <posx>60</posx>
        <posy>420</posy>
        <width>560</width>
        <visible>SubString(Window.Property(XSQUEEZE_TRACK_0_INPLAYLIST),true)</visible>
        <align>left</align>
        <aligny>center</aligny>
        <scroll>true</scroll>
        <label>$INFO[Window.Property(XSQUEEZE_TRACK_0_TITLE)]</label>
        <font>font24_title</font>
        <textcolor>orange</textcolor>
      </control>
    -->

    <!-- UPCOMING PLAYLIST LABELS -->
    <control type="group">
      <description>Upcoming Tracks Labels</description>
      <posx>60</posx>
      <posy>120</posy>
      <control type="label" id="2001">
        <description>Coming Up Track1 Label</description>
        <posx>0</posx>
        <posy>0</posy>
        <width>560</width>
        <visible>SubString(Window.Property(XSQUEEZE_TRACK_1_INPLAYLIST),true)</visible>
        <align>left</align>
        <aligny>center</aligny>
        <scroll>false</scroll>
        <label>$INFO[Window.Property(XSQUEEZE_TRACK_1_TITLE)] / $INFO[Window.Property(XSQUEEZE_TRACK_1_ALBUM)] / $INFO[Window.Property(XSQUEEZE_TRACK_1_ARTIST)]</label>
        <font>font12</font>
        <textcolor>FFBBBBBB</textcolor>
      </control>
      <control type="label" id="2002">
        <description>Coming Up Track2 Label</description>
        <posx>0</posx>
        <posy>40</posy>
        <width>560</width>
        <visible>SubString(Window.Property(XSQUEEZE_TRACK_2_INPLAYLIST),true)</visible>
        <align>left</align>
        <aligny>center</aligny>
        <scroll>false</scroll>
        <label>$INFO[Window.Property(XSQUEEZE_TRACK_2_TITLE)] / $INFO[Window.Property(XSQUEEZE_TRACK_2_ALBUM)] / $INFO[Window.Property(XSQUEEZE_TRACK_2_ARTIST)]</label>
        <font>font12</font>
        <textcolor>FFBBBBBB</textcolor>
      </control>
      <control type="label" id="2003">
        <description>Coming Up Track3 Label</description>
        <posx>0</posx>
        <posy>80</posy>
        <width>560</width>
        <visible>SubString(Window.Property(XSQUEEZE_TRACK_3_INPLAYLIST),true)</visible>
        <align>left</align>
        <aligny>center</aligny>
        <scroll>false</scroll>
        <label>$INFO[Window.Property(XSQUEEZE_TRACK_3_TITLE)] / $INFO[Window.Property(XSQUEEZE_TRACK_3_ALBUM)] / $INFO[Window.Property(XSQUEEZE_TRACK_3_ARTIST)]</label>
        <font>font12</font>
        <textcolor>FFBBBBBB</textcolor>
      </control>
      <control type="label" id="2004">
        <description>Coming Up Track4 Label</description>
        <posx>0</posx>
        <posy>120</posy>
        <width>560</width>
        <visible>SubString(Window.Property(XSQUEEZE_TRACK_4_INPLAYLIST),true)</visible>
        <align>left</align>
        <aligny>center</aligny>
        <scroll>false</scroll>
        <label>$INFO[Window.Property(XSQUEEZE_TRACK_4_TITLE)] / $INFO[Window.Property(XSQUEEZE_TRACK_4_ALBUM)] / $INFO[Window.Property(XSQUEEZE_TRACK_4_ARTIST)]</label>
        <font>font12</font>
        <textcolor>FFBBBBBB</textcolor>
      </control>
      <control type="label" id="2005">
        <description>Coming Up Track5 Label</description>
        <posx>0</posx>
        <posy>160</posy>
        <width>560</width>
        <visible>SubString(Window.Property(XSQUEEZE_TRACK_5_INPLAYLIST),true)</visible>
        <align>left</align>
        <aligny>center</aligny>
        <scroll>false</scroll>
        <label>$INFO[Window.Property(XSQUEEZE_TRACK_5_TITLE)] / $INFO[Window.Property(XSQUEEZE_TRACK_5_ALBUM)] / $INFO[Window.Property(XSQUEEZE_TRACK_5_ARTIST)]</label>
        <font>font12</font>
        <textcolor>FFBBBBBB</textcolor>
      </control>
      <control type="label" id="2006">
        <description>Coming Up Track6 Label</description>
        <posx>0</posx>
        <posy>200</posy>
        <width>560</width>
        <visible>SubString(Window.Property(XSQUEEZE_TRACK_6_INPLAYLIST),true)</visible>
        <align>left</align>
        <aligny>center</aligny>
        <scroll>false</scroll>
        <label>$INFO[Window.Property(XSQUEEZE_TRACK_6_TITLE)] / $INFO[Window.Property(XSQUEEZE_TRACK_6_ALBUM)] / $INFO[Window.Property(XSQUEEZE_TRACK_6_ARTIST)]</label>
        <font>font12</font>
        <textcolor>FFBBBBBB</textcolor>
      </control>
      <control type="label" id="2007">
        <description>Coming Up Track7 Label</description>
        <posx>0</posx>
        <posy>240</posy>
        <width>560</width>
        <visible>SubString(Window.Property(XSQUEEZE_TRACK_7_INPLAYLIST),true)</visible>
        <align>left</align>
        <aligny>center</aligny>
        <scroll>false</scroll>
        <label>$INFO[Window.Property(XSQUEEZE_TRACK_7_TITLE)] / $INFO[Window.Property(XSQUEEZE_TRACK_7_ALBUM)] / $INFO[Window.Property(XSQUEEZE_TRACK_7_ARTIST)]</label>
        <font>font12</font>
        <textcolor>FFBBBBBB</textcolor>
      </control>
      <control type="label" id="2008">
        <description>Coming Up Track8 Label</description>
        <posx>0</posx>
        <posy>280</posy>
        <width>560</width>
        <visible>SubString(Window.Property(XSQUEEZE_TRACK_8_INPLAYLIST),true)</visible>
        <align>left</align>
        <aligny>center</aligny>
        <scroll>false</scroll>
        <label>$INFO[Window.Property(XSQUEEZE_TRACK_8_TITLE)] / $INFO[Window.Property(XSQUEEZE_TRACK_8_ALBUM)] / $INFO[Window.Property(XSQUEEZE_TRACK_8_ARTIST)]</label>
        <font>font12</font>
        <textcolor>FFBBBBBB</textcolor>
      </control>
      <control type="label" id="2009">
        <description>Coming Up Track9 Label</description>
        <posx>0</posx>
        <posy>320</posy>
        <width>560</width>
        <visible>SubString(Window.Property(XSQUEEZE_TRACK_9_INPLAYLIST),true)</visible>
        <align>left</align>
        <aligny>center</aligny>
        <scroll>false</scroll>
        <label>$INFO[Window.Property(XSQUEEZE_TRACK_9_TITLE)] / $INFO[Window.Property(XSQUEEZE_TRACK_9_ALBUM)] / $INFO[Window.Property(XSQUEEZE_TRACK_9_ARTIST)]</label>
        <font>font12</font>
        <textcolor>FFBBBBBB</textcolor>
      </control>
    </control>
    <!-- END GROUP UPCOMING TRACKS -->

    <!-- **************** RIGHT PANEL CONTROLS *************************** -->

    <!-- THE ARTIST SLIDESHOW -->
    <control type="multiimage" id ="105">
     <posx>740</posx>
     <posy>60</posy>
     <width>400</width>
     <height>400</height>
     <visible>SubString(Window.Property(XSQUEEZE_PLAYING_RADIO),false)</visible>
     <imagepath fallback="DefaultFanart.jpg" background="true">$INFO[Window.Property(ArtistSlideshow)]</imagepath>
     <aspectratio>keep</aspectratio>
     <timeperimage>5000</timeperimage>
     <fadetime>2000</fadetime>
     <randomize>true</randomize>
     <animation effect="fade" start="0" end="100" time="300">Visible</animation>
     <animation effect="fade" start="100" end="0" time="300">Hidden</animation>
   </control>

   <control type="textbox">
    <description>Bio from artist slideshow</description>
    <posx>660</posx>
    <posy>470</posy>
    <width>555</width>
    <height>155</height>
    <visible>true</visible>
    <label>$INFO[Window.Property(ArtistSlideshow.ArtistBiography)]</label>
    <textcolor>FFB2D4F5</textcolor>
    <font>font12</font>
    <align>justify</align>
    <autoscroll time="3000" delay="6000" repeat="5000"></autoscroll>
  </control>


      <!-- **************** BOTTOM PANEL CONTROLS ************************** -->

      <!-- THE SQUEEZEBOX LIKE DISPLAY/CONTROLLER-->
      <control type="group">
        <description>SqueezeBox Display/Controller</description>
        <posx>55</posx>
        <posy>655</posy>

        <control type="image" id="104" >
          <posx>0</posx>
          <posy>5</posy>
          <width>32</width>
          <height>32</height>
          <colordiffuse>FFBBBBBB</colordiffuse>
          <texture>$INFO[Window.Property(XSQUEEZE_PLAYSTATE)]</texture>
        </control>

        <control type="label" id="1000">
          <description>SqueezeBox Display Line 1</description>
          <posx>40</posx>
          <posy>-50</posy>
          <width>1080</width>
          <visible>true</visible>
          <align>left</align>
          <aligny>center</aligny>
          <scroll>true</scroll>
          <label>$INFO[Window.Property(XSQUEEZE_DISPLAYLINE1)]</label>
          <font>font14</font>
          <textcolor>FF00FF00</textcolor>
          <wrapmultiline>false</wrapmultiline>
          <scrollspeed>50</scrollspeed>
          <scrollsuffix> - </scrollsuffix>
        </control>
        <control type="label" id="1001">
          <description>SqueezeBox Display Line 2</description>
          <posx>40</posx>
          <posy>0</posy>
          <width>1080</width>
          <visible>true</visible>
          <align>left</align>
          <aligny>center</aligny>
          <scroll>true</scroll>
          <label>$INFO[Window.Property(XSQUEEZE_DISPLAYLINE2)]</label>
          <font>font14</font>
          <textcolor>FF00FF00</textcolor>
          <wrapmultiline>false</wrapmultiline>
          <scrollspeed>50</scrollspeed>
          <scrollsuffix> - </scrollsuffix>
        </control>

      </control>
      <!-- END GROUP SQUEEZEBOX CONTROLLER/DISPLAY -->



</control>
<!-- END GROUP MAIN PANEL AND FLOOR -->


<!-- FROM HERE DOWN - THE CLOCK & WEATHER -->
<control type="group">
  <posx>520r</posx>
  <posy>0</posy>
  <animation effect="slide" start="0,0" end="-60,0" delay="0" time="300" condition="Window.IsVisible(MuteBug)">conditional</animation>
  <animation effect="slide" start="0,0" end="550,0" delay="0" time="300">WindowClose</animation>
  <animation effect="slide" start="550,0" end="0,0" delay="0" time="300">WindowOpen</animation>
  <visible>!Skin.HasSetting(homepageWeatherinfo) + Weather.IsFetched</visible>
  <control type="image">
    <description>time background</description>
    <posx>0</posx>
    <posy>0</posy>
    <width>180</width>
    <height>35</height>
    <texture flipx="true" border="32,0,0,0">header.png</texture>
  </control>
  <control type="image">
    <description>Weather image</description>
    <posx>30</posx>
    <posy>1</posy>
    <width>25</width>
    <height>25</height>
    <aspectratio>keep</aspectratio>
    <texture>$INFO[Window(Weather).Property(Current.ConditionIcon)]</texture>
  </control>
  <control type="label">
    <description>time label</description>
    <posx>60</posx>
    <posy>0</posy>
    <width>100</width>
    <height>28</height>
    <align>left</align>
    <aligny>center</aligny>
    <font>font12</font>
    <textcolor>white</textcolor>
    <shadowcolor>black</shadowcolor>
    <label>[B]$INFO[Weather.Temperature][/B]</label>
  </control>
</control>
<control type="group">
  <posx>390r</posx>
  <posy>0</posy>
  <animation effect="slide" start="0,0" end="-60,0" delay="0" time="300" condition="Window.IsVisible(MuteBug)">conditional</animation>
  <animation effect="slide" start="0,0" end="420,0" delay="0" time="300">WindowClose</animation>
  <animation effect="slide" start="420,0" end="0,0" delay="0" time="300">WindowOpen</animation>
  <control type="image">
    <description>time background</description>
    <posx>0</posx>
    <posy>0</posy>
    <width>440</width>
    <height>35</height>
    <texture flipx="true" border="32,0,0,0">header.png</texture>
  </control>
  <control type="label">
    <description>time label</description>
    <posx>30</posx>
    <posy>0</posy>
    <width>400</width>
    <height>28</height>
    <align>left</align>
    <aligny>center</aligny>
    <font>font12</font>
    <textcolor>white</textcolor>
    <shadowcolor>black</shadowcolor>
    <label>[COLOR=grey]$INFO[System.Date][/COLOR] | $INFO[System.Time]</label>
  </control>
</control>
<!-- END - THE CLOCK & WEATHER -->



</controls>
</window>
