<?xml version="1.0" encoding="UTF-8"?>
<window>
	<defaultcontrol always="true">100</defaultcontrol>
	<onload condition="!VideoPlayer.Content(LiveTV)">SetFocus(105)</onload>
	<include>dialogeffect</include>
	<depth>DepthOSD</depth>
	<coordinates>
		<left>0</left>
		<top>0</top>
	</coordinates>
	<controls>
		<control type="button">
			<description>Close Window button</description>
			<left>126r</left>
			<top>0</top>
			<width>96</width>
			<height>48</height>
			<label />
			<font />
			<onclick>Dialog.Close(VideoOSD,true)</onclick>
			<onclick>FullScreen</onclick>
			<texturefocus>DialogCloseButton-focus.png</texturefocus>
			<texturenofocus>DialogCloseButton.png</texturenofocus>
			<animation effect="slide" start="0,0" end="-45,0" time="0" condition="Player.Muted">conditional</animation>
			<animation effect="fade" time="150">VisibleChange</animation>
			<visible>system.getbool(input.enablemouse) + ![Window.IsVisible(SliderDialog) | Window.IsVisible(OSDSubtitleSettings) | Window.IsVisible(OSDVideoSettings) | Window.IsVisible(OSDAudioSettings) | Window.IsVisible(VideoBookmarks)]</visible>
		</control>
		<control type="slider" id="87">
			<depth>DepthOSD+</depth>
			<description>Seek Slider</description>
			<left>645</left>
			<top>123r</top>
			<width>1080</width>
			<height>24</height>
			<onup>702</onup>
			<ondown>26</ondown>
			<action>seek</action>
			<texturesliderbar>seekslider2.png</texturesliderbar>
			<textureslidernib>osd_slider_nibNF.png</textureslidernib>
			<textureslidernibfocus>osd_slider_nib.png</textureslidernibfocus>
			<animation effect="fade" time="150">VisibleChange</animation>
			<visible>![Window.IsVisible(SliderDialog) | Window.IsVisible(OSDSubtitleSettings) | Window.IsVisible(OSDVideoSettings) | Window.IsVisible(OSDAudioSettings) | Window.IsVisible(VideoBookmarks) | VideoPlayer.Content(LiveTV)]</visible>
		</control>
		<control type="grouplist" id="100">
			<left>488</left>
			<top>90r</top>
			<onleft>207</onleft>
			<onright>201</onright>
			<orientation>horizontal</orientation>
			<itemgap>0</itemgap>
			<animation effect="fade" time="150">VisibleChange</animation>
			<visible>![Window.IsVisible(SliderDialog) | Window.IsVisible(OSDSubtitleSettings) | Window.IsVisible(OSDVideoSettings) | Window.IsVisible(OSDAudioSettings) | Window.IsVisible(VideoBookmarks) | Window.IsVisible(PVROSDChannels) | Window.IsVisible(PVRChannelGuide)]</visible>
			<control type="button" id="101">
				<width>83</width>
				<height>83</height>
				<label>210</label>
				<font />
				<texturefocus>OSDChannelUPFO.png</texturefocus>
				<texturenofocus>OSDChannelUPNF.png</texturenofocus>
				<onclick>PlayerControl(Previous)</onclick>
				<visible>VideoPlayer.Content(LiveTV)</visible>
			</control>
			<control type="button" id="102">
				<width>83</width>
				<height>83</height>
				<label>209</label>
				<font />
				<texturefocus>OSDChannelDownFO.png</texturefocus>
				<texturenofocus>OSDChannelDownNF.png</texturenofocus>
				<onclick>PlayerControl(Next)</onclick>
				<visible>VideoPlayer.Content(LiveTV)</visible>
			</control>
			<control type="button" id="103">
				<width>83</width>
				<height>83</height>
				<label>210</label>
				<font />
				<texturefocus>OSDPrevTrackFO.png</texturefocus>
				<texturenofocus>OSDPrevTrackNF.png</texturenofocus>
				<onclick>PlayerControl(Previous)</onclick>
				<visible>!VideoPlayer.Content(LiveTV)</visible>
			</control>
			<control type="button" id="104">
				<width>83</width>
				<height>83</height>
				<label>31354</label>
				<font />
				<texturefocus>OSDRewindFO.png</texturefocus>
				<texturenofocus>OSDRewindNF.png</texturenofocus>
				<enable>Player.SeekEnabled</enable>
				<animation effect="fade" start="100" end="50" time="75" condition="!Player.SeekEnabled">Conditional</animation>
				<onclick>PlayerControl(Rewind)</onclick>
			</control>
			<control type="togglebutton" id="105">
				<width>83</width>
				<height>83</height>
				<label>31351</label>
				<altlabel>208</altlabel>
				<font />
				<texturefocus>OSDPauseFO.png</texturefocus>
				<texturenofocus>OSDPauseNF.png</texturenofocus>
				<usealttexture>Player.Paused | Player.Forwarding | Player.Rewinding</usealttexture>
				<alttexturefocus>OSDPlayFO.png</alttexturefocus>
				<alttexturenofocus>OSDPlayNF.png</alttexturenofocus>
				<onclick>PlayerControl(Play)</onclick>
				<enable>Player.PauseEnabled</enable>
				<animation effect="fade" start="100" end="50" time="75" condition="!Player.PauseEnabled">Conditional</animation>
			</control>
			<control type="button" id="106">
				<width>83</width>
				<height>83</height>
				<label>31352</label>
				<font />
				<texturefocus>OSDStopFO.png</texturefocus>
				<texturenofocus>OSDStopNF.png</texturenofocus>
				<onclick>PlayerControl(Stop)</onclick>
			</control>
			<control type="button" id="107">
				<width>83</width>
				<height>83</height>
				<label>31353</label>
				<font />
				<texturefocus>OSDForwardFO.png</texturefocus>
				<texturenofocus>OSDForwardNF.png</texturenofocus>
				<enable>Player.SeekEnabled</enable>
				<animation effect="fade" start="100" end="50" time="75" condition="!Player.SeekEnabled">Conditional</animation>
				<onclick>PlayerControl(Forward)</onclick>
			</control>
			<control type="button" id="108">
				<width>83</width>
				<height>83</height>
				<label>209</label>
				<font />
				<texturefocus>OSDNextTrackFO.png</texturefocus>
				<texturenofocus>OSDNextTrackNF.png</texturenofocus>
				<onclick>PlayerControl(Next)</onclick>
				<visible>!VideoPlayer.Content(LiveTV)</visible>
			</control>
			<control type="togglebutton" id="109">
				<width>83</width>
				<height>83</height>
				<label>264</label>
				<altlabel>265</altlabel>
				<font />
				<texturefocus>OSDRecordOffFO.png</texturefocus>
				<texturenofocus>OSDRecordOffNF.png</texturenofocus>
				<usealttexture>PVR.IsRecordingPlayingChannel | PVR.IsPlayingActiveRecording</usealttexture>
				<alttexturefocus>OSDRecordOnFO.png</alttexturefocus>
				<alttexturenofocus>OSDRecordOnNF.png</alttexturenofocus>
				<onclick>PVR.ToggleRecordPlayingChannel</onclick>
				<enable>PVR.CanRecordPlayingChannel</enable>
				<animation effect="fade" start="100" end="50" time="75" condition="!PVR.CanRecordPlayingChannel">Conditional</animation>
				<visible>VideoPlayer.Content(LiveTV)</visible>
			</control>
			<control type="button" id="110">
				<width>83</width>
				<height>83</height>
				<label>19019</label>
				<font />
				<texturefocus>OSDChannelListFO.png</texturefocus>
				<texturenofocus>OSDChannelListNF.png</texturenofocus>
				<onclick>ActivateWindow(PVROSDChannels)</onclick>
				<onclick>Dialog.Close(VideoOSD)</onclick>
				<visible>VideoPlayer.Content(LiveTV)</visible>
			</control>
			<control type="button" id="111">
				<width>83</width>
				<height>83</height>
				<label>$LOCALIZE[19029]$INFO[VideoPlayer.ChannelName, - ]</label>
				<font />
				<texturefocus>OSDepgFO.png</texturefocus>
				<texturenofocus>OSDepgNF.png</texturenofocus>
				<onclick>ActivateWindow(PVRChannelGuide)</onclick>
				<onclick>Dialog.Close(VideoOSD)</onclick>
				<visible>VideoPlayer.Content(LiveTV)</visible>
			</control>
<!-- Bossanova808 Mod - Disable TELETXT button -->
<!--			<control type="button" id="112">-->
<!--				<width>83</width>-->
<!--				<height>83</height>-->
<!--				<label>31356</label>-->
<!--				<font/>-->
<!--				<texturefocus>OSDTeleTextFO.png</texturefocus>-->
<!--				<texturenofocus>OSDTeleTextNF.png</texturenofocus>-->
<!--				<onclick>ActivateWindow(Teletext)</onclick>-->
<!--				<visible>VideoPlayer.Content(LiveTV)</visible>-->
<!--			</control>-->
		</control>
		<control type="grouplist" id="200">
			<right>20</right>
			<top>90r</top>
<!-- 112 -> 111 per above -->
			<onleft>111</onleft>
			<onright>101</onright>
			<orientation>horizontal</orientation>
			<align>right</align>
			<itemgap>0</itemgap>
			<animation effect="fade" time="150">VisibleChange</animation>
			<visible>![Window.IsVisible(SliderDialog) | Window.IsVisible(OSDSubtitleSettings) | Window.IsVisible(OSDVideoSettings) | Window.IsVisible(OSDAudioSettings) | Window.IsVisible(VideoBookmarks) | Window.IsVisible(PVROSDChannels) | Window.IsVisible(PVRChannelGuide)]</visible>
			<control type="button" id="201">
				<enable>VideoPlayer.IsStereoscopic</enable>
				<animation effect="fade" start="100" end="0" time="75" condition="!VideoPlayer.IsStereoscopic">Conditional</animation>
				<width>83</width>
				<height>83</height>
				<label>36501</label>
				<font />
				<texturefocus>OSDStereoscopicFO.png</texturefocus>
				<texturenofocus>OSDStereoscopicNF.png</texturenofocus>
				<onclick>SetProperty(optionsdialog_content,3d,home)</onclick>
				<onclick>SetProperty(optionsdialog_header,$LOCALIZE[36501],home)</onclick>
				<onclick>ActivateWindow(1114)</onclick>
			</control>
			<control type="button" id="202">
				<width>83</width>
				<height>83</height>
				<label>31356</label>
				<font />
				<texturefocus>OSDSubtitlesFO.png</texturefocus>
				<texturenofocus>OSDSubtitlesNF.png</texturenofocus>
				<onclick>ActivateWindow(OSDSubtitleSettings)</onclick>
			</control>
			<control type="button" id="203">
				<width>83</width>
				<height>83</height>
				<label>13395</label>
				<font />
				<texturefocus>OSDVideoFO.png</texturefocus>
				<texturenofocus>OSDVideoNF.png</texturenofocus>
				<onclick>ActivateWindow(OSDVideoSettings)</onclick>
			</control>
			<control type="button" id="204">
				<width>83</width>
				<height>83</height>
				<label>13396</label>
				<font />
				<texturefocus>OSDAudioFO.png</texturefocus>
				<texturenofocus>OSDAudioNF.png</texturenofocus>
				<onclick>ActivateWindow(OSDAudioSettings)</onclick>
			</control>
			<control type="button" id="205">
				<width>83</width>
				<height>83</height>
				<label>298</label>
				<font />
				<texturefocus>OSDBookmarksFO.png</texturefocus>
				<texturenofocus>OSDBookmarksNF.png</texturenofocus>
				<onclick>ActivateWindow(VideoBookmarks)</onclick>
				<visible>!VideoPlayer.Content(LiveTV)</visible>
			</control>
			<control type="button" id="206">
				<width>83</width>
				<height>83</height>
				<label>31355</label>
				<font />
				<texturefocus>OSDDvdFO.png</texturefocus>
				<texturenofocus>OSDDvdNF.png</texturenofocus>
				<onclick>PlayerControl(ShowVideoMenu)</onclick>
				<visible>!VideoPlayer.Content(LiveTV) + VideoPlayer.HasMenu</visible>
			</control>
			<control type="button" id="207">
				<width>83</width>
				<height>83</height>
				<label>31355</label>
				<font/>
				<texturefocus>OSDPresetSettingsFO.png</texturefocus>
				<texturenofocus>OSDPresetSettingsNF.png</texturenofocus>
				<onclick>SetProperty(optionsdialog_content,options,home)</onclick>
				<onclick>SetProperty(optionsdialog_header,$LOCALIZE[33063],home)</onclick>
				<onclick>ActivateWindow(1114)</onclick>
			</control>
		</control>
	</controls>
</window>
