<?xml version="1.0" encoding="UTF-8"?>
<addon
  id="skin.confluence.bossanova808.leia"
  version="0.0.3"
  name="Confluence Bossanova808 Leia"
  provider-name="Team Kodi, bossanova808">
  <requires>
    <import addon="xbmc.gui" version="5.14.0"/>
  </requires>
  <extension
    point="xbmc.gui.skin"
    defaultthemename="textures.xbt"
    debugging="false"
    effectslowdown="1.0">
    <res width="1280" height="720" aspect="16:9" default="true" folder="720p" />
  </extension>
  <extension point="xbmc.addon.metadata">
    <summary lang="en">Confluence skin modded by Bossanova808.</summary>
    <description lang="en">Bossanova808 personal mod of Confluence - just basic Confluence with a few extra nice bits and some hard coded paths - only for use by bossanova808 and friends!</description>
    <platform>all</platform>
  </extension>
</addon>
