<?xml version="1.0" encoding="UTF-8"?>
<addon id="skin.confluence.bossanova.radio.matrix" version="4.7.615" name="Confluence Bossanova808 Matrix with Radio" provider-name="Jezz_X, Team Kodi, Bossanova808, Brompton5007">
	<requires>
		<import addon="xbmc.gui" version="5.15.0"/>
	</requires>
	<extension point="xbmc.gui.skin" debugging="false" effectslowdown="1.0">
		<res width="1280" height="720" aspect="16:9" default="true" folder="720p" />
	</extension>
	<extension point="xbmc.addon.metadata">
		<summary lang="en_GB">Confluence skin by Jezz_X.</summary>
		<description lang="en_GB">Confluence is a combination of concepts from many popular skins, and attempts to embrace and integrate their good ideas into a skin that should be easy for first time Kodi users to understand and use.</description>
		<platform>all</platform>
		<license>GNU General Public License version 2</license>
		<forum>https://forum.kodi.tv/forumdisplay.php?fid=125</forum>
		<source>https://github.com/xbmc/skin.confluence</source>
		<assets>
			<icon>resources/icon.png</icon>
			<fanart>resources/fanart.jpg</fanart>
			<screenshot>resources/screenshot-01.png</screenshot>
			<screenshot>resources/screenshot-02.png</screenshot>
			<screenshot>resources/screenshot-03.png</screenshot>
			<screenshot>resources/screenshot-04.png</screenshot>
			<screenshot>resources/screenshot-05.png</screenshot>
			<screenshot>resources/screenshot-06.png</screenshot>
			<screenshot>resources/screenshot-07.png</screenshot>
			<screenshot>resources/screenshot-08.png</screenshot>
			<screenshot>resources/screenshot-09.png</screenshot>
		</assets>
		<news>
[B]Version 4.7.614 - Bossanova808[/B]
- OzWeather V2.0.1 Support
- add tempo change PR

[B]Version 4.7.615 - Brompton5007[/B]
- 2021-07-18 Fork of Bossanova808 Confluence Skin with AU weather, mark new changes with DMR
- Reinstate Radio Menu item: minor cosmetic changes to Home Page to increase size of Clock and weather information
- RSS height increased, favourites and power buttons moved to allow full screen for RSS, faster scrollspeed
- Smaller icon size HomeMenuItems-Favourites to accomodate larger RSS
- Prevent dialogs overlapping and align Dialogs to open next to the button that calls them to facilitate easier mouse control 
- Changes to: Home.xml, Includes.xml, IncludesHomeMenuItems.xml, DialogBusy.xml, DialogNotification.xml, DialogExtendedProgressBar.xml
- DialogFavourites.xml, DialogButtonMenu.xml, add Radio image when radio is true in MyPVRChannels.xml
- tv.jpg replace with 16.9 Test Pattern loosly based on PAL, RCA and AU ABC open sourced examples
- radio.jpg Radio with AU tuning dial from wikipedia
- changes README.md, addon.xml, changelog.txt, SKINDEFAULT.jpg Brompton gasworks charcol drawing RF, new screenshots added to resources folder
 	</news>
	</extension>
</addon>
