<!-- WARNING - DO NOT CHANGE LABEL ID OF PROGRESS BAR OR YOU WILL BREAK IT!!-->
<!-- WARNING - DO NOT REMOVE PROGRESS BAR OR YOU WILL BREAK IT!!            -->
<!--  - Player: $INFO[Window.Property(PLAYER)] Server: $INFO[Window.Property(SERVER)] -->

<window>

  <allowoverlay>no</allowoverlay>
  <controls>

    <!-- BACKGROUND -->
    <control type="image">
      <posx>0</posx>
      <posy>0</posy>
      <width>1280</width>
      <height>720</height>
      <texture>music.jpg</texture>
    </control>

    <!-- ANIMATIONS -->
    <control type="image">
      <posx>0</posx>
      <posy>100r</posy>
      <width>1280</width>
      <height>100</height>
      <texture>floor.png</texture>
      <include>VisibleFadeEffect</include>
      <animation effect="slide" start="0,10" end="0,0" time="200" condition="Window.Previous(Home)">WindowOpen</animation>
      <animation effect="slide" start="0,0" end="0,10" time="200" condition="Window.Next(Home)">WindowClose</animation>
    </control>

    <!-- MAIN PANEL AND FLOOR AREA -->
    <control type="group">
      <animation type="WindowOpen" reversible="false">
        <effect type="zoom" start="80" end="100" center="640,360" easing="out" tween="back" time="300"/>
        <effect type="fade" start="0" end="100" time="300"/>
      </animation>
      <animation type="WindowClose" reversible="false">
        <effect type="zoom" start="100" end="80" center="640,360" easing="in" tween="back" time="300"/>
        <effect type="fade" start="100" end="0" time="300"/>
      </animation>
      <include>VisibleFadeEffect</include>
      <control type="group">
        <animation effect="slide" start="0,0" end="-40,0" time="200" condition="StringCompare(Weather.Plugin,weather.weatherplus)">Conditional</animation>
        <posx>40</posx>
        <posy>40</posy>
        <control type="image">
          <posx>0</posx>
          <posy>0</posy>
          <width>1200</width>
          <height>600</height>
          <texture border="20">ContentPanel.png</texture>
        </control>
        <control type="image">
          <posx>0</posx>
          <posy>592</posy>
          <width>1200</width>
          <height>64</height>
          <texture border="10">ContentPanelMirror.png</texture>
        </control>
        <control type="image">
          <posx>20</posx>
          <posy>5</posy>
          <width>1200</width>
          <height>90</height>
          <aspectratio>stretch</aspectratio>
          <texture>GlassTitleBar.png</texture>
        </control>
        <control type="label">
          <description>header label</description>
          <posx>-40</posx>
          <posy>10</posy>
          <width>1280</width>
          <height>30</height>
          <font>font16caps</font>
          <label>XSqueeze</label>
          <align>center</align>
          <aligny>center</aligny>
          <textcolor>FF888888</textcolor>
          <shadowcolor>black</shadowcolor>
        </control>

        <control type="label">
          <description>server label</description>
          <posx>60r</posx>
          <posy>2</posy>
          <width>1280</width>
          <height>30</height>
          <font>font10</font>
          <label>Server: $INFO[Window.Property(SERVER)]</label>
          <align>right</align>
          <aligny>center</aligny>
          <textcolor>FF333333</textcolor>
          <shadowcolor>black</shadowcolor>
        </control>
        <control type="label">
          <description>player label</description>
          <posx>60r</posx>
          <posy>18</posy>
          <width>1280</width>
          <height>30</height>
          <font>font10</font>
          <label>Player: $INFO[Window.Property(PLAYERMAC)]</label>
          <align>right</align>
          <aligny>center</aligny>
          <textcolor>FF333333</textcolor>
          <shadowcolor>black</shadowcolor>
        </control>

      </control>



      <!-- NOW PLAYING TRACK LABELS & PROGRESS BAR -->
      <control type="group">
        <description>Current Track Details</description>
        <posx>330</posx>
        <posy>120</posy>
        <control type="label" id="199">
          <description>Now Playing Label</description>
          <posx>0</posx>
          <posy>0</posy>
          <width>1280</width>
          <visible>true</visible>
          <align>left</align>
          <aligny>center</aligny>
          <scroll>true</scroll>
          <label>Now Playing:</label>
          <font>font30_title</font>
          <textcolor>FF999999</textcolor>
        </control>
        <control type="label" id="200">
          <description>Current Track Name Label</description>
          <posx>20</posx>
          <posy>50</posy>
          <width>1280</width>
          <visible>true</visible>
          <align>left</align>
          <aligny>center</aligny>
          <scroll>true</scroll>
          <label>$INFO[Window.Property(CURRENTTITLE)]</label>
          <font>font24_title</font>
          <textcolor>orange</textcolor>
        </control>
        <control type="label" id="201">
          <description>Current Artist Label</description>
          <posx>20</posx>
          <posy>80</posy>
          <width>1280</width>
          <visible>true</visible>
          <align>left</align>
          <aligny>center</aligny>
          <scroll>true</scroll>
          <label>$INFO[Window.Property(CURRENTARTIST)]</label>
          <font>font16</font>
          <textcolor>FF9999FF</textcolor>
        </control>
        <control type="label" id="202">
          <description>Current Album Label</description>
          <posx>20</posx>
          <posy>110</posy>
          <width>1280</width>
          <visible>true</visible>
          <align>left</align>
          <aligny>center</aligny>
          <scroll>true</scroll>
          <label>$INFO[Window.Property(CURRENTALBUM)]</label>
          <font>font16</font>
          <textcolor>FF9999FF</textcolor>
        </control>
        <control type="progress" id="203">
          <description>Track Playing Progress</description>
          <posx>20</posx>
          <posy>130</posy>
          <width>255</width>
          <height>10</height>
          <visible>true</visible>
          <reveal>false</reveal>
          <info/>
        </control>
        <control type="label" id="204">
          <description>Track Elapsed Label</description>
          <posx>20</posx>
          <posy>150</posy>
          <width>200</width>
          <visible>true</visible>
          <align>left</align>
          <aligny>center</aligny>
          <scroll>true</scroll>
          <label>$INFO[Window.Property(TRACKELAPSED)]</label>
          <font>font11</font>
          <textcolor>FF777777</textcolor>
        </control>
        <control type="label" id="205">
          <description>Track Remaining Label</description>
          <posx>120</posx>
          <posy>150</posy>
          <width>200</width>
          <visible>true</visible>
          <align>left</align>
          <aligny>center</aligny>
          <scroll>true</scroll>
          <label>-$INFO[Window.Property(TRACKREMAINING)]</label>
          <font>font11</font>
          <textcolor>FF777777</textcolor>
        </control>
        <control type="label" id="206">
          <description>Track Length Label</description>
          <posx>230</posx>
          <posy>150</posy>
          <width>200</width>
          <visible>true</visible>
          <align>left</align>
          <aligny>center</aligny>
          <scroll>true</scroll>
          <label>$INFO[Window.Property(TRACKLENGTH)]</label>
          <font>font11</font>
          <textcolor>FF777777</textcolor>
        </control>
      </control>
      <!-- END GROUP CURRENT TRACK LABELS -->



      <!-- COVER ART FOR CURRENT TRACK -->
      <control type="image" id="100">
        <description>Cover art for currently playing track</description>
        <posx>60</posx>
        <posy>100</posy>
        <width>250</width>
        <height>250</height>
      </control>

      <!-- THUMBNAILS FOR UPCOMING TRACKS -->
      <control type="group">
        <description>Upcoming Tracks Thumbs</description>
        <posx>75</posx>
        <posy>370</posy>
        <control type="image" id="101">
          <description>Cover art for track + 1</description>
          <posx>0</posx>
          <posy>0</posy>
          <width>75</width>
          <height>75</height>
        </control>
        <control type="image" id="102">
          <description>Cover art for track + 2</description>
          <posx>0</posx>
          <posy>85</posy>
          <width>75</width>
          <height>75</height>
        </control>
        <control type="image" id="103">
          <description>Cover art for track + 3</description>
          <posx>0</posx>
          <posy>170</posy>
          <width>75</width>
          <height>75</height>
        </control>
      </control>
      <!-- END GROUP UPCOMING THUMBS -->

      <!-- COMING UP LABEL -->
      <control type="label" id="999">
        <description>Coming Up Label</description>
        <posx>330</posx>
        <posy>335</posy>
        <width>200</width>
        <visible>true</visible>
        <align>left</align>
        <aligny>center</aligny>
        <scroll>true</scroll>
        <label>Coming Up:</label>
        <font>font13_title</font>
        <textcolor>FF999999</textcolor>
      </control>

      <!-- UPCOMING TRACK LABELS -->
      <control type="group">
        <description>Upcoming Tracks Labels</description>
        <posx>160</posx>
        <posy>380</posy>
        <control type="label" id="2001">
          <description>Coming Up Track1 Label</description>
          <posx>0</posx>
          <posy>30</posy>
          <width>1000</width>
          <visible>true</visible>
          <align>left</align>
          <aligny>center</aligny>
          <scroll>true</scroll>
          <label>$INFO[Window.Property(UPCOMING1)]</label>
          <font>font12</font>
          <textcolor>FF9999FF</textcolor>
        </control>
        <control type="label" id="2002">
          <description>Coming Up Track2 Label</description>
          <posx>0</posx>
          <posy>110</posy>
          <width>1000</width>
          <visible>true</visible>
          <align>left</align>
          <aligny>center</aligny>
          <scroll>true</scroll>
          <label>$INFO[Window.Property(UPCOMING2)]</label>
          <font>font12</font>
          <textcolor>FF9999FF</textcolor>
        </control>
        <control type="label" id="2003">
          <description>Coming Up Track3 Label</description>
          <posx>0</posx>
          <posy>195</posy>
          <width>1000</width>
          <visible>true</visible>
          <align>left</align>
          <aligny>center</aligny>
          <scroll>true</scroll>
          <label>$INFO[Window.Property(UPCOMING3)]</label>
          <font>font12</font>
          <textcolor>FF9999FF</textcolor>
        </control>
      </control>
      <!-- END GROUP UPCOMING TRACKS -->

      <!-- THE SQUEEZEBOX LIKE DISPLAY/CONTROLLER-->
      <control type="group">
        <description>SqueezeBox Display/Controller</description>
        <posx>80</posx>
        <posy>655</posy>
        <control type="label" id="1000">
          <description>SqueezeBox Display Line 1</description>
          <posx>0</posx>
          <posy>5</posy>
          <width>1120</width>
          <visible>true</visible>
          <align>left</align>
          <aligny>center</aligny>
          <scroll>true</scroll>
          <label>$INFO[Window.Property(DISPLAYLINE1)]</label>
          <font>font14</font>
          <textcolor>FF00FF00</textcolor>
          <wrapmultiline>false</wrapmultiline>
          <scrollspeed>50</scrollspeed>
          <scrollsuffix> - </scrollsuffix>
        </control>
        <control type="label" id="1001">
          <description>SqueezeBox Display Line 2</description>
          <posx>0</posx>
          <posy>30</posy>
          <width>1120</width>
          <visible>true</visible>
          <align>left</align>
          <aligny>center</aligny>
          <scroll>true</scroll>
          <label>$INFO[Window.Property(DISPLAYLINE2)]</label>
          <font>font14</font>
          <textcolor>FF00FF00</textcolor>
          <wrapmultiline>false</wrapmultiline>
          <scrollspeed>50</scrollspeed>
          <scrollsuffix> - </scrollsuffix>
        </control>
      </control>
      <!-- END GROUP SQUEEZEBOX CONTROLLER/DISPLAY -->

    </control>
    <!-- END GROUP MAIN PANEL AND FLOOR -->


    <!-- FROM HERE DOWN - THE CLOCK & WEATHER -->
    <control type="group">
      <posx>520r</posx>
      <posy>0</posy>
      <animation effect="slide" start="0,0" end="-60,0" delay="0" time="300" condition="Window.IsVisible(MuteBug)">conditional</animation>
      <animation effect="slide" start="0,0" end="550,0" delay="0" time="300">WindowClose</animation>
      <animation effect="slide" start="550,0" end="0,0" delay="0" time="300">WindowOpen</animation>
      <visible>!Skin.HasSetting(homepageWeatherinfo) + Weather.IsFetched</visible>
      <control type="image">
        <description>time background</description>
        <posx>0</posx>
        <posy>0</posy>
        <width>180</width>
        <height>35</height>
        <texture flipx="true" border="32,0,0,0">header.png</texture>
      </control>
      <control type="image">
        <description>Weather image</description>
        <posx>30</posx>
        <posy>1</posy>
        <width>25</width>
        <height>25</height>
        <aspectratio>keep</aspectratio>
        <texture>$INFO[Window(Weather).Property(Current.ConditionIcon)]</texture>
      </control>
      <control type="label">
        <description>time label</description>
        <posx>60</posx>
        <posy>0</posy>
        <width>100</width>
        <height>28</height>
        <align>left</align>
        <aligny>center</aligny>
        <font>font12</font>
        <textcolor>white</textcolor>
        <shadowcolor>black</shadowcolor>
        <label>[B]$INFO[Weather.Temperature][/B]</label>
      </control>
    </control>
    <control type="group">
      <posx>390r</posx>
      <posy>0</posy>
      <animation effect="slide" start="0,0" end="-60,0" delay="0" time="300" condition="Window.IsVisible(MuteBug)">conditional</animation>
      <animation effect="slide" start="0,0" end="420,0" delay="0" time="300">WindowClose</animation>
      <animation effect="slide" start="420,0" end="0,0" delay="0" time="300">WindowOpen</animation>
      <control type="image">
        <description>time background</description>
        <posx>0</posx>
        <posy>0</posy>
        <width>440</width>
        <height>35</height>
        <texture flipx="true" border="32,0,0,0">header.png</texture>
      </control>
      <control type="label">
        <description>time label</description>
        <posx>30</posx>
        <posy>0</posy>
        <width>400</width>
        <height>28</height>
        <align>left</align>
        <aligny>center</aligny>
        <font>font12</font>
        <textcolor>white</textcolor>
        <shadowcolor>black</shadowcolor>
        <label>[COLOR=grey]$INFO[System.Date][/COLOR] | $INFO[System.Time]</label>
      </control>
    </control>
    <!-- END - THE CLOCK & WEATHER -->

  </controls>
</window>
